CPM_ID	Chinese_patent_medicine	Pinyin_term	Routes_of_administration
CPM00001	阿归养血胶囊	Egui Yangxue Jiaonang	Oral
CPM00002	阿归养血颗粒	Egui Yangxue Keli	Oral
CPM00003	阿归养血口服液	Egui Yangxue Koufuye	Oral
CPM00004	阿归养血糖浆	Egui Yangxue Tangjiang	Oral
CPM00005	阿胶补血膏	Ejiao Buxue Gao	Oral
CPM00006	阿胶补血颗粒	Ejiao Buxue Keli	Oral
CPM00007	阿胶补血口服液	Ejiao Buxue Koufuye	Oral
CPM00008	阿胶参芪酒	Ejiao Shenqi Jiu	Oral
CPM00009	阿胶当归合剂	A jiao Danggui Heji	Oral
CPM00010	阿胶当归胶囊	Ejiao Danggui Jiaonang	Oral
CPM00011	阿胶当归颗粒	Ejiao Danggui Keli	Oral
CPM00012	阿胶当归口服液	Ejiao Danggui Koufuye	Oral
CPM00013	阿胶胶囊	Ejiao Jiaonang	Oral
CPM00014	阿胶颗粒	Ejiao Keli	Oral
CPM00015	阿胶口服液	Ejiao Koufuye	Oral
CPM00016	阿胶牡蛎口服液	Ejiao Muli Koufuye	Oral
CPM00017	阿胶强骨口服液	Ejiao Qianggu Koufuye	Oral
CPM00018	阿胶三宝膏	Ejiao Sanbao Gao	Oral
CPM00019	阿胶三宝颗粒	Ejiao Sanbao Keli	Oral
CPM00020	阿胶生化膏	Ejiao Shenghua Gao	Oral
CPM00021	阿胶养血膏	Ejiao Yangxue Gao	Oral
CPM00022	阿胶养血颗粒	Ejiao Yangxue Keli	Oral
CPM00023	阿胶益寿合剂	Ejiao Yishou Heji	Oral
CPM00024	阿胶益寿晶	Ejiao Yishou Jing	Oral
CPM00025	阿胶益寿口服液	Ejiao Yishou Koufuye	Oral
CPM00026	阿胶远志膏	Ejiao Yuanzhi Gao	Oral
CPM00027	阿胶珍珠膏	Ejiao Zhenzhu Gao	Oral
CPM00028	阿拉坦五味丸	Alatan Wuwei Wan	Oral
CPM00029	阿里红咳喘口服液	Alihong Kechuan Koufuye	Oral
CPM00030	阿那日八味散	Anari Bawei San	Oral
CPM00031	阿那日十四味散	Ana ri Shisiwei San	Oral
CPM00032	阿那日五味散	Anari Wuwei San	Oral
CPM00033	阿娜尔妇洁液	Ana’er Fujie Ye	Topical
CPM00034	阿魏八味丸	Awei Bawei Wan	Oral
CPM00035	阿魏化痞膏	Awei Huapi Gao	Topical
CPM00036	阿珍养血口服液	Ezhen Yangxue Koufuye	Oral
CPM00037	艾迪注射液	Aidi Zhusheye	Injection
CPM00038	艾附暖宫丸	Aifu Nuangong Wan	Oral
CPM00039	艾叶油胶囊	Aiyeyou Jiaonang	Oral
CPM00040	艾叶油软胶囊	Aiyeyou Ruanjiaonang	Oral
CPM00041	艾愈胶囊	Aiyu Jiaonang	Oral
CPM00042	爱维心口服液	Aiweixin Koufuye	Oral
CPM00043	安喘片	Anchuan Pian	Oral
CPM00044	安多霖胶囊	Anduolin Jiaonang	Oral
CPM00045	安儿宁颗粒	An’erning Keli	Oral
CPM00046	安尔眠胶囊	An’ermian Jiaonang	Oral
CPM00047	安尔眠颗粒	An´ermian Keli	Oral
CPM00048	安尔眠糖浆	Anermian Tangjiang	Oral
CPM00049	安宫降压丸	Angong Jiangya Wan	Oral
CPM00050	安宫牛黄胶囊	Angong Niuhuang Jiaonang	Oral
CPM00051	安宫牛黄片	Angong Niuhuang Pian	Oral
CPM00052	安宫牛黄栓	Angong Niuhuang Shuan	Topical
CPM00053	安宫牛黄丸	Angong Niuhuang Wan	Oral
CPM00054	安宫止血膏	Angong Zhixue Gao	Oral
CPM00055	安宫止血颗粒	Angong Zhixue Keli	Oral
CPM00056	安宫止血丸	Angong Zhixue Wan	Oral
CPM00057	安康胶囊	Ankang Jiaonang	Oral
CPM00058	安康颗粒	Ankang Keli	Oral
CPM00059	安康片	Ankang Pian	Oral
CPM00060	安康欣胶囊	Ankangxin Jiaonang	Oral
CPM00061	安坤胶囊	Ankun Jiaonang	Oral
CPM00062	安坤颗粒	Ankun Keli	Oral
CPM00063	安坤片	Ankun Pian	Oral
CPM00064	安坤赞育丸	Ankun Zanyu Wan	Oral
CPM00065	安乐胶囊	Anle Jiaonang	Oral
CPM00066	安乐片	Anle Pian	Oral
CPM00067	安络化纤丸	Anluo Huaxian Wan	Oral
CPM00068	安络宁片	Anluoning Pian	Oral
CPM00069	安络痛酊	Anluotong Ding	Oral
CPM00070	安络痛胶囊	Anluotong Jiaonang	Oral
CPM00071	安络痛片	Anluotong Pian	Oral
CPM00072	安络痛药酒	Anluotong Yaojiu	Oral
CPM00073	安眠补脑颗粒	Anmian Bunao Keli	Oral
CPM00074	安眠补脑口服液	Anmian Bunao Koufuye	Oral
CPM00075	安眠补脑糖浆	Anmian Bunao Tangjiang	Oral
CPM00076	安脑牛黄胶囊	Annao Niuhuang Jiaonang	Oral
CPM00077	安脑牛黄片	Annao Niuhuang Pian	Oral
CPM00078	安脑片	Annao Pian	Oral
CPM00079	安脑丸	Annao Wan	Oral
CPM00080	安神宝颗粒	Anshenbao Keli	Oral
CPM00081	安神补脑分散片	Anshen Bunao Fensanpian	Oral
CPM00082	安神补脑胶囊	Anshen Bunao Jiaonang	Oral
CPM00083	安神补脑颗粒	Anshen Bunao Keli	Oral
CPM00084	安神补脑片	Anshenbunao Pian	Oral
CPM00085	安神补脑软胶囊	Anshen Bunao Ruanjiaonang	Oral
CPM00086	安神补脑液	Anhsen Bunao Ye	Oral
CPM00087	安神补气丸	Anshen Buqi Wan（Nongsuo Wan ）	Oral
CPM00088	安神补心胶囊	Anshen Buxin Jiaonang	Oral
CPM00089	安神补心六味丸	Anshen Buxin Liuwei Wan	Oral
CPM00090	安神补心片	Anshen Buxin Pian	Oral
CPM00091	安神补心丸	Anshen Buxin Wan	Oral
CPM00092	安神健脑液	Anshen Jiannao Ye	Oral
CPM00093	安神胶囊	Anshen Jiaonang	Oral
CPM00094	安神颗粒	Anshen Keli	Oral
CPM00095	安神宁	Anshen Ning	Oral
CPM00096	安神片	Anshen Pian	Oral
CPM00097	安神爽脑口服液	Anshen Shuangnao Koufuye	Oral
CPM00098	安神糖浆	Anshen Tangjiang	Oral
CPM00099	安神丸	Anshen Wan	Oral
CPM00100	安神温胆丸	Anshen Wendan Wan	Oral
CPM00101	安神养心丸	Anshen Yangxin wan	Oral
CPM00102	安神养血口服液	Anshen Yangxue Koufuye	Oral
CPM00103	安神益脑丸	Anshen Yinao Wan	Oral
CPM00104	安神镇惊二十味丸	Anshen Zhenjing Ershiwei Wan	Oral
CPM00105	安神足液	Anshen Zuye	Topical
CPM00106	安嗽化痰丸	Ansou Huatan Wan	Oral
CPM00107	安嗽片	Ansou Pian	Oral
CPM00108	安嗽糖浆	Ansou Tangjiang	Oral
CPM00109	安胎丸	Antai Wan	Oral
CPM00110	安胎益母丸	Antai Yimu Wan	Oral
CPM00111	安替可胶囊	Antike Jiaonang	Oral
CPM00112	安胃胶囊	Anwei Jiaonang	Oral
CPM00113	安胃颗粒	Anwei Keli	Oral
CPM00114	安胃片	Anwei Pian	Oral
CPM00115	安胃疡	Anwei Yang	Oral
CPM00116	安胃疡胶囊	Anweiyang Jiaonang	Oral
CPM00117	安胃止痛胶囊	Anwei Zhitong Jiaonang	Oral
CPM00118	安胃止痛片	Anwei Zhitong Pian	Oral
CPM00119	安胃止痛散	Anwei Zhitong San	Oral
CPM00120	安阳膏药	Anyang Gaoyao	Topical
CPM00121	安阳固本膏	Anyang Guben Gao	Topical
CPM00122	安阳精制膏	Anyang Jingzhi Gao	Topical
CPM00123	安中片	Anzhong Pian	Oral
CPM00124	桉绿油	Anlu You	Topical
CPM00125	氨杞康口服液	Anqikang Koufuye	Oral
CPM00126	按摩软膏	Anmo Ruangao	Topical
CPM00127	敖东壮肾丸	Aodong Zhuangshen Wan	Oral
CPM00128	澳泰乐胶囊	Aotaile Jiaonang	Oral
CPM00129	澳泰乐颗粒	Aotaile Keli	Oral
CPM00130	八宝拨云散	Babao Boyun San	Topical
CPM00131	八宝丹	Babao Dan	Oral
CPM00132	八宝丹胶囊	Babaodan Jiaonang	Oral
CPM00133	八宝惊风散	Babao Jingfeng San	Oral
CPM00134	八宝坤顺丸	Babao Kunshun Wan	Oral
CPM00135	八宝瑞生丸	Babao Ruisheng Wan	Oral
CPM00136	八宝五胆药墨	Babao Wudan Yaomo	Topical
CPM00137	八宝眼药	Babao Yanyao	Topical
CPM00138	八宝玉枢丸	Babao Yushu Wan	Oral
CPM00139	八宝镇惊丸	Babao Zhenjing Wan	Oral
CPM00140	八角茴香水	Bajiaohuixiang Shui	Oral
CPM00141	八厘散	Bali San	Oral
CPM00142	八味安宁散	Bawei Anning San	Oral
CPM00143	八味沉香胶囊	Bawei Chenxiang Jiaonang	Oral
CPM00144	八味沉香片	Bawei Chenxiang Pian	Oral
CPM00145	八味沉香散	Bawei Chenxiang San	Oral
CPM00146	八味沉香丸	Bawei Chenxiang Wan	Oral
CPM00147	八味地黄宁心口服液	Bawei Dihuang Ningxin Koufuye	Oral
CPM00148	八味和胃口服液	Bawei Hewei Koufuye	Oral
CPM00149	八味秦皮胶囊	Bawei Qinpi Jiaonang	Oral
CPM00150	八味秦皮丸	Bawei Qinpi Wan	Oral
CPM00151	八味清心沉香散	Bawei Qingxin Chenxiang San	Oral
CPM00152	八味肉桂胶囊	Bawei Rougui Jiaonang	Oral
CPM00153	八味三香散	Bawei Sanxiang San	Oral
CPM00154	八味肾气丸	Bawei Shenqi Wan	Oral
CPM00155	八味石灰华丸	Bawei Shihuihua Wan	Oral
CPM00156	八味檀香散	Bawei Tanxiang San	Oral
CPM00157	八味檀香丸	Bawei Tanxiang Wan	Oral
CPM00158	八味痛经胶囊	Bawei Tongjing Jiaonang	Oral
CPM00159	八味痛经颗粒	Bawei Tongjing Keli	Oral
CPM00160	八味痛经片	Bawei Tongjing Pian	Oral
CPM00161	八味西红花清肝热胶囊	Bawei Xihonghua Qingganre Jiaonang	Oral
CPM00162	八味西红花清肝热散	Bawei Xihonghua Qinganre San	Oral
CPM00163	八味西红花止血散	Bawei Xihonghua Zhixue San	Oral
CPM00164	八味锡类散	Bawei Xilei San	Topical
CPM00165	八味小檗皮胶囊	Bawei Xiaobopi Jiaonang	Oral
CPM00166	八味小檗皮散	Bawei Xiaobopi San	Oral
CPM00167	八味益肾丸	Bawei Yishen Wan	Oral
CPM00168	八味獐牙菜片	Bawei Zhangyacai Pian	Oral
CPM00169	八味獐牙菜丸	Bawei Zhangyacai Wan	Oral
CPM00170	八味主药散	Bawei Zhuyao San	Oral
CPM00171	八珍补汁	Bazhen Buzhi	Oral
CPM00172	八珍袋泡茶	Bazhen Daipaocha	Oral
CPM00173	八珍膏	Bazhen Gao	Oral
CPM00174	八珍颗粒	Bazhen Keli	Oral
CPM00175	八珍鹿胎膏	Bazhen Lutai Gao	Oral
CPM00176	八珍鹿胎颗粒	Bazhen Lutai Keli	Oral
CPM00177	八珍片	Bazhen Pian	Oral
CPM00178	八珍丸	Bazhen Wan（Nongsuowan）	Oral
CPM00179	八珍液	Bazhen Ye	Oral
CPM00180	八珍益母膏	Bazhen Yimu Gao	Oral
CPM00181	八珍益母胶囊	Bazhen Yimu Jiaonang	Oral
CPM00182	八珍益母颗粒	Bazhen Yimu Keli	Oral
CPM00183	八珍益母片	Bazhenyimu Pian	Oral
CPM00184	八珍益母丸	Bazhen Yimu Wan	Oral
CPM00185	八正合剂	Bazheng Heji	Oral
CPM00186	八正胶囊	Bazheng Jiaonang	Oral
CPM00187	八正颗粒	Bazheng Keli	Oral
CPM00188	八正片	Bazheng Pian	Oral
CPM00189	八子补肾胶囊	Bazi Bushen Jiaonang	Oral
CPM00190	巴戟补酒	Baji Bujiu	Oral
CPM00191	巴戟补肾丸	Baji Bushen Wan	Oral
CPM00192	巴戟胶囊	Baji Jiaonang	Oral
CPM00193	巴戟口服液	Baji Koufuye	Oral
CPM00194	巴戟振阳胶囊	Baji Zhenyang Jiaonang	Oral
CPM00195	巴桑母酥油颗粒	Basangmu Suyou Keli	Oral
CPM00196	巴桑母酥油丸	Basangmu Suyouwan	Oral
CPM00197	巴特日七味丸	Bateri Qiwei Wan	Oral
CPM00198	巴仙苁蓉强肾胶囊	Baxian Congrong Qiangshen Jiaonang	Oral
CPM00199	疤痕止痒软化膏	Bahen Zhiyang Ruanhua Gao	Topical
CPM00200	疤痕止痒软化乳膏	Bahen Zhiyang Ruanhua Rugao	Topical
CPM00201	拔毒膏	Badu Gao	Topical
CPM00202	拔毒生肌散	Badu Shengji San	Topical
CPM00203	白百抗痨颗粒	Baibai Kanglao Keli	Oral
CPM00204	白柏胶囊	Baibai Jiaonang	Oral
CPM00205	白避瘟散	Baibiwen San	Oral
CPM00206	白草香解郁安神胶囊	Baicaoxiang Jieyu'anshen Jiaonang	Oral
CPM00207	白带净胶囊	Baidaijing Jiaonang	Topical
CPM00208	白带净丸	Baidaijing Wan	Oral
CPM00209	白带片	Baidai Pian	Oral
CPM00210	白带丸	Baidai Wan	Oral
CPM00211	白癜风胶囊	Baidianfeng Jiaonang	Oral
CPM00212	白癜风丸	Baidianfeng Wan	Oral
CPM00213	白凤饮	Baifeng Yin	Oral
CPM00214	白虎合剂	Baihu Heji	Oral
CPM00215	白花蛇膏	Baihuashe Gao	Topical
CPM00216	白花蛇舌草注射液	Baihuasheshecao Zhusheye	Injection
CPM00217	白花油	Baihua You	Topical
CPM00218	白及胶囊	Baiji Jiaonang	Oral
CPM00219	白及颗粒	Baiji Keli	Oral
CPM00220	白及片	Baiji Pian	Topical
CPM00221	白及糖浆	Baiji Tangjiang	Oral
CPM00222	白酱感冒颗粒	Baijiang Ganmao Keli	Oral
CPM00223	白金丸	Baijin Wan	Oral
CPM00224	白敬宇眼药	Baijingyu Yanyao	Topical
CPM00225	白蔻调中丸	Baikou Tiaozhong Wan	Oral
CPM00226	白连止痢胶囊	Bailian Zhili Jiaonang	Oral
CPM00227	白灵片	Bailing Pian	Oral
CPM00228	白苓胶囊	Bailing Jiaonang	Oral
CPM00229	白龙跌打酒	Bailong Dieda Jiu	Topical
CPM00230	白脉软膏	Baimai Ruangao	Topical
CPM00231	白蒲黄胶囊	Baipuhuang Jiaonang	Oral
CPM00232	白蒲黄颗粒	Baipuhuang Keli	Oral
CPM00233	白蒲黄片	Baipuhuang Pian	Oral
CPM00234	白清胃散	Baiqingwei San	Topical
CPM00235	白绒止咳糖浆	Bairong Zhike Tangjiang	Oral
CPM00236	白沙糖浆	Baisha Tangjiang	Oral
CPM00237	白痧散	Baisha San	Oral
CPM00238	白石清热颗粒	Baishi Qingre Keli	Oral
CPM00239	白蚀丸	Baishi Wan	Oral
CPM00240	白树油	Baishu You	Topical
CPM00241	白头翁止痢片	Baitouweng Zhili Pian	Oral
CPM00242	白杏片	Baixing Pian	Oral
CPM00243	白药胶囊	Baiyao Jiaonang	Oral
CPM00244	白药散	Baiyao San	Oral
CPM00245	白蚁巢胶囊	Baiyichao Jiaonang	Oral
CPM00246	白益镇惊丸	Baiyi Zhenjing Wan	Oral
CPM00247	白芝颗粒	Baizhi Keli	Oral
CPM00248	白纸扇感冒颗粒	Baizhishan Ganmao Keli	Oral
CPM00249	百艾洗液	Baiai Xiye	Topical
CPM00250	百安洗液	Bai’an Xiye	Topical
CPM00251	百宝丹	Baibao Dan	Oral
CPM00252	百宝丹搽剂	Baibaodan Chaji	Topical
CPM00253	百宝丹胶囊	Baibaodan Jiaonang	Oral
CPM00254	百贝益肺胶囊	Baibei Yifei Jiaonang	Oral
CPM00255	百补酒	Baibu Jiu	Oral
CPM00256	百补增力丸	Baibu Zengli Wan	Oral
CPM00257	百部丸	Baibu Wan	Oral
CPM00258	百草妇炎清栓	Baicao Fuyanqing Shuan	Topical
CPM00259	百草油	Baicao You	Topical
CPM00260	百地滋阴丸	Baidi Ziyin Wan	Oral
CPM00261	百咳静颗粒	Baikejing Keli	Oral
CPM00262	百咳静糖浆	Baikejing Tangjiang（Ditang）	Oral
CPM00263	百咳宁颗粒	Baikening Keli	Oral
CPM00264	百咳宁片	Baikening Pian	Oral
CPM00265	百合更年安颗粒	Baihe Gengnian’an Keli	Oral
CPM00266	百合固金颗粒	Baihe Gujin Keli	Oral
CPM00267	百合固金口服液	Baihe Gujin Koufuye	Oral
CPM00268	百合固金片	Baihe Gujin Pian	Oral
CPM00269	百合固金丸	Baihe Gujin Wan（Nongsuowan）	Oral
CPM00270	百花定喘片	Baihua Dingchuan Pian	Oral
CPM00271	百花定喘丸	Baihua Dingchuan Wan	Oral
CPM00272	百花活血跌打膏	Baihua Huoxue Dieda Gao	Topical
CPM00273	百乐眠胶囊	Bailemian Jiaonang	Oral
CPM00274	百令胶囊	Bailing Jiaonang	Oral
CPM00275	百令颗粒	Bailing Keli	Oral
CPM00276	百梅止咳颗粒	Baimei Zhike Keli	Oral
CPM00277	百蕊含片	Bairui Hanpian	Oral
CPM00278	百蕊胶囊	Bairui Jiaonang	Oral
CPM00279	百蕊颗粒	Bairui Keli	Oral
CPM00280	百蕊片	Bairui Pian	Oral
CPM00281	百树油	Baishu You	Topical
CPM00282	百树真油	Baishuzhenyou	Topical
CPM00283	百效丸	Baixiao Wan	Oral
CPM00284	百癣夏塔热分散片	Baixuanxiatare Fensanpian	Oral
CPM00285	百癣夏塔热胶囊	Baixuan Xiatare Jiaonang	Oral
CPM00286	百癣夏塔热片	Baixuanxiatare Pian	Oral
CPM00287	柏艾胶囊	Baiai Jiaonang	Oral
CPM00288	柏花草胶囊	Bohuacao Jiaonang	Oral
CPM00289	柏洁洗剂	Baijie Xiji	Topical
CPM00290	柏子仁丸	Baiziren Wan	Oral
CPM00291	柏子养心胶囊	Baizi Yangxin Jiaonang	Oral
CPM00292	柏子养心片	Baizi Yangxin Pian	Oral
CPM00293	柏子养心丸	Baizi Yangxin Wan	Oral
CPM00294	柏子滋心丸	Baizi Zixin Wan	Oral
CPM00295	败毒散	Baidu San	Oral
CPM00296	败酱胶囊	Baijiang Jiaonang	Oral
CPM00297	败酱片	Baijiang Pian	Oral
CPM00298	斑龙固肾胶囊	Banlong Gushen Jiaonang	Oral
CPM00299	斑秃丸	Bantu Wan	Oral
CPM00300	板蓝大青片	Banlan Daqing Pian	Oral
CPM00301	板蓝根茶	Banlangen Cha	Oral
CPM00302	板蓝根滴丸	Banlangen Diwan	Oral
CPM00303	板蓝根滴眼液	Banlangen Diyanye	Topical
CPM00304	板蓝根分散片	Banlangen Fensanpian	Oral
CPM00305	板蓝根含片	Banlangen Hanpian	Oral
CPM00306	板蓝根胶囊	Banlangen Jiaonang	Oral
CPM00307	板蓝根咀嚼片	Banlangen Jujuepian	Oral
CPM00308	板蓝根颗粒	Banlangen Keli	Oral
CPM00309	板蓝根口服液	Banlangen Koufuye	Oral
CPM00310	板蓝根泡腾片	Banlangen Paotengpian	Oral
CPM00311	板蓝根片	Banlangen Pian	Oral
CPM00312	板蓝根糖浆	Banlangen Tangjiang	Oral
CPM00313	板蓝根注射液	Banlangen Zhusheye	Injection
CPM00314	板蓝解毒注射液	Banlan Jiedu Zhusheye	Injection
CPM00315	板蓝清热颗粒	Banlan Qingre Keli	Oral
CPM00316	半贝丸	Banbei Wan	Oral
CPM00317	半硫丸	Banliu Wan	Oral
CPM00318	半夏和胃颗粒	Banxia Hewei Keli	Oral
CPM00319	半夏露颗粒	Banxialu keli	Oral
CPM00320	半夏曲	Banxia Qu	Oral
CPM00321	半夏糖浆	Banxia Tangjiang	Oral
CPM00322	半夏天麻丸	Banxia Tianma Wan	Oral
CPM00323	半夏止咳糖浆	Banxia Zhike Tangjiang	Oral
CPM00324	半枝莲胶囊	Banzhilian Jiaonang	Oral
CPM00325	半枝莲片	Banzhilian Pian	Oral
CPM00326	薄荷喉片	Bohehou Pian	Oral
CPM00327	薄荷六一散	Bohe Liuyi San	Oral
CPM00328	薄荷油	Bohe You	Topical
CPM00329	薄荷止痒酊	Bohe Zhiyang Ding	Topical
CPM00330	薄芝菌注射液	Bozhijun Zhusheye	Injection
CPM00331	薄芝片	Bozhi Pian	Oral
CPM00332	宝宝乐	Baobaole	Oral
CPM00333	宝宝牛黄散	Baobao Niuhuang San	Oral
CPM00334	宝儿康散	Bao´erkang San	Oral
CPM00335	宝儿康糖浆	Bao Er Kang Tang Jiang	Oral
CPM00336	宝咳宁颗粒	Baokening Keli	Oral
CPM00337	宝珍橡胶膏	Baozhen Xiangjiao Gao	Topical
CPM00338	保安万灵丹	Bao'an Wanling Dan	Oral
CPM00339	保安万灵丸	Baoan Wanling Wan	Oral
CPM00340	保赤散	Baochi San	Oral
CPM00341	保赤一粒金散	Baochiyilijn San	Oral
CPM00342	保赤一粒金丸	Baochi Yilijin Wan	Oral
CPM00343	保儿安颗粒	Baoeran Keli	Oral
CPM00344	保儿宁颗粒	Baoerning Keli	Oral
CPM00345	保儿宁糖浆	Bao’erning Tangjiang	Oral
CPM00346	保妇康凝胶	Baofukang Ningjiao	Topical
CPM00347	保妇康泡沫剂	Baofukang Paomoji	Topical
CPM00348	保妇康栓	Baofukang Shuan	Topical
CPM00349	保妇康阴道泡腾片	Baofukang Yindao Paotengpian	Topical
CPM00350	保和咀嚼片	Baohe Jujuepian	Oral
CPM00351	保和颗粒	Baohe Keli	Oral
CPM00352	保和口服液	Baohe Koufuye	Oral
CPM00353	保和片	Baohe Pian	Oral
CPM00354	保和丸	Baohe Wan	Oral
CPM00355	保和液	Baohe Ye	Oral
CPM00356	保喉片	Baohou Pian	Oral
CPM00357	保济口服液	Baoji Koufuye	Oral
CPM00358	保济丸	Baoji Wan	Oral
CPM00359	保济油	Baoji You	Topical
CPM00360	保利尔胶囊	Baolier Jiaonang	Oral
CPM00361	保宁半夏颗粒	Baoning Banxia Keli	Oral
CPM00362	保宁半夏曲	Baoning Banxia Qu	Oral
CPM00363	保胎灵	Batailing	Oral
CPM00364	保胎灵胶囊	Baotailing Jiaonang	Oral
CPM00365	保胎灵片	Baotailing Pian	Oral
CPM00366	保胎丸	Baotai Wan	Oral
CPM00367	保胎无忧胶囊	Baotai Wuyou Jiaonang	Oral
CPM00368	保胎无忧片	Baotai Wuyou Pian	Oral
CPM00369	保胎无忧散	Baotai Wuyou San	Oral
CPM00370	保胃胶囊	Baowei Jiaonang	Oral
CPM00371	保心包	Baoxin Bao	Topical
CPM00372	保心胶囊	Baoxin Jiaonang	Oral
CPM00373	保心宁胶囊	Baoxinning Jiaonang	Oral
CPM00374	保心宁片	Baoxinning Pian	Oral
CPM00375	保心片	Baoxin Pian	Oral
CPM00376	保婴夺命散	Baoying Duoming San	Oral
CPM00377	保婴散	Baoying San	Oral
CPM00378	保婴镇惊丸	Baoying Zhenjing Wan	Oral
CPM00379	保幼化风丹	Baoyou Huafeng Dan	Oral
CPM00380	保真膏	Baozhen Gao	Topical
CPM00381	葆宫止血颗粒	Baogong Zhixue Keli	Oral
CPM00382	抱龙丸	Baolong Wan	Oral
CPM00383	豹骨活络丸	Baogu Huoluo Wan	Oral
CPM00384	豹骨酒	Baogu Jiu	Oral
CPM00385	豹骨木瓜酒	Baogu Mugua Jiu	Oral
CPM00386	豹骨追风膏	Baogu Zhuifeng Gao	Topical
CPM00387	北豆根滴丸	Beidougen Diwan	Oral
CPM00388	北豆根分散片	Beidougen Fensanpian	Oral
CPM00389	北豆根胶囊	Beidougen Jiaonang	Oral
CPM00390	北豆根咀嚼片	Beidougen Jujuepian	Oral
CPM00391	北豆根片	Beidougen Pian	Oral
CPM00392	北豆根软胶囊	Beidougen Ruanjiaonang	Oral
CPM00393	北芪口服液	Beiqi Koufuye	Oral
CPM00394	北芪片	Beiqi Pian	Oral
CPM00395	北芪五加片	Beiqi Wujia Pian	Oral
CPM00396	贝参平喘胶囊	Beishen Pingchuan Jiaonang	Oral
CPM00397	贝桔止咳糖浆	Beijie Zhike Tangjiang	Oral
CPM00398	贝沥止咳口服液	Beili Zhike Koufuye	Oral
CPM00399	贝羚胶囊	Beiling Jiaonang	Oral
CPM00400	贝羚散	Beiling San	Oral
CPM00401	贝母二冬膏	Beimu Erdong Gao	Oral
CPM00402	贝母花流浸膏	Beimuhua Liujingao	Oral
CPM00403	贝母花片	Beimuhua Pian	Oral
CPM00404	贝母梨膏	Beimu Ligao	Oral
CPM00405	倍芪腹泻贴	Beiqi Fuxie Tie	Topical
CPM00406	鼻窦炎口服液	Bidouyan Koufuye	Oral
CPM00407	鼻康胶囊	Bikang Jiaonang	Oral
CPM00408	鼻康片	Bikang Pian	Oral
CPM00409	鼻宁喷雾剂	Bining Penwuji	Topical
CPM00410	鼻塞通滴鼻液	Bisaitong Dibiye	Topical
CPM00411	鼻舒适片	Bishushi Pian	Oral
CPM00412	鼻通滴鼻剂	Bitong Dibiji	Topical
CPM00413	鼻通宁滴剂	Bitongning Diji	Topical
CPM00414	鼻通丸	Bitong Wan	Oral
CPM00415	鼻血止颗粒	Bixuezhi Keli	Oral
CPM00416	鼻炎滴剂	Biyan Diji	Topical
CPM00417	鼻炎康片	Biyankang Pian	Oral
CPM00418	鼻炎灵片	Biyanling Pian	Oral
CPM00419	鼻炎灵丸	Biyanling Wan	Oral
CPM00420	鼻炎宁冲剂	Biyanning Chongji	Oral
CPM00421	鼻炎宁胶囊	Biyanning Jiaonang	Oral
CPM00422	鼻炎片	Biyan Pian	Oral
CPM00423	鼻炎糖浆	Biyan Tangjiang	Oral
CPM00424	鼻咽灵片	Biyanling Pian	Oral
CPM00425	鼻咽清毒剂	Biyan Qingdu Ji	Oral
CPM00426	鼻咽清毒颗粒	Biyan Qingdu Keli	Oral
CPM00427	鼻渊胶囊	Biyuan Jiaonang	Oral
CPM00428	鼻渊片	Biyuan Pian	Oral
CPM00429	鼻渊软胶囊	Biyuan Ruanjiaonang	Oral
CPM00430	鼻渊舒胶囊	Biyuanshu Jiaonang	Oral
CPM00431	鼻渊舒口服液	Biyuanshu Koufuye	Oral
CPM00432	鼻渊糖浆	Biyuan Tangjiang	Oral
CPM00433	鼻渊通窍颗粒	Biyuantongqiao Keli	Oral
CPM00434	鼻渊丸	Biyuan Wan	Oral
CPM00435	比拜克胶囊	Bibaike Jiaonang	Oral
CPM00436	荜铃胃痛颗粒	Biling Weitong Keli	Oral
CPM00437	萆薢分清丸	Bixie Fenqing Wan	Oral
CPM00438	痹克颗粒	Bike Keli	Oral
CPM00439	痹克片	Bike Pian	Oral
CPM00440	痹祺胶囊	Biqi Jiaonang	Oral
CPM00441	痹通药酒	Bitong Yaojiu	Oral
CPM00442	痹痛酊	Bitong Ding	Oral
CPM00443	痹痛宁胶囊	Bitongning Jiaonang	Oral
CPM00444	痹痛熨剂	Bitong Yunji	Topical
CPM00445	痹欣片	Bixin Pian	Oral
CPM00446	碧玉散	Biyu San	Oral
CPM00447	碧云砂乙肝颗粒	Biyunsha Yigan Keli	Oral
CPM00448	避瘟胶囊	Biwen Jiaonang	Oral
CPM00449	避瘟散	Biwen San	Oral
CPM00450	扁蕾颗粒	Bianlei Keli	Oral
CPM00451	便秘通	Bianmitong	Oral
CPM00452	便秘通软膏	Bianmitong Ruangao	Topical
CPM00453	便乃通茶	Biannaitong Cha	Oral
CPM00454	便通胶囊	Biantong Jiaonang	Oral
CPM00455	便通片	Biantong Pian	Oral
CPM00456	表热清胶囊	Biaoreqing Jiaonang	Oral
CPM00457	表热清颗粒	Biaoreqing Keli	Oral
CPM00458	表实感冒颗粒	Biaoshi Ganmao Keli	Oral
CPM00459	表虚感冒胶囊	Biaoxu Ganmao Jiaonang	Oral
CPM00460	表虚感冒颗粒	Biaoxu Ganmao Keli	Oral
CPM00461	鳖甲煎丸	Biejia Jianwan	Oral
CPM00462	鳖甲胶	Biejia Jiao	Oral
CPM00463	鳖甲消痔胶囊	Biejia Xiaozhi Jiaonang	Oral
CPM00464	槟榔花口服液	Binglanghua Koufuye	Oral
CPM00465	槟榔七味丸	Binglang Qiwei Wan	Oral
CPM00466	槟榔十三味丸	Binglang Shisanwei Wan	Oral
CPM00467	槟榔四消片	Binglang Sixiao Pian	Oral
CPM00468	槟榔四消丸	Binlang Sixiao Wan	Oral
CPM00469	冰胆搽剂	Bingdan Chaji	Topical
CPM00470	冰矾清毒生肌散	Bingfan Qingdu Shengji San	Topical
CPM00471	冰黄肤乐软膏	Binghaung Fule Ruangao	Topical
CPM00472	冰黄软膏	Binghuang Ruangao	Topical
CPM00473	冰连滴耳剂	Binglian Dierji	Topical
CPM00474	冰连清咽喷雾剂	Binglianqingyan Penwuji	Topical
CPM00475	冰梅上清丸	Bingmei Shangqing Wan	Oral
CPM00476	冰硼含片	Bingpeng Hanpian	Oral
CPM00477	冰硼散	Bingpeng San	Topical
CPM00478	冰硼咽喉散	Bingpeng Yanhou San	Topical
CPM00479	冰七胶囊	Bingqi Jiaonang	Oral
CPM00480	冰七片	Bingqi Pian	Oral
CPM00481	冰霜痱子粉	Bingshuang Feizifen	Topical
CPM00482	冰霜梅苏丸	Bingshuang Meisu Wan	Oral
CPM00483	冰珍清目滴眼液	Bingzhen Qingmu Diyanye	Topical
CPM00484	冰珍去翳滴眼液	Bingzhen Quyi Diyanye	Topical
CPM00485	冰栀伤痛气雾剂	Bingzhi Shangtong Qiwuji	Topical
CPM00486	拨云锭	Boyun Ding	Topical
CPM00487	拨云复光散	Boyun Fuguang San	Topical
CPM00488	拨云散眼药	Boyunsan Yanyao	Topical
CPM00489	拨云退翳丸	Boyun Tuiyi Wan	Oral
CPM00490	拨云眼膏	Boyun Yangao	Topical
CPM00491	菠白散	Bobai San	Oral
CPM00492	驳骨风湿酒	Bogu Fengshi Jiu	Topical
CPM00493	驳骨水	Bogu Shui	Topical
CPM00494	博尔宁胶囊	Boerning Jiaonang	Oral
CPM00495	博落回肿痒酊	Boluohui Zhongyang Ding	Topical
CPM00496	博性康药膜	Boxingkang Yaomo	Topical
CPM00497	补白颗粒	Bubai Keli	Oral
CPM00498	补肺活血胶囊	Bufei Huoxue Jiaonang	Oral
CPM00499	补肺丸	Bufei Wan	Oral
CPM00500	补肝丸	Bugan Wan	Oral
CPM00501	补骨脂注射液	Buguzhi Zhusheye	Injection
CPM00502	补金胶囊	Bujin Jiaonang	Oral
CPM00503	补金片	Bujin Pian	Oral
CPM00504	补脑安神胶囊	Bunao Anshen Jiaonang	Oral
CPM00505	补脑安神片	Bunao Anshen Pian	Oral
CPM00506	补脑丸	Bunao Wan	Oral
CPM00507	补脾安神合剂	Bupi Anshen Heji	Oral
CPM00508	补脾消积口服液	Bupi Xiaoji Koufuye	Oral
CPM00509	补脾消食片	Bupi Xiaoshi Pian	Oral
CPM00510	补脾益肠丸	Bupiyichang Wan	Oral
CPM00511	补脾益肾口服液	Bupi Yishen Koufuye	Oral
CPM00512	补气和血胶囊	Buqi Hexue Jiaonang	Oral
CPM00513	补气口服液	Buqi Koufuye	Oral
CPM00514	补气升提片	Buqi Shengti Pian	Oral
CPM00515	补肾安神口服液	Bushen Anshen Koufuye	Oral
CPM00516	补肾斑龙胶囊	Bushen Banlong Jiaonang	Oral
CPM00517	补肾斑龙片	Bushenbanlong Pian	Oral
CPM00518	补肾防喘片	Bushen Fangchuan Pian	Oral
CPM00519	补肾固齿丸	Bushen Guchi Wan	Oral
CPM00520	补肾健脾口服液	Bushen Jianpi Koufuye	Oral
CPM00521	补肾健胃二十一味丸	Bushen Jianwei Ershiyiwei Wan	Oral
CPM00522	补肾康乐胶囊	Bushen Kangle Jiaonang	Oral
CPM00523	补肾口服液	Bushen Koufuye	Oral
CPM00524	补肾宁片	Bushenning Pian	Oral
CPM00525	补肾强身胶囊	Bushen Qiangshen Jiaonang	Oral
CPM00526	补肾强身片	Bushen Qiangshen Pian	Oral
CPM00527	补肾生发药酒	Bushen Shengfa Yaojiu	Oral
CPM00528	补肾十七味膏	Bushen Shiqiwei Gao	Oral
CPM00529	补肾填精胶囊	Bushentianjing Jiaonang	Oral
CPM00530	补肾填精口服液	Bushen Tianjing Koufuye	Oral
CPM00531	补肾填精丸	Bushen Tianjing Wan	Oral
CPM00532	补肾通淋颗粒	Bushen Tonglin Keli	Oral
CPM00533	补肾丸	Bushen Wan	Oral
CPM00534	补肾温阳酒	Bushen Wenyang Jiu	Oral
CPM00535	补肾养血胶囊	Bushen Yangxue Jiaonang	Oral
CPM00536	补肾养血丸	Bushen Yangxue Wan	Oral
CPM00537	补肾益肝颗粒	Bushen Yigan Keli	Oral
CPM00538	补肾益精丸	Bushen Yijing Wan	Oral
CPM00539	补肾益脑胶囊	Bushen Yinao Jiaonang	Oral
CPM00540	补肾益脑片	Bushen Yinao Pian	Oral
CPM00541	补肾益脑丸	Bushen Yinao Wan	Oral
CPM00542	补肾益气胶囊	Bushen Yiqi Jiaonang	Oral
CPM00543	补肾益寿胶囊	Bushen Yishou Jiaonang	Oral
CPM00544	补肾益寿片	Bushen Yishou Pian	Oral
CPM00545	补肾助阳丸	Bushen Zhuyang Wan	Oral
CPM00546	补肾壮骨口服液	Bushen Zhuanggu Koufuye	Oral
CPM00547	补天灵片	Butianling Pian	Oral
CPM00548	补心片	Buxin Pian	Oral
CPM00549	补心气口服液	Buxinqi Koufuye	Oral
CPM00550	补心丸	Buxin Wan	Oral
CPM00551	补虚通瘀颗粒	Buxu Tongyu Keli	Oral
CPM00552	补血安神胶囊	Buxue Anshen Jiaonang	Oral
CPM00553	补血催生丸	Buxue Cuisheng Wan	Oral
CPM00554	补血当归胶囊	Buxue Danggui Jiaonang	Oral
CPM00555	补血当归精	Buxue Danggui Jing	Oral
CPM00556	补血调经片	Buxue Tiaojing Pian	Oral
CPM00557	补血宁神片	Buxue Ningshen Pian	Oral
CPM00558	补血润泽胶囊	Buxue Runze Jiaonang	Oral
CPM00559	补血生乳颗粒	Buxue Shengru Keli	Oral
CPM00560	补血益母颗粒	Buxue Yimu Keli	Oral
CPM00561	补血益母糖浆	Buxue Yimu Tangjiang	Oral
CPM00562	补血益母丸	Buxue Yimu Wan	Oral
CPM00563	补益地黄丸	Buyi Dihuang Wan	Oral
CPM00564	补益活络丸	Buyi Huoluo Wan	Oral
CPM00565	补益蒺藜丸	Buyi Jili Wan	Oral
CPM00566	补益杞圆酒	Buyi Qiyuan Jiu	Oral
CPM00567	补益强心片	Buyi Qiangxin Pian	Oral
CPM00568	补益资生丸	Buyi Zisheng Wan	Oral
CPM00569	补中益气膏	Buzhong Yiqi Gao	Oral
CPM00570	补中益气合剂	Buzhong Yiqi Heji	Oral
CPM00571	补中益气颗粒	Buzhongyiqi Keli	Oral
CPM00572	补中益气口服液	Buzhong Yiqi Koufuye	Oral
CPM00573	补中益气片	Buzhong Yiqi Pian	Oral
CPM00574	补中益气丸	Buzhong Yiqi Wan（Shuiwan）	Oral
CPM00575	不换金正气散	Buhuanjin Zhengqi San	Oral
CPM00576	擦癣药水	Caxuan Yaoshui	Topical
CPM00577	采力合剂	Caili Heji	Oral
CPM00578	采云曲	Caiyunqu	Oral
CPM00579	参白化痔胶囊	Shenbaihuazhi Jiaonang	Oral
CPM00580	参白健脾丸	Shenbai Jianpi Wan	Oral
CPM00581	参百宁神口服液	Shenbai Ningshen Koufuye	Oral
CPM00582	参柏舒心胶囊	Shenbai Shuxin Jiaonang	Oral
CPM00583	参柏舒阴洗液	Shenbo Shuyin Xiye	Topical
CPM00584	参柏洗液	Shenbai Xiye	Topical
CPM00585	参贝北瓜膏	Shenbei Beigua Gao	Oral
CPM00586	参贝北瓜颗粒	Shenbei Beigua Keli	Oral
CPM00587	参贝陈皮	Shenbei Chenpi	Oral
CPM00588	参贝咳喘丸	Shenbei Kechuan Wan	Oral
CPM00589	参贝止咳颗粒	Shenbei Zhike Keli	Oral
CPM00590	参倍固肠胶囊	Shenbei Guchang Jiaonang	Oral
CPM00591	参鞭补肾合剂	Shenbian Bushen Heji	Oral
CPM00592	参柴肝康片	Shenchai Gankang Pian	Oral
CPM00593	参柴肝康软胶囊	Shenchai Gankang Ruanjiaonang	Oral
CPM00594	参柴胶囊	Shenchai Jiaonang	Oral
CPM00595	参柴颗粒	Shenchai Keli	Oral
CPM00596	参蟾消解胶囊	Shenchan Xiaojie Jiaonang	Oral
CPM00597	参丹活血胶囊	Shendan Huoxue Jiaonang	Oral
CPM00598	参丹散结胶囊	Shendan Sanjie Jiaonang	Oral
CPM00599	参地益肾口服液	Shendi Yishen Koufuye	Oral
CPM00600	参地益阴胶囊	Shendi Yiyin Jiaonang	Oral
CPM00601	参蛾温肾口服液	Shen’e Wenshen Koufuye	Oral
CPM00602	参蛾助阳合剂	Shene Zhuyang Heji	Oral
CPM00603	参茯胶囊	Shenfu Jiaonang	Oral
CPM00604	参茯益气安神合剂	Shenfu Yiqi Anshen Heji	Oral
CPM00605	参附强心丸	Shenfu Qiangxin Wan	Oral
CPM00606	参附注射液	Shenfu Zhusheye	Injection
CPM00607	参归养血口服液	Shengui Yangxue Koufuye	Oral
CPM00608	参归养血片	Shengui Yangxue Pian	Oral
CPM00609	参龟补肾口服液	Shengui Bushen Koufuye	Oral
CPM00610	参龟固本酒	Shengui Guben Jiu	Oral
CPM00611	参桂补气养血口服液	Shengui Buqi Yangxue Koufuye	Oral
CPM00612	参桂调经丸	Shengui Tiaojing Wan	Oral
CPM00613	参桂胶囊	Shengui Jiaonang	Oral
CPM00614	参桂理中丸	Shengui Lizhong Wan	Oral
CPM00615	参桂鹿茸丸	Shengui Lurong Wan	Oral
CPM00616	参桂养荣丸	Shengui Yangrong Wan	Oral
CPM00617	参桂再造丸	Shengui Zaizao Wan	Oral
CPM00618	参蛤胶囊	Shenge Jiaonang	Oral
CPM00619	参蛤平喘胶囊	Shenge Pingchuan Jiaonang	Oral
CPM00620	参红祛瘀散结胶囊	Shenhong Quyu Sanje Jiaonang	Oral
CPM00621	参花消渴茶	Shenhua Xiaoke Cha	Oral
CPM00622	参皇软膏	Shenhuang Ruangao	Topical
CPM00623	参黄消渴胶囊	Shenhuang Xiaoke Jiaonang	Oral
CPM00624	参藿温肾胶囊	Shenhuo Wenshen Jiaonang	Oral
CPM00625	参棘软膏	Shenji Ruangao	Topical
CPM00626	参胶胶囊	Shenjiao Jiaonang	Oral
CPM00627	参精补肾胶囊	Shenjing Bushen Jiaonang	Oral
CPM00628	参精止渴丸	Shenjing Zhike Wan	Oral
CPM00629	参景养阴胶囊	Shenjing Yangyin Jiaonang	Oral
CPM00630	参坤养血颗粒	Shenkun Yangxue Keli	Oral
CPM00631	参坤养血口服液	Shenkun Yangxue Koufuye	Oral
CPM00632	参莲胶囊	Shenlian Jiaonang	Oral
CPM00633	参莲颗粒	Shenlian Keli	Oral
CPM00634	参灵肝康胶囊	Shenling Gankang Jiaonang	Oral
CPM00635	参苓白术胶囊	Shenling Baizhu Jiaonang	Oral
CPM00636	参苓白术颗粒	Shenling Baizhu Keli	Oral
CPM00637	参苓白术片	Shenling Baizhu Pian	Oral
CPM00638	参苓白术散	Shenling Baizhu San	Oral
CPM00639	参苓白术丸	Shenling Baizhu Wan	Oral
CPM00640	参苓归元膏	Shenling Guiyuan Gao	Oral
CPM00641	参苓蛤蚧合剂	Shenling Gejie Heji	Oral
CPM00642	参苓健儿膏	Shenling Jian’er Gao	Oral
CPM00643	参苓健脾丸	Shenling Jianpi Wan	Oral
CPM00644	参苓健体粉	Shenling Jianti Fen	Oral
CPM00645	参苓健胃口服液	Shenling Jianwei Koufuye	Oral
CPM00646	参苓精口服液	Shenlingjing Koufuye	Oral
CPM00647	参苓口服液	Shenling Koufuye	Oral
CPM00648	参苓益肾酒	Shenling Yishen Jiu	Oral
CPM00649	参龙补肾胶囊	Shenlong Bushen Jiaonang	Oral
CPM00650	参龙虫草益肾胶囊	Shenlong Chongcao Yishen Jiaonang	Oral
CPM00651	参龙养血膏	Shenlong Yangxue Gao	Oral
CPM00652	参鹿补膏	Shenlu Bugao	Oral
CPM00653	参鹿补片	Shenlu Bupian	Oral
CPM00654	参鹿茶	Shenlu Cha	Oral
CPM00655	参鹿扶正合剂	Shenlu Fuzheng Heji	Oral
CPM00656	参鹿膏	Shenlu Gao	Oral
CPM00657	参鹿健肾口服液	Shenlu Jianshen Koufuye	Oral
CPM00658	参鹿强身丸	Shenlu Qiangshen Wan	Oral
CPM00659	参麦地黄丸	Shenmai Dihuang Wan	Oral
CPM00660	参麦颗粒	Shenmai Keli	Oral
CPM00661	参麦止嗽糖浆	Shenmai Zhisou Tangjiang	Oral
CPM00662	参麦注射液	Shenmai Zhusheye	Injection
CPM00663	参梅健胃胶囊	Shenmei Jianwei Jiaonang	Oral
CPM00664	参梅养胃冲剂	Shenmei Yangwei Chongji	Oral
CPM00665	参南星口服液	Shennanxing Koufuye	Oral
CPM00666	参牛胶囊	Shenniu Jiaonang	Oral
CPM00667	参七脑康胶囊	Shenqi Naokang Jiaonang	Oral
CPM00668	参七乳泰片	Shenqirutai Pian	Oral
CPM00669	参七散结丸	Shenqi Sanjie Wan	Oral
CPM00670	参七心疏胶囊	Shenqi Xinshu Jiaonang	Oral
CPM00671	参七心疏片	Shenqi Xinshu Pian	Oral
CPM00672	参芪阿胶胶囊	Shenqi Ejiao Jiaonang	Oral
CPM00673	参芪阿胶颗粒	Shenqi Ejiao Keli	Oral
CPM00674	参芪博力康片	Shenqi Bolikang Pian	Oral
CPM00675	参芪二仙片	Shenqi Erxian Pian	Oral
CPM00676	参芪扶正注射液	Shenqi Fuzheng Zhusheye	Injection
CPM00677	参芪复脉颗粒	Shenqi Fumai Keli	Oral
CPM00678	参芪肝康胶囊	Shenqi Gankang Jiaonang	Oral
CPM00679	参芪肝康片	Shenqi Gankang Pian	Oral
CPM00680	参芪膏	Shenqi Gao	Oral
CPM00681	参芪蛤蚧补浆	Shenqi Gejie Bujiang	Oral
CPM00682	参芪花粉片	Shenqi Huafen Pian	Oral
CPM00683	参芪健胃颗粒	Shenqi Jianwei Keli	Oral
CPM00684	参芪降糖胶囊	Shenqi Jiangtang Jiaonang	Oral
CPM00685	参芪降糖颗粒	Shengi Jiangtang Keli	Oral
CPM00686	参芪降糖片	Shenqi Jiangtang Pian	Oral
CPM00687	参芪咀嚼片	Shenqi Jujue Pian	Oral
CPM00688	参芪颗粒	Shenqi Keli	Oral
CPM00689	参芪口服液	Shenqi Koufuye	Oral
CPM00690	参芪力得康片	Shenqi Lidekang Pian	Oral
CPM00691	参芪鹿茸口服液	Shenqi Lurong Koufuye	Oral
CPM00692	参芪片	Shenqi Pian	Oral
CPM00693	参芪沙棘合剂	Shenqi Shaji Heji	Oral
CPM00694	参芪山药膏	Shenqi Shanyao Gao	Topical
CPM00695	参芪十一味颗粒	Shenqi Shiyiwei Keli	Oral
CPM00696	参芪首乌补汁	Shenqi Shouwu Buzhi	Oral
CPM00697	参芪糖浆	Shenqi Tangjiang	Oral
CPM00698	参芪丸	Shenqi Wan	Oral
CPM00699	参芪王浆养血口服液	Shenqi Wangjiang Yangxue Koufuye	Oral
CPM00700	参芪温阳栓	Shenqi Wenyang Shuan	Topical
CPM00701	参芪温阳阴道膨胀栓	Shenqi Wenyang Yindao Pengzhang Shuan	Topical
CPM00702	参芪乌鸡养血膏	Shenqi Wuji Yangxue Gao	Oral
CPM00703	参芪五味子胶囊	Shenqi Wuweizi Jiaonang	Oral
CPM00704	参芪五味子颗粒	Shenqi Wuweizi Keli	Oral
CPM00705	参芪五味子片	Shenqi Wuweizi Pian	Oral
CPM00706	参芪五味子糖浆	Shenqi Wuweizi Tangjiang	Oral
CPM00707	参芪消渴胶囊	Shenqixiaoke Jiaonang	Oral
CPM00708	参芪益肺丸	Shenqi Yifei Wan	Oral
CPM00709	参芪益母颗粒	Shenqi Yimu Keli	Oral
CPM00710	参芪益气酒	Shenqi Yiqi Jiu	Oral
CPM00711	参芪云芝颗粒	Shenqi Yunzhi Keli	Oral
CPM00712	参杞杜仲丸	Shenqi Duzhong Wan	Oral
CPM00713	参杞酒	Shenqi Jiu	Oral
CPM00714	参杞颗粒	Shenqi Keli	Oral
CPM00715	参杞片	Shenqi Pian	Oral
CPM00716	参杞全鹿丸	Shenqi Quanlu Wan	Oral
CPM00717	参杞糖浆	Shenqi Tangjiang	Oral
CPM00718	参杞益脑胶囊	Shenqi Yinao Jiaonang	Oral
CPM00719	参茜固经颗粒	Shenqian Gujing Keli	Oral
CPM00720	参茸阿胶	Shenrong Ejiao	Oral
CPM00721	参茸安神片	Shenrong Anshen Pian	Oral
CPM00722	参茸安神丸	Shenrong Anshen Wan	Oral
CPM00723	参茸白凤丸	Shenrong Baifeng Wan	Oral
CPM00724	参茸保胎丸	Shenrong Baotai Wan	Oral
CPM00725	参茸鞭丸	Shenrongbian Wan	Oral
CPM00726	参茸补酒	Shenrong Bujiu	Oral
CPM00727	参茸补肾片	Shenrong Bushen Pian	Oral
CPM00728	参茸补血酒	Shenrong Buxue Jiu	Oral
CPM00729	参茸虫草胶囊	Shenrong Chongcao Jiaonang	Oral
CPM00730	参茸大补膏	Shenrong Dabu Gao	Oral
CPM00731	参茸多鞭酒	Shenrong Duobian Jiu	Oral
CPM00732	参茸蛾补肾助阳胶囊	Shenrong´e Bushen Zhuyang Jiaonang	Oral
CPM00733	参茸蜂王浆胶囊	Shenrong Fengwangjiang Jiaonang	Oral
CPM00734	参茸复春片	Shenrong Fuchun Pian	Oral
CPM00735	参茸固本还少丸	Shenrong Guben Huanshao Wan	Oral
CPM00736	参茸固本片	Shenrong Guben Pian	Oral
CPM00737	参茸蛤蚧保肾丸	Shenrong Gejie Baoshen Wan	Oral
CPM00738	参茸黑锡丸	Shenrong Heixi Wan	Oral
CPM00739	参茸加口服液	Shenrongjia Koufuye	Oral
CPM00740	参茸酒	Shenrong Jiu	Oral
CPM00741	参茸颗粒	Shenrong Keli	Oral
CPM00742	参茸口服液	Shenrong Koufuye	Oral
CPM00743	参茸灵芝胶囊	Shenrong Lingzhi Jiaonang	Oral
CPM00744	参茸鹿胎膏	Shenrong Lutai Gao	Oral
CPM00745	参茸鹿胎丸	Shenrong Lutai Wan	Oral
CPM00746	参茸木瓜药酒	Shenrong Mugua Yaojiu	Oral
CPM00747	参茸片	Shenrong Pian	Oral
CPM00748	参茸强肾片	Shenrong Qiangshen Pian	Oral
CPM00749	参茸全虫酒	Shenrong Quanchong Jiu	Oral
CPM00750	参茸三鞭丸	Shenrong Sanbian Wan	Oral
CPM00751	参茸三七补血片	Shenrong Sanqi Buxue Pian	Oral
CPM00752	参茸三七酒	Shenrong Sanqi Jiu	Oral
CPM00753	参茸三肾胶囊	Shenrong Sanshen Jiaonang	Oral
CPM00754	参茸三肾散	Shenrong Sanshen San	Oral
CPM00755	参茸天麻酒	Shenrong Tianma Jiu	Oral
CPM00756	参茸丸	Shenrong Wan	Oral
CPM00757	参茸卫生丸	Shenrong Weisheng Wan	Oral
CPM00758	参茸温肾丸	Shenrong Wenshen Wan	Oral
CPM00759	参茸延龄片	Shenrong Yanling Pian	Oral
CPM00760	参茸养心益肾胶囊	Shenrong Yangxin Yishen Jiaonang	Oral
CPM00761	参茸益肾胶囊	Shenrong Yishen Jiaonang	Oral
CPM00762	参茸珍宝片	Shenrong Zhenbao Pian	Oral
CPM00763	参茸正阳口服液	Shenrong Zhengyang Koufuye	Oral
CPM00764	参茸壮骨丸	Shenrong Zhuanggu Wan	Oral
CPM00765	参茸追风酒	Shenrong Zhuifeng Jiu	Oral
CPM00766	参蓉健腰酒	Shenrong Jianyao Jiu	Oral
CPM00767	参三七伤药	Shensanqi Shangyao	Oral
CPM00768	参三七伤药胶囊	Shensanqi Shangyao Jiaonang	Oral
CPM00769	参三七伤药片	Shensanqi Shangyao Pian	Oral
CPM00770	参芍胶囊	Shenshao Jiaonang	Oral
CPM00771	参芍片	Shenshao Pian	Oral
CPM00772	参蛇花痔疮膏	Shenshehua Zhichuang Gao	Topical
CPM00773	参麝活络丸	Shenshe Huoluo Wan	Oral
CPM00774	参术儿康糖浆	Shenzhu Erkang Tangjiang	Oral
CPM00775	参术健脾丸	Shenzhu Jianpi Wan	Oral
CPM00776	参术健中口服液	Shenzhu Jianzhong Koufuye	Oral
CPM00777	参术胶囊	Shenzhu Jiaonang	Oral
CPM00778	参术止带糖浆	Shenzhu Zhidai Tangjiang	Oral
CPM00779	参松养心胶囊	Shensong Yangxin Jiaonang	Oral
CPM00780	参苏补肾胶囊	Shensu Bushen Jiaonang	Oral
CPM00781	参苏感冒片	Shensu Ganmao Pian	Oral
CPM00782	参苏胶囊	Shensu Jiaonang	Oral
CPM00783	参苏颗粒	Shensu Keli	Oral
CPM00784	参苏口服液	Shensu Koufuye	Oral
CPM00785	参苏片	Shensu Pian	Oral
CPM00786	参苏丸	Shensu Wan	Oral
CPM00787	参苏宣肺丸	Shensu Xuanfei Wan	Oral
CPM00788	参锁巴戟口服液	Shensuobaji Koufuye	Oral
CPM00789	参田胶囊	Shentian Jiaonang	Oral
CPM00790	参威口服液	Shenwei Koufuye	Oral
CPM00791	参维冻干蜂王浆片	Shenwei Donggan Fengwangjiang Pian	Oral
CPM00792	参味补肾合剂	Shenwei Bushen Heji	Oral
CPM00793	参乌安神口服液	Shenwu Anshen Koufuye	Oral
CPM00794	参乌健脑胶囊	Shenwu Jiannao Jiaonang	Oral
CPM00795	参乌益肾片	Shenwu Yishen Pian	Oral
CPM00796	参仙片	Shenxian Pian	Oral
CPM00797	参仙升脉口服液	Shenxianshengmai Koufuye	Oral
CPM00798	参仙壮肾胶囊	Shenxian Zhuanggu Jiaonang	Oral
CPM00799	参芎胶囊	Shenxiong Jiaonang	Oral
CPM00800	参雄温阳胶囊	Shenxiong Wenyang Jiaonang	Oral
CPM00801	参阳胶囊	Shenyang Jiaonang	Oral
CPM00802	参阳片	Shenyang Pian	Oral
CPM00803	参一胶囊	Shenyi Jiaonang	Oral
CPM00804	参玉补气酒	Shenyu Buqi Jiu	Oral
CPM00805	参苑益气补肾胶囊	Shenyuan Yiqi Bushen Jiaonang	Oral
CPM00806	参枣健脑口服液	Shenzao Jiannao Koufuye	Oral
CPM00807	参泽舒肝胶囊	Shenze Shugan Jiaonang	Oral
CPM00808	参芝安神口服液	Shenzhi Anshen Koufuye	Oral
CPM00809	参枝苓口服液	Shenzhiling Koufuye	Oral
CPM00810	参蛭活血胶囊	Shenzhi Huoxue Jiaonang	Oral
CPM00811	参竹精胶囊	Shenzhujing Jiaonang	Oral
CPM00812	参竹精颗粒	Shenzhujing Keli	Oral
CPM00813	参竹精片	Shenzhujing Pian	Oral
CPM00814	参子合剂	Shenzi Heji	Oral
CPM00815	蚕参健脾颗粒	Canshen Jianpi Keli	Oral
CPM00816	蚕蛾公补合剂	Can'egongbu Heji	Oral
CPM00817	蚕蛾公补胶囊	Can'e Gongbu Jiaonang	Oral
CPM00818	蚕蛾公补酒	Can'egongbu Jiu	Oral
CPM00819	蚕蛾公补片	Can'egong Bu Pian	Oral
CPM00820	蚕茧眼药	Canjian Yanyao	Topical
CPM00821	蚕鹿口服液	Canlu Koufuye	Oral
CPM00822	蚕茸柱天胶囊	Canrongzhutian Jiaonang	Oral
CPM00823	蚕蛹补肾胶囊	Canyong Bushen Jiaonang	Oral
CPM00824	苍鹅鼻炎片	Cang’e Biyan Pian	Oral
CPM00825	苍耳子鼻炎滴丸	Cangerzi Biyan Diwan	Oral
CPM00826	苍耳子鼻炎胶囊	Cang’erzi Biyan Jiaonang	Oral
CPM00827	苍莲感冒片	CanglianGanmaoPian	Oral
CPM00828	苍辛气雾剂	Cangxin Qiwuji	Topical
CPM00829	苍夷滴鼻剂	Cangyi Dibiji	Topical
CPM00830	苍夷滴鼻油	Cangyi Dibiyou	Topical
CPM00831	藏降脂胶囊	Zangjiangzhi Jiaonang	Oral
CPM00832	藏青果冲剂	Cangqingguo Chongji	Oral
CPM00833	藏青果喉片	Zangqingguo Houpian	Oral
CPM00834	藏青果颗粒	Zangqingguo Keli	Oral
CPM00835	藏茵陈胶囊	Zangyinchen Jiaonang	Oral
CPM00836	藏茵陈颗粒	Zangyinchen Keli	Oral
CPM00837	藏茵陈片	Zangyinchen Pian	Oral
CPM00838	草豆蔻酊	Caodoukou Ding	Oral
CPM00839	草仙乙肝胶囊	Caoxian Yigan Jiaonang	Oral
CPM00840	草香胃康胶囊	Caoxiang Weikang Jiaonang	Oral
CPM00841	茶色素胶囊	Chasesu Jiaonang	Oral
CPM00842	柴胡滴丸	Chaihu Diwan	Oral
CPM00843	柴胡口服液	Ghaihu Koufuye	Oral
CPM00844	柴胡舒肝丸	Chaihu Shugan Wan	Oral
CPM00845	柴胡镇咳片	Chaihu Zhenke Pian	Oral
CPM00846	柴胡注射液	Chaihu Zhusheye	Injection
CPM00847	柴黄胶囊	Chaihuang Jiaonang	Oral
CPM00848	柴黄咀嚼片	Chaihuang Jujuepian	Oral
CPM00849	柴黄颗粒	Chaihuang Keli	Oral
CPM00850	柴黄口服液	Chaihuang Koufuye	Oral
CPM00851	柴黄泡腾片	Chaihuang Paotengpian	Oral
CPM00852	柴黄片	Chaihuang Pian	Oral
CPM00853	柴黄清热颗粒	Chaihuang Qingre Keli	Oral
CPM00854	柴黄软胶囊	Chaihuang Ruanjiaonang	Oral
CPM00855	柴连口服液	Chailian Koufuye	Oral
CPM00856	柴芩清宁胶囊	Chaiqin Qingning Jiaonang	Oral
CPM00857	柴芩清宁片	Chaiqin Qingning Pian	Oral
CPM00858	柴芩软胶囊	Chaiqin Ruanjiaonang	Oral
CPM00859	柴芍六君丸	Chaishao Liujun Wan	Oral
CPM00860	柴石退热颗粒	Chaishi Tuire Keli	Oral
CPM00861	柴酮片	Chaitong Pian	Oral
CPM00862	柴辛感冒注射液	Chaixin Ganmao Zhusheye	Injection
CPM00863	柴银感冒颗粒	Chaiyin Ganmao Keli	Oral
CPM00864	柴银颗粒	Chaiyin Keli	Oral
CPM00865	柴银口服液	Chaiyin Koufuye	Oral
CPM00866	柴枳四逆散	Chaizhi Sini San	Oral
CPM00867	蟾龙定喘合剂	Chanlong Dingchuan Heji	Oral
CPM00868	蟾马正痛酊	Chanma Zhengtong Ding	Topical
CPM00869	蟾麝救心丸	Chanshe Jiuxin Wan	Oral
CPM00870	蟾酥锭	Chansu Ding	Topical
CPM00871	蟾酥镇痛巴布膏	Chansu Zhentong Babugao	Topical
CPM00872	蟾乌凝胶膏	Chanwu Ningjiaogao	Topical
CPM00873	产妇安合剂	Chanfu'an Heji	Oral
CPM00874	产妇安胶囊	Chanfuan Jiaonang	Oral
CPM00875	产妇安颗粒	Chanfu´an keli	Oral
CPM00876	产妇安口服液	Chanfu’an Koufuye	Oral
CPM00877	产妇安丸	Chanfu'an Wan	Oral
CPM00878	产复康颗粒	Chanfukang Keli	Oral
CPM00879	产复欣颗粒	Chanfuxin Keli	Oral
CPM00880	产复欣丸	Chanfuxin Wan	Oral
CPM00881	产后补丸	Chanhou Buwan	Oral
CPM00882	产后康膏	Chanhoukang Gao	Oral
CPM00883	产后益母丸	Chanhou Yimu Wan	Oral
CPM00884	产后逐瘀胶囊	Chanhouzhuyu Jiaonang	Oral
CPM00885	产后逐瘀颗粒	Chanhou Zhuyu Keli	Oral
CPM00886	产后逐瘀片	Chanhou Zhuyu Pian	Oral
CPM00887	产灵丸	ChanlingWan	Oral
CPM00888	菖蒲四味胶囊	Changpu Siwei Jiaonang	Oral
CPM00889	菖蒲四味丸	Changpu Siwei Wan	Oral
CPM00890	肠康胶囊	Changkang Jiaonang	Oral
CPM00891	肠康片	Changkang Pian	Oral
CPM00892	肠痢宁片	Changlining Pian	Oral
CPM00893	肠舒胶囊	Changshu Jiaonang	Oral
CPM00894	肠舒片	Changshu Pian	Oral
CPM00895	肠舒通栓	Changshutong Shuan	Topical
CPM00896	肠舒止泻胶囊	Changshu Zhixie Jiaonang	Oral
CPM00897	肠舒止泻片	Changshu Zhixie Pian	Oral
CPM00898	肠泰合剂	Changtai Heji	Oral
CPM00899	肠胃宁胶囊	Changweining Jiaonang	Oral
CPM00900	肠胃宁片	Changweining Pian	Oral
CPM00901	肠胃散	Changwei San	Topical
CPM00902	肠胃适胶囊	Changweishi Jiaonang	Oral
CPM00903	肠胃舒胶囊	Changweishu Jiaonang	Oral
CPM00904	肠炎宁咀嚼片	Changyanning Jujuepian	Oral
CPM00905	肠炎宁口服液	Changyanning Koufuye	Oral
CPM00906	肠炎宁片	Changyanning Pian	Oral
CPM00907	肠炎宁糖浆	Changyanning Tangjiang	Oral
CPM00908	肠炎宁丸	Changyanning Wan	Oral
CPM00909	常松八味沉香胶囊	Changsong Bawei Chenxiang Jiaonang	Oral
CPM00910	常松八味沉香散	Changsong Bawei Chenxiang San	Oral
CPM00911	常通舒颗粒	Changtongshu Keli	Oral
CPM00912	嫦娥加丽丸	Chang’e Jiali Wan	Oral
CPM00913	畅鼻通颗粒	Changbitong Keli	Oral
CPM00914	朝阳胶囊	Chaoyang Jiaonang	Oral
CPM00915	朝阳丸	Chaoyang Wan	Oral
CPM00916	潮安胶囊	Chao’an Jiaonang	Oral
CPM00917	潮安片	Chaoan Pian	Oral
CPM00918	沉香安神胶囊	Chenxiang Anshen Jiaonang	Oral
CPM00919	沉香安神散	Chenxiang Anshen San	Oral
CPM00920	沉香化气胶囊	Chenxiang Huaqi Jiaonang	Oral
CPM00921	沉香化气片	Chenxiang Huaqi Pian	Oral
CPM00922	沉香化气丸	Chenxiang Huaqi Wan	Oral
CPM00923	沉香化滞丸	Chenxiang Huazhi Wan	Oral
CPM00924	沉香降气丸	Chenxiang Jiangqi Wan	Oral
CPM00925	沉香理气丸	Chenxiang Liqi Wan	Oral
CPM00926	沉香利气丸	Chenxiang Liqi Wan	Oral
CPM00927	沉香曲	Chenxiang Qu	Oral
CPM00928	沉香散	Chenxiang San	Oral
CPM00929	沉香十七味丸	Chenxiang Shiqiwei Wan	Oral
CPM00930	沉香舒气丸	Chenxiang Shuqi Wan	Oral
CPM00931	沉香舒郁片	Chenxiang Shuyu Pian	Oral
CPM00932	沉香舒郁丸	Chenxiang Shuyu Wan	Oral
CPM00933	陈夏六君子丸	Chenxia Liujunzi Wan	Oral
CPM00934	陈香露白露胶囊	Chenxiang Lubailu Jiaonang	Oral
CPM00935	陈香露白露片	Chenxianglubailu Pian	Oral
CPM00936	橙皮酊	Chengpi Ding	Oral
CPM00937	齿痛冰硼散	Chitong Bingpeng San	Topical
CPM00938	齿痛宁	Chitongning	Topical
CPM00939	齿痛消炎灵颗粒	Chitong Xiaoyanling Keli（Wutang）	Oral
CPM00940	赤丹退黄颗粒	Chidan Tuihuang Keli	Oral
CPM00941	虫草参芪膏	Chongcao Shenqi Gao	Oral
CPM00942	虫草参芪口服液	Chongcao Shenqi Koufuye	Oral
CPM00943	虫草川贝膏	Chongcao Chuanbei Gao	Oral
CPM00944	虫草川贝止咳茶	Chongcao Chuanbei Zhike Cha	Oral
CPM00945	虫草川贝止咳膏	Chongcao Chuanbei Zhike Gao	Oral
CPM00946	虫草金钱龟口服液	Chongcao Jinqiangui Koufuye	Oral
CPM00947	虫草芪参胶囊	Chongcaoqishen Jiaonang	Oral
CPM00948	虫草杞芝颗粒	Chongcao Qizhi Keli	Oral
CPM00949	虫草清肺胶囊	Chongcao Qingfei Jiaonang	Oral
CPM00950	虫草双参酒	Chongcao Shuangshen Jiu	Oral
CPM00951	虫草五味颗粒	Chongcao Wuwei Keli	Oral
CPM00952	虫草洋参胶囊	Chongcao Yangshen Jiaonang	Oral
CPM00953	出血热预防片	Chuxuere Yufang Pian	Oral
CPM00954	除疤膏	Chuba Gao	Topical
CPM00955	除湿白带丸	Chushi Baidai Wan	Oral
CPM00956	除湿止痒软膏	Chushi Zhiyang Ruangao	Topical
CPM00957	除湿止痒洗液	Chushi Zhiyang Xiye	Topical
CPM00958	除痰止嗽丸	Chutan Zhisou Wan	Oral
CPM00959	除翳明目片	Chuyi Mingmu Pian	Oral
CPM00960	除障则海甫胶囊	Chuzhang Zehaifu Jiaonang	Oral
CPM00961	除障则海甫片	Chuzhang Zehaipu Pian	Oral
CPM00962	除脂生发胶囊	Chuzhi Shengfa Jiaonang	Oral
CPM00963	除脂生发片	Chuzhi Shengfa Pian	Oral
CPM00964	雏凤精	Chufeng Jing	Oral
CPM00965	川百止痒洗剂	Chuanbai Zhiyang Xiji	Topical
CPM00966	川贝梨糖浆	Chuanbeili Tangjiang	Oral
CPM00967	川贝罗汉止咳冲剂	Chuanbei Luohan Zhike Chongji	Oral
CPM00968	川贝罗汉止咳颗粒	Chuanbei Luohan Zhike Keli	Oral
CPM00969	川贝末胶囊	Chuanbeimo Jiaonang	Oral
CPM00970	川贝末片	Chuanbeimo Pian	Oral
CPM00971	川贝枇杷膏	Chuanbei Pipa Gao	Oral
CPM00972	川贝枇杷胶囊	Chuanbei Pipa Jiaonang	Oral
CPM00973	川贝枇杷颗粒	Chuanbei Pipa Keli	Oral
CPM00974	川贝枇杷露	Chuanbei Pipa Lu	Oral
CPM00975	川贝枇杷片	Chuanbei Pipa Pian	Oral
CPM00976	川贝枇杷糖浆	Chuanbei Pipa Tangjiang	Oral
CPM00977	川贝清肺膏	Chuanben Qingfei Gao	Oral
CPM00978	川贝清肺露	Chuanbei Qingfei Lu	Oral
CPM00979	川贝清肺糖浆	Chuanbei Qingfei Tangjiang	Oral
CPM00980	川贝散	Chuanbei San	Oral
CPM00981	川贝雪梨膏	Chuanbei Xueli Gao	Oral
CPM00982	川贝雪梨胶囊	Chuanbei Xueli Jiaonang	Oral
CPM00983	川贝雪梨颗粒	Chuanbei Xueli Keli	Oral
CPM00984	川贝雪梨糖浆	Chuanbei Xueli Tangjiang	Oral
CPM00985	川贝止咳露	Chuanbei Zhike Lu	Oral
CPM00986	川贝止咳糖浆	Chuanbei Zhike Tangjiang	Oral
CPM00987	川贝止嗽合剂	Chuanbei Zhisou Heji	Oral
CPM00988	川桂散	Chuangui San	Topical
CPM00989	川花止痛膜	Chuanhua Zhitong Mo	Topical
CPM00990	川黄颗粒	Chuanhuang Keli	Oral
CPM00991	川黄口服液	Chuan Huang Kou Fu Ye	Oral
CPM00992	川龙合剂	Chuanlong Heji	Oral
CPM00993	川苏救心喷雾剂	Chuansu Jiuxin Penwuji	Topical
CPM00994	川芎茶调冲剂	Chuanxiong Chatiao Chongji	Oral
CPM00995	川芎茶调袋泡茶	Chuanxiong Chatiao Daipaocha	Oral
CPM00996	川芎茶调袋泡剂	Chuanxiong Chatiao Daipaoji	Oral
CPM00997	川芎茶调滴丸	Chuanxiong Chatiao Diwan	Oral
CPM00998	川芎茶调颗粒	Chuanxiong Chatiao Keli（Wutang）	Oral
CPM00999	川芎茶调口服液	Chuanxiong Chatiao Koufuye	Oral
CPM01000	川芎茶调片	Chuanxiong Chatiao Pian	Oral
CPM01001	川芎茶调散	Chuanxiong Chatiao San	Oral
CPM01002	川芎茶调丸	Chuanxiong Chatiao Wan（Shuiwan）	Oral
CPM01003	川芎清脑颗粒	Chuanxiong Qingnao Keli	Oral
CPM01004	川郁风寒熨剂	Chuanyu Fenghan Yunji	Topical
CPM01005	川蛭通络胶囊	Chuanzhi Tongluo Jiaonang	Oral
CPM01006	穿黄清热胶囊	Chuanhuang Qingre Jiaonang	Oral
CPM01007	穿黄清热片	Chuanhuang Qingre Pian	Oral
CPM01008	穿金益肝片	Chuanjin Yigan Pia	Oral
CPM01009	穿龙骨刺胶囊	Chuanlong Guci Jiaonang	Oral
CPM01010	穿龙骨刺片	Chuanlongguci Pian	Oral
CPM01011	穿王消炎胶囊	Chuanwang Xiaoyan Jiaonang	Oral
CPM01012	穿王消炎片	Chuanwang Xiaoyan Pian	Oral
CPM01013	穿心莲滴丸	Chuanxinlian Diwan	Oral
CPM01014	穿心莲分散片	Chuanxinlian Fensanpian	Oral
CPM01015	穿心莲胶囊	Chuanxinlian Jiaonang	Oral
CPM01016	穿心莲内酯	Chuanxinlianneizhi	Oral
CPM01017	穿心莲内酯滴丸	Chuanxinlianneizhi Diwan	Oral
CPM01018	穿心莲内酯分散片	Chuanxinlianneizhi Fensanpian	Oral
CPM01019	穿心莲内酯胶囊	Chuanxinlian Neizhi Jiaonang	Oral
CPM01020	穿心莲内酯片	Chuanxinlian Neizhi Pian	Oral
CPM01021	穿心莲内酯软胶囊	Chuanxinlianneizhi Ruanjiaonang	Oral
CPM01022	穿心莲片	Chuanxinlian Pian	Oral
CPM01023	穿心莲软胶囊	Chuanxinlian Ruanjiaonang	Oral
CPM01024	穿心莲丸	Chuanxinlian Wan	Oral
CPM01025	穿心莲注射液	Chuanxinlian Zhusheye	Injection
CPM01026	喘咳宁片	Chuankening Pian	Oral
CPM01027	喘可治注射液	Chuankezhi Zhusheye	Injection
CPM01028	喘络通胶囊	Chuanluotong Jiaonang	Oral
CPM01029	喘舒片	Chuanshu Pian	Oral
CPM01030	喘嗽宁胶囊	Chuansouning Jiaonang	Oral
CPM01031	喘嗽宁片	Chuansouning Pian	Oral
CPM01032	喘泰颗粒	Chuantai Keli	Oral
CPM01033	喘息灵胶囊	Chuanxiling Jiaonang	Oral
CPM01034	疮炎灵软膏	Chuangyanling Ruangao	Topical
CPM01035	疮疡膏	Chuangyang Gao	Topical
CPM01036	创伤止痛乳膏	Chuangshang Zhitong Rugao	Topical
CPM01037	创灼膏	Chuangzhuogao	Topical
CPM01038	垂盆草分散片	Chuipencao Fensanpian	Oral
CPM01039	垂盆草颗粒	Chuipencao Keli	Oral
CPM01040	垂盆草片	Chuipencao Pian	Oral
CPM01041	垂阴茶颗粒	Chuiyincha Keli	Oral
CPM01042	垂阴茶糖浆	Chuyincha Tangjiang	Oral
CPM01043	春梅颗粒	Chunmei Keli	Oral
CPM01044	春血安胶囊	Chunxue'an Jiaonang	Oral
CPM01045	椿乳凝胶	Chunru Ningjiao	Topical
CPM01046	纯阳正气胶囊	Chunyang Zhengqi Jiaonang	Oral
CPM01047	纯阳正气丸	Chunyang Zhengqi Wan	Oral
CPM01048	唇齿清胃丸	Chunchi Qingwei Wan	Oral
CPM01049	慈丹胶囊	Cidan Jiaonang	Oral
CPM01050	慈航胶囊	Cihang Jiaonang	Oral
CPM01051	慈航片	Cihang Pian	Oral
CPM01052	慈航丸	Cihang Wan	Oral
CPM01053	磁朱丸	Cizhu Wan	Oral
CPM01054	刺乌养心口服液	Ciwu Yangxin Koufuye	Oral
CPM01055	刺五加茶	Ciwujia Cha	Oral
CPM01056	刺五加胶囊	Ciwujia Jiaonang	Oral
CPM01057	刺五加浸膏	Ciwujia Jingao	Oral
CPM01058	刺五加颗粒	Ciwujia Keli	Oral
CPM01059	刺五加脑灵胶囊	Ciwujia Naoling Jiaonang	Oral
CPM01060	刺五加脑灵液	Ciwujia Naolingye	Oral
CPM01061	刺五加片	Ciwujia Pian	Oral
CPM01062	刺五加糖浆	Ciwujia Tangjiang	Oral
CPM01063	刺五加注射液	Ciwujia Zhusheye	Injection
CPM01064	苁黄补肾胶囊	Conghuang Bushen Jiaonang	Oral
CPM01065	苁黄补肾丸	Conghuang Bushen Wan	Oral
CPM01066	苁蓉补肾丸	Congrong Bushen Wan	Oral
CPM01067	苁蓉通便口服液	Congrong Tongbian Koufuye	Oral
CPM01068	苁蓉益肾颗粒	Congrong Yishen Keli	Oral
CPM01069	苁蓉总苷	Congrong Zonggan	Oral
CPM01070	苁蓉总苷胶囊	Congrong Zonggan Jiaonang	Oral
CPM01071	楤木胃痛颗粒	Congmu Weitong Keli	Oral
CPM01072	楤芝胶囊	Congzhi Jiaonang	Oral
CPM01073	楤芝片	Congzhi Pian	Oral
CPM01074	醋制香附丸	Cuzhixiangfu Wan	Oral
CPM01075	催乳颗粒	Cuiru Keli	Oral
CPM01076	催乳丸	Cuiru Wan	Oral
CPM01077	催汤丸	Cuitang Wan	Oral
CPM01078	萃仙丸	Cuixian Wan	Oral
CPM01079	翠莲解毒片	Cuilian Jiedu Pian	Oral
CPM01080	痤疮软膏	Cuochuang Ruangao	Topical
CPM01081	痤疮涂膜剂	Cuochuang Tumoji	Topical
CPM01082	达肺草	Dafeicao	Oral
CPM01083	达立通颗粒	Dalitong Keli	Oral
CPM01084	达斯玛保丸	Dasi Mabao Wan	Oral
CPM01085	打虎壮元丸	Dahu Zhuangyuan Wan	Oral
CPM01086	大败毒胶囊	Dabaidu Jiaonang	Oral
CPM01087	大补药酒	Dabuyaojiu	Oral
CPM01088	大补阴丸	Dabuyin Wan	Oral
CPM01089	大补元煎丸	Dabu Yuanjian Wan	Oral
CPM01090	大柴胡颗粒	Dachaihu Keli	Oral
CPM01091	大川芎颗粒	Dachuanxiong Keli	Oral
CPM01092	大川芎口服液	Dachuanxiong Koufuye	Oral
CPM01093	大川芎片	Dachuanxiong Pian	Oral
CPM01094	大风丸	Dafeng Wan	Oral
CPM01095	大枫子油	Dafengzi You	Topical
CPM01096	大黄酊	Dahuang Ding	Oral
CPM01097	大黄利胆胶囊	Dahuang Lidan Jiaonang	Oral
CPM01098	大黄利胆片	Dahuang Lidan Pian	Oral
CPM01099	大黄流浸膏	Dahuang Liujingao	Oral
CPM01100	大黄清胃丸	Dahuang Qingwei Wan	Oral
CPM01101	大黄三味片	Dahuang Sanwei Pian	Oral
CPM01102	大黄通便胶囊	Dahuang Tongbian Jiaonang	Oral
CPM01103	大黄通便颗粒	Dahuang Tongbian Keli	Oral
CPM01104	大黄泻火散	Dahuang Xiehuo San	Oral
CPM01105	大黄蟅虫丸	Dahuang Zhechong Wan	Oral
CPM01106	大黄䗪虫胶囊	Dahuang Zhechong Jiaonang	Oral
CPM01107	大黄䗪虫片	Dahuang Zhechong Pian	Oral
CPM01108	大黄䗪虫丸	Dahuang Zhechong Wan	Oral
CPM01109	大黄总蒽醌胶囊	Dahuang Zong'enkun Jiaonang	Oral
CPM01110	大活络胶囊	Dahuoluo Jiaonang	Oral
CPM01111	大活络丸	Dahuoluo Wan	Oral
CPM01112	大蓟止血片	Daji Zhixue Pian	Oral
CPM01113	大力药酒	Dali Yaojiu	Oral
CPM01114	大七厘胶囊	Daqili Jiaonang	Topical
CPM01115	大七厘片	Daqili Pian	Topical
CPM01116	大七厘散	Daqili San	Topical
CPM01117	大七厘丸	Daqili Wan	Topical
CPM01118	大山楂冲剂	Dashanzha Chongji	Oral
CPM01119	大山楂咀嚼片	Dashanzha Jujuepian	Oral
CPM01120	大山楂颗粒	Dashanzha Keli	Oral
CPM01121	大山楂片	Dashanzha Pian	Oral
CPM01122	大山楂丸	Dashanzha Wan（Damiwan）	Oral
CPM01123	大蒜油软胶囊	Dasuanyou Ruanjiaonang	Oral
CPM01124	大卫颗粒	Dawei Keli	Oral
CPM01125	大温中丸	Dawenzhong Wan	Oral
CPM01126	大月晶丸	Dayuejing Wan	Oral
CPM01127	大株红景天胶囊	Dazhu Hongjingtian Jiaonang	Oral
CPM01128	大株红景天片	Dazhu Hongjingtian Pian	Oral
CPM01129	大株红景天注射液	Dazhu Hongjingtian Zhusheye	Injection
CPM01130	代温灸膏	Daiwenjiu Gao	Topical
CPM01131	带症丸	Daizheng Wan	Oral
CPM01132	黛蛤散	Daige San	Oral
CPM01133	丹白颗粒	Danbai Keli	Oral
CPM01134	丹鳖胶囊	Danbie Jiaonang	Oral
CPM01135	丹参保心茶	Danshen Baoxin Cha	Oral
CPM01136	丹参冲剂	Danshen Chongji	Oral
CPM01137	丹参滴丸	Danshen Diwan	Oral
CPM01138	丹参滴注液	Danshen Dizhuye	Injection
CPM01139	丹参膏	Danshen Gao	Oral
CPM01140	丹参合剂	Danshen Heji	Oral
CPM01141	丹参胶囊	Danshen Jiaonang	Oral
CPM01142	丹参颗粒	Danshen Keli	Oral
CPM01143	丹参口服液	Danshen Koufuye	Oral
CPM01144	丹参片	Danshen Pian	Oral
CPM01145	丹参软胶囊	Danshen Ruanjiaonang	Oral
CPM01146	丹参舒心胶囊	Danshen Shuxin Jiaonang	Oral
CPM01147	丹参酮胶囊	Danshentong Jiaonang	Oral
CPM01148	丹参益心胶囊	Danshen Yixin Jiaonang	Oral
CPM01149	丹参注射液	Danshen Zhusheye	Injection
CPM01150	丹灯通脑滴丸	Dandeng Tongnao Diwan	Oral
CPM01151	丹灯通脑胶囊	Dandeng Tongnao Jiaonang	Oral
CPM01152	丹灯通脑片	Dandeng Tongnao Pian	Oral
CPM01153	丹灯通脑软胶囊	Dandeng Tongnao Ruanjiaonang	Oral
CPM01154	丹莪妇康煎膏	Dan’e Fukang Jiangao	Oral
CPM01155	丹莪妇康颗粒	Dan ˊe Fukang Keli	Oral
CPM01156	丹佛胃尔康颗粒	Danfo Wei´erkang Keli	Oral
CPM01157	丹葛颈舒胶囊	Dange Jingshu Jiaonang	Oral
CPM01158	丹骨生发酊	Dangu Shengfa Ding	Topical
CPM01159	丹桂香胶囊	Danguixiang Jiaonang	Oral
CPM01160	丹桂香颗粒	Danguixiang Keli	Oral
CPM01161	丹红滴注液	Danhong Dizhuye	Injection
CPM01162	丹红化瘀口服液	Danhong Huayu Koufuye	Oral
CPM01163	丹红注射液	Danhong Zhusheye	Injection
CPM01164	丹花口服液	Danhua Koufuye	Oral
CPM01165	丹黄颗粒	Danhuang Keli	Oral
CPM01166	丹黄祛瘀胶囊	Danhuang Quyu Jiaonang	Oral
CPM01167	丹黄祛瘀片	Danhuang Quyu Pian	Oral
CPM01168	丹蓝通络口服液	Danlan Tongluo Koufuye	Oral
CPM01169	丹苓补骨胶囊	Danling Bugu Jiaonang	Oral
CPM01170	丹羚心舒胶囊	Danling Xinshu Jiaonang	Oral
CPM01171	丹蒌片	Danlou Pian	Oral
CPM01172	丹鹿通督片	Danlu Tongdu Pian	Oral
CPM01173	丹绿补肾胶囊	Danlv Bushen Jiaonang	Oral
CPM01174	丹皮酚	Danpifen	Topical
CPM01175	丹皮酚软膏	Danpifen Ruangao	Topical
CPM01176	丹皮酚橡胶膏	Danpifen Xiangjiaogao	Topical
CPM01177	丹七胶囊	Danqi Jiaonang	Oral
CPM01178	丹七片	Danqi Pian	Oral
CPM01179	丹七软胶囊	Danqi Ruanjiaonang	Oral
CPM01180	丹芪和血片	Danqi Hexue Pian	Oral
CPM01181	丹芪胶囊	Danqi Jiaonang	Oral
CPM01182	丹芪偏瘫胶囊	Danqi Piantan JiaoNang	Oral
CPM01183	丹芪养血颗粒	Danqi Yangxue Keli	Oral
CPM01184	丹杞颗粒	Danqi Keli	Oral
CPM01185	丹青胶囊	Danqing Jiaonang	Oral
CPM01186	丹桃合剂	Dantao Heji	Oral
CPM01187	丹田降脂丸	Dantian Jiangzhi Wan	Oral
CPM01188	丹葶肺心颗粒	Danting Feixin Keli	Oral
CPM01189	丹王颗粒	Danwang Keli	Oral
CPM01190	丹溪玉屏风颗粒	Danxi Yupingfeng Keli	Oral
CPM01191	丹膝颗粒	Danxi Keli	Oral
CPM01192	丹香冠心注射液	Danxiang Guanxin Zhusheye	Injection
CPM01193	丹香葡萄糖滴注液	Danxiang Putaotang Dizhuye	Injection
CPM01194	丹香清脂颗粒	Danxiang Qingzhi Keli	Oral
CPM01195	丹芎瘢痕涂膜	Danxiong Banhen Tumo	Topical
CPM01196	丹芎跌打膏	Danxiong Dieda Gao	Topical
CPM01197	丹芎通脉颗粒	Danxiongtongmai Keli	Oral
CPM01198	丹益片	Danyi Pian	Oral
CPM01199	丹萸颗粒	Danyu Keli	Oral
CPM01200	丹萸片	Danyu Pian	Oral
CPM01201	丹玉通脉颗粒	Danyu Tongmai Keli	Oral
CPM01202	丹郁骨康丸	Danyu Gukang Wan	Oral
CPM01203	丹枣口服液	Danzao Koufuye	Oral
CPM01204	丹贞颗粒	Danzhen Keli	Oral
CPM01205	丹珍头痛胶囊	Danzhen Toutong Jiaonang	Oral
CPM01206	丹栀口服液	Danzhi Koufuye	Oral
CPM01207	丹栀逍遥胶囊	Danzhi Xiaoyao Jiaonang	Oral
CPM01208	丹栀逍遥片	Danzhi Xiaoyao Pian	Oral
CPM01209	丹栀逍遥丸	Danzhi Xiaoyao Wan	Oral
CPM01210	胆黄片	Danhuang Pian	Oral
CPM01211	胆康胶囊	Dankang Jiaonang	Oral
CPM01212	胆康片	Dankang Pian	Oral
CPM01213	胆乐胶囊	Danle Jiaonang	Oral
CPM01214	胆龙止喘片	Danlong Zhichuan Pian	Oral
CPM01215	胆木浸膏胶囊	Danmu Jingao Jiaonang	Oral
CPM01216	胆木浸膏片	Danmu Jingao Pian	Oral
CPM01217	胆木浸膏糖浆	Danmu Jingao Tangjiang	Oral
CPM01218	胆木注射液	Danmu Zhusheye	Injection
CPM01219	胆宁片	Danning Pian	Oral
CPM01220	胆清胶囊	Danqing Jiaonang	Oral
CPM01221	胆清片	Danqing Pian	Oral
CPM01222	胆石利通胶囊	Danshi Litong Jiaonang	Oral
CPM01223	胆石利通片	Danshi Litong Pian	Oral
CPM01224	胆石片	Danshi Pian	Oral
CPM01225	胆石清片	Danshiqing Pian	Oral
CPM01226	胆石通胶囊	Danshitong Jiaonang	Oral
CPM01227	胆石通利胶囊	Danshi Tongli Jiaonang	Oral
CPM01228	胆石通利片	Danshi Tonglin Pian	Oral
CPM01229	胆舒滴丸	Danshu Diwan	Oral
CPM01230	胆舒胶囊	Danshu Jiaonang	Oral
CPM01231	胆舒排石颗粒	Danshu Paishi Keli	Oral
CPM01232	胆舒片	Danshu Pian	Oral
CPM01233	胆舒软胶囊	Danshu Ruanjiaonang	Oral
CPM01234	胆酸止咳片	Dansuan Zhike Pian	Oral
CPM01235	胆胃康胶囊	Danweikang Jiaonang	Oral
CPM01236	胆香鼻炎胶囊	Daxiang Biyan Jiaonang	Oral
CPM01237	胆香鼻炎片	Danxiang Biyan Pian	Oral
CPM01238	胆炎康胶囊	Danyankang Jiaonang	Oral
CPM01239	胆益宁片	Danyining Pian	Oral
CPM01240	当飞利肝宁胶囊	Dangfei Liganning Jiaonang	Oral
CPM01241	当飞利肝宁片	Dangfei Liganning Pian	Oral
CPM01242	当归补血胶囊	Danggui Buxue Jiaonang	Oral
CPM01243	当归补血颗粒	Danggui Buxue Keli	Oral
CPM01244	当归补血口服液	Danggui Buxue Koufuye	Oral
CPM01245	当归补血丸	Danggui Buxue Wan（Shuimiwan）	Oral
CPM01246	当归调经颗粒	Danggui Tiaojing Keli	Oral
CPM01247	当归调经片	Danggui Tiaojing Pian	Oral
CPM01248	当归腹痛宁滴丸	Danggui Futongning Diwan	Oral
CPM01249	当归红枣颗粒	Danggui Hongzao Keli	Oral
CPM01250	当归黄精膏	Danggui Huangjing Gao	Oral
CPM01251	当归寄生注射液	Danggui Jisheng Zhusheye	Injection
CPM01252	当归浸膏片	Danggui Jingao Pian	Oral
CPM01253	当归颗粒	Danggui Keli	Oral
CPM01254	当归苦参丸	Danggui Kushen Wan	Oral
CPM01255	当归流浸膏	Danggui Liujingao	Oral
CPM01256	当归龙荟胶囊	Danggui Longhui Jiaonang	Oral
CPM01257	当归龙荟片	Danggui Longhui Pian	Oral
CPM01258	当归龙荟丸	Danggui Longhui Wan	Oral
CPM01259	当归南枣胶囊	Danggui Nanzao Jiaonang	Oral
CPM01260	当归南枣颗粒	Danggui Nanzao Keli	Oral
CPM01261	当归南枣片	Danggui Nanzao Pian	Oral
CPM01262	当归拈痛合剂	Danggui Niantong Heji	Oral
CPM01263	当归拈痛颗粒	Danggui Niantong Keli	Oral
CPM01264	当归拈痛丸	Danggui Niantong Wan	Oral
CPM01265	当归片	Danggui Pian	Oral
CPM01266	当归芍药胶囊	Danggui Shaoyao Jiaonang	Oral
CPM01267	当归芍药颗粒	Danggui Shaoyao Keli	Oral
CPM01268	当归芍药片	Danggui Shaoyao Pian	Oral
CPM01269	当归丸	Danggui Wan	Oral
CPM01270	当归养血膏	Danggui Yangxue Gao	Oral
CPM01271	当归养血口服液	Danggui Yangxue Koufuye	Oral
CPM01272	当归养血丸	Danggui Yangxue Wan	Oral
CPM01273	当归益血膏	Danggui Yixue Gao	Oral
CPM01274	当归益血口服液	Danggui Yixue Koufuye	Oral
CPM01275	当药片	Dangyao Pian	Oral
CPM01276	党参固本丸	Dangshen Guben Wan	Oral
CPM01277	党参理中丸	Dangshen Lizhong Wan（Nongsuowan ）	Oral
CPM01278	党参养荣丸	Dangshen Yangrong Wan	Oral
CPM01279	荡涤灵	Dangdi Ling	Oral
CPM01280	荡涤灵颗粒	Dangdiling Keli	Oral
CPM01281	荡石胶囊	Dangshi Jiaonang	Oral
CPM01282	荡石片	Dangshi Pian	Oral
CPM01283	导便栓	Daobian Shuan	Topical
CPM01284	导赤丸	Daochi Wan	Oral
CPM01285	得生胶囊	Desheng Jiaonang	Oral
CPM01286	得生片	Desheng Pian	Oral
CPM01287	得生丸	Desheng Wan	Oral
CPM01288	德都红花七味散	Dduhonghua Qiwei San	Oral
CPM01289	德都红花七味丸	Dedouhonghua Qiwei Wan	Oral
CPM01290	地奥心血康	Di’ao Xinxuekang	Oral
CPM01291	地奥心血康胶囊	Diao Xinxuekang Jiaonang	Oral
CPM01292	地奥心血康片	Di’ao Xinxuekang Pian	Oral
CPM01293	地丁三味汤散	Diding Sanweitang San	Oral
CPM01294	地骨降糖丸	Digu Jiangtang Wan	Oral
CPM01295	地黄润通口服液	Dihuang Runtong Koufuye	Oral
CPM01296	地黄丸	Dihuang Wan	Oral
CPM01297	地黄叶总苷	Dihuangye Zonggan	Oral
CPM01298	地黄叶总苷胶囊	Dihuangyezonggan Jiaonang	Oral
CPM01299	地锦草胶囊	Dijincao Jiaonang	Oral
CPM01300	地锦草片	Dijincao Pian	Oral
CPM01301	地龙注射液	Dilong Zhusheye	Injection
CPM01302	地麦消渴胶囊	Dimai Xiaoke Jiaonang	Oral
CPM01303	地芍消渴颗粒	Dishao Xiaoke Keli	Oral
CPM01304	地榆槐角丸	Diyu Huaijiao Wan	Oral
CPM01305	地榆升白片	Diyu Shengbai Pian	Oral
CPM01306	地贞颗粒	Dizhen Keli	Oral
CPM01307	地仲强骨胶囊	Dizhong Qianggu Jiaonang	Oral
CPM01308	灯台叶颗粒	Dengtaiye Keli	Oral
CPM01309	灯心止血胶囊	Dengxin Zhixue Jiaonang	Oral
CPM01310	灯心止血糖浆	Dengxin Zhixue Tangjiang	Oral
CPM01311	灯银脑通胶囊	Dengyin Naotong Jiaonang	Oral
CPM01312	灯盏花滴丸	Dengzhanhua Diwan	Oral
CPM01313	灯盏花粉	Dengzhanhuafen	Topical
CPM01314	灯盏花素咀嚼片	Dengzhanhuasu Jujuepian	Oral
CPM01315	灯盏花素氯化钠注射液	Dengzhanhuasu Lvhuana Zhusheye	Injection
CPM01316	灯盏花素片	Dengzhanhuasu Pian	Oral
CPM01317	灯盏花素注射液	Dengzhanhuasu Zhusheye	Injection
CPM01318	灯盏生脉胶囊	Dengzhan Shengmai Jiaonang	Oral
CPM01319	灯盏细辛胶囊	Dengzhanxixin Jiaonang	Oral
CPM01320	灯盏细辛浸膏	Dengzhanxixin Jingao	Oral
CPM01321	灯盏细辛颗粒	Dengzhanxixin Keli	Oral
CPM01322	灯盏细辛软胶囊	Dengzhanxixin Ruanjiaonang	Oral
CPM01323	灯盏细辛注射液	Dengzhanxixin Zhusheye	Injection
CPM01324	滴耳油	Di´er You	Topical
CPM01325	滴通鼻炎水	Ditong Biyan Shui	Topical
CPM01326	滴通鼻炎水喷雾剂	Ditongbiyanshui Penwuji	Topical
CPM01327	涤痰丸	Ditan Wan	Oral
CPM01328	滇白珠糖浆	Dianbaizhu Tangjiang	Oral
CPM01329	滇桂艾纳香片	Diangui Ainaxiang Pian	Oral
CPM01330	颠茄	Dianqie	Oral
CPM01331	颠茄酊	Dianqie Ding	Oral
CPM01332	颠茄片	Dianqie Pian	Oral
CPM01333	癫狂龙虎丸	Diankuang Longhu Wan	Oral
CPM01334	癫狂马宝散	Diankuang Mabao San	Oral
CPM01335	癫痫康胶囊	Dianxiankang Jiaonang	Oral
CPM01336	癫痫宁片	Dianxianning Pian	Oral
CPM01337	癫痫平胶囊	Dianxianping Jiaonang	Oral
CPM01338	癫痫平片	Dianxianping Pian	Oral
CPM01339	点舌丸	Dianshe Wan	Oral
CPM01340	貂胰防裂软膏	Diaoyi Fanglie Ruangao	Topical
CPM01341	貂油治裂软膏	Diaoyou Zhilie Ruangao	Topical
CPM01342	吊筋药	Diaojin Yao	Topical
CPM01343	调肝和胃丸	Tiaogan Hewei Wan	Oral
CPM01344	调经白带丸	Tiaojing Baidai Wan	Oral
CPM01345	调经补血丸	Tiaojing Buxue Wan	Oral
CPM01346	调经促孕丸	Tiaojing Cuyun Wan	Oral
CPM01347	调经活血片	Tiaojing Huoxue Pian	Oral
CPM01348	调经祛斑胶囊	Tiaojing Quban Jiaonang	Oral
CPM01349	调经祛斑片	Tiaojing Quban Pian	Oral
CPM01350	调经丸	Tiaojing Wan	Oral
CPM01351	调经养血丸	Tiaojing Yangxue Wan	Oral
CPM01352	调经养颜胶囊	Tiaojing Yangyan Jiaonang	Oral
CPM01353	调经养颜颗粒	Tiaojing Yangyan Keli	Oral
CPM01354	调经养颜片	Tiaojing Yangyan Pian	Oral
CPM01355	调经益灵胶囊	Tiaojing Yiling Jiaonang	Oral
CPM01356	调经益灵片	Tiaojing Yiling Pian	Oral
CPM01357	调经益母胶囊	Tiaojingyimu Jiaonan	Oral
CPM01358	调经益母片	Tiaojing Yimu Pian	Oral
CPM01359	调经止带丸	Tiaojing Zhidai Wan	Oral
CPM01360	调经止痛胶囊	Tiaojing Zhitong Jiaonang	Oral
CPM01361	调经止痛片	Tiaojing Zhitong Pian	Oral
CPM01362	调经至宝丸	Tiaojing Zhibao Wan	Oral
CPM01363	调经种子丸	Tiaojing Zhongzi Wan	Oral
CPM01364	调经姊妹丸	Tiaojing Zimei Wan	Oral
CPM01365	调气丸	Tiaoqi Wan	Oral
CPM01366	调胃丹	Tiaowei Dan	Oral
CPM01367	调胃舒肝丸	Tiaowei Shugan Wan	Oral
CPM01368	调元大补二十五味汤散	Tiaoyuan Dabu Ershiwuwei Tangsan	Oral
CPM01369	调中四消丸	Tiaozhong Sixiao Wan	Oral
CPM01370	跌打按摩药膏	Dieda Anmo Yaogao	Topical
CPM01371	跌打榜药酒	Diedabang Yaojiu	Topical
CPM01372	跌打风湿酒	Dieda Fengshi Jiu	Oral
CPM01373	跌打风湿药酒	Dieda Fengshi Yaojiu	Oral
CPM01374	跌打红药胶囊	Dieda Hongyao Jiaonang	Oral
CPM01375	跌打红药片	Dieda Hongyao Pian	Oral
CPM01376	跌打化瘀散	Dieda Huayu San	Topical
CPM01377	跌打活血散	Dieda Huoxue San	Oral
CPM01378	跌打扭伤灵酊	Dieda Niushangling Ding	Topical
CPM01379	跌打片	Dieda Pian	Oral
CPM01380	跌打七厘片	Dieda Qili Pian	Oral
CPM01381	跌打伤科酒	Dieda Shangke Jiu	Oral
CPM01382	跌打生骨胶囊	Dieda Shenggu Jiaonang	Oral
CPM01383	跌打生骨颗粒	Dieda Shenggu Keli	Oral
CPM01384	跌打生骨片	Dieda Shenggu Pian	Oral
CPM01385	跌打损伤散	Dieda Sunshang San	Oral
CPM01386	跌打损伤丸	Dieda Sunshang Wan	Oral
CPM01387	跌打丸	Dieda Wan	Oral
CPM01388	跌打万花油	Dieda Wanhua You	Topical
CPM01389	跌打药酒	Dieda Yaojiu	Oral
CPM01390	跌打镇痛膏	Dieda Zhentong Gao	Topical
CPM01391	跌打止痛片	Dieda Zhitong Pian	Oral
CPM01392	跌打止痛散	Dieda Zhitong San	Oral
CPM01393	跌打止痛液	Dieda Zhitong Ye	Topical
CPM01394	跌伤灵贴膏	Dieshangling Tiegao	Topical
CPM01395	丁沉透膈丸	Dingchen Touge Wan	Oral
CPM01396	丁公藤风湿药酒	Dinggongteng Fengshi Yaojiu	Oral
CPM01397	丁桂儿脐贴	Dinggui Erqi Tie	Topical
CPM01398	丁桂温胃胶囊	Dinggui Wenwei Jiaonang	Oral
CPM01399	丁桂温胃散	Dinggui Wenwei San	Oral
CPM01400	丁蔻理中丸	Dingkou Lizhong Wan	Oral
CPM01401	丁细牙痛胶囊	Dingxi Yatong Jiaonang	Oral
CPM01402	丁香风油精	Dingxiang Fengyoujing	Topical
CPM01403	丁芎癣药水	Dingxiongxuan Yaoshui	Topical
CPM01404	定搐化风丸	Dingchu Huafeng Wan	Oral
CPM01405	定喘膏	Dingchuan Gao	Topical
CPM01406	定喘止咳胶囊	Dingchuan Zhike Jiaonang	Oral
CPM01407	定喘止咳糖浆	Dingchuan Zhike Tangjiang	Oral
CPM01408	定喘止嗽丸	Dingchuan Zhisou Wan	Oral
CPM01409	定坤丹	Dingkun Dan	Oral
CPM01410	定坤丸	Dingkun Wan	Oral
CPM01411	定心丸	Dingxin Wan	Oral
CPM01412	定眩丸	Dingxuan Wan	Oral
CPM01413	定中丸	Dingzhong Wan	Oral
CPM01414	东方活血膏	Dongfang Huoxue Gao	Topical
CPM01415	东乐膏	Dongle Gao	Topical
CPM01416	东梅止咳颗粒	Dongmei Zhike Keli	Oral
CPM01417	东山感冒片	Dongshan Ganmao Pian	Oral
CPM01418	冬白梅片	Dongbaimei Pian	Oral
CPM01419	冬凌草胶囊	Donglingcao Jiaonang	Oral
CPM01420	冬凌草片	Donglingcao Pian	Oral
CPM01421	冬凌草糖浆	Donglingcao Tangjiang	Oral
CPM01422	冬青补汁	Dongqing Buzhi	Oral
CPM01423	冻疮未溃膏	Dongchuang Weikui Gao	Topical
CPM01424	冻疮消酊	Dongchuangxiao Ding	Topical
CPM01425	冻干蜂王浆胶囊	Donggan Fengwangjiang Jiaonang	Oral
CPM01426	冻干蜂王浆软胶囊	Donggan Fengwangjiang Ruanjiaonang	Oral
CPM01427	冻干蜂王浆散	Donggan Fengwangjiang San	Oral
CPM01428	洞天长春膏	Dongtian Changchun Gao	Oral
CPM01429	都梁滴丸	Duliang Diwan	Oral
CPM01430	都梁软胶囊	Duliang Ruanjiaonang	Oral
CPM01431	都梁丸	Duliang Wan	Oral
CPM01432	独活寄生合剂	Duhuo Jisheng Heji	Oral
CPM01433	独活寄生颗粒	Duhuo Jisheng Keli	Oral
CPM01434	独活寄生丸	Duhuo Jisheng Wan	Oral
CPM01435	独活止痛搽剂	Duhuo Zhitong Chaji	Topical
CPM01436	独角膏	Dujiao Gao	Topical
CPM01437	独角莲膏	Dujiaolian Gao	Topical
CPM01438	独圣活血片	Dusheng Huoxue Pian	Oral
CPM01439	独一味滴丸	Duyiwei Diwan	Oral
CPM01440	独一味分散片	Duyiwei Fensanpian	Oral
CPM01441	独一味胶囊	Duyiwei Jiaonang	Oral
CPM01442	独一味颗粒	Duyiwei Keli	Oral
CPM01443	独一味泡腾片	Duyiwei Paotengpian	Oral
CPM01444	独一味片	Duyiwei Pian	Oral
CPM01445	独一味软胶囊	Duyiwei Ruanjiaonang	Oral
CPM01446	独一味丸	Duyiwei Wan	Oral
CPM01447	杜记独角膏	DuJi DuJiao Gao	Topical
CPM01448	杜羌络通酒	Duqiang Luotong Jiu	Oral
CPM01449	杜蛭丸	Duzhi wan	Oral
CPM01450	杜仲补天素胶囊	Duzhong Butiansu Jiaonang	Oral
CPM01451	杜仲补天素片	Duzhong Butiansu Pian	Oral
CPM01452	杜仲补天素丸	Duzhong Butiansu Wan	Oral
CPM01453	杜仲补腰合剂	Duzhong Buyao Heji	Oral
CPM01454	杜仲绞股蓝口服液	Duzhong Jiaogulan Koufuye	Oral
CPM01455	杜仲颗粒	Duzhong Keli	Oral
CPM01456	杜仲平压分散片	Duzhong Pingya Fensanpain	Oral
CPM01457	杜仲平压胶囊	Duzhong Pingya Jiaonang	Oral
CPM01458	杜仲平压片	Duzhong Pingya Pian	Oral
CPM01459	杜仲双降袋泡剂	Duzhong Shuangjiang Daipaoji	Oral
CPM01460	杜仲药酒	Duzhong Yaojiu	Oral
CPM01461	杜仲壮骨胶囊	Duzhong Zhuanggu Jiaonang	Oral
CPM01462	杜仲壮骨丸	Duzhong Zhuanggu Wan	Oral
CPM01463	肚痛丸	Dutong Wan	Oral
CPM01464	断血流滴丸	Duanxueliu Diwan	Oral
CPM01465	断血流分散片	Duanxueliu Fensanpian	Oral
CPM01466	断血流胶囊	Duanxueliu Jiaonang	Oral
CPM01467	断血流颗粒	Duanxueliu Keli	Oral
CPM01468	断血流口服液	Duanxueliu Koufuye	Oral
CPM01469	断血流泡腾片	Duanxueliu Paotengpian	Oral
CPM01470	断血流片	Duanxueliu Pian	Oral
CPM01471	断血流软胶囊	Duanxueliu Ruanjiaonang	Oral
CPM01472	煅石膏	Duan Shigao	Topical
CPM01473	盾叶冠心宁片	Dunye Guanxinning Pian	Oral
CPM01474	莪术油	Ezhu You	Topical
CPM01475	莪树油	Eshu You	Topical
CPM01476	蛾苓丸	Eling Wan	Oral
CPM01477	蛾贞胶丸	Ezhen Jiaowan	Oral
CPM01478	饿求齐胶囊	Eqiuqi Jiaonang	Oral
CPM01479	饿求齐颗粒	Eqiuqi Keli	Oral
CPM01480	饿求齐片	Eqiuqi Pian	Oral
CPM01481	儿宝膏	Erbao Gao	Oral
CPM01482	儿宝颗粒	Erbao Keli	Oral
CPM01483	儿感清口服液	Erganqing Koufuye	Oral
CPM01484	儿感退热宁颗粒	Ergan Tuirening Keli	Oral
CPM01485	儿感退热宁口服液	Ergan Tuirening Koufuye	Oral
CPM01486	儿咳糖浆	Erke Tangjiang	Oral
CPM01487	儿康宁糖浆	Erkangning Tangjiang	Oral
CPM01488	儿科七厘散	Erke Qili San	Oral
CPM01489	儿脾醒颗粒	Erpixing Keli	Oral
CPM01490	儿童感热清丸	Ertong Ganreqing Wan	Oral
CPM01491	儿童咳颗粒	Ertongke Keli	Oral
CPM01492	儿童咳液	Ertongke Ye	Oral
CPM01493	儿童回春颗粒	Ertong Huichun Keli	Oral
CPM01494	儿童回春丸	Ertong Huichun Wan	Oral
CPM01495	儿童七珍丸	Ertong Qizhen Wan	Oral
CPM01496	儿童清肺口服液	Ertong Qingfei Koufuye	Oral
CPM01497	儿童清肺丸	Ertong Qingfei Wan	Oral
CPM01498	儿童清热导滞丸	Ertong Qingre Daozhi Wan	Oral
CPM01499	儿童清热口服液	Ertong Qingre Koufuye	Oral
CPM01500	儿童清咽解热口服液	Ertong Qingyan Jiere Koufuye	Oral
CPM01501	儿泻康贴膜	Erxiekang Tiemo	Topical
CPM01502	儿泻停颗粒	Erxieting Keli	Oral
CPM01503	儿泻止颗粒	Erxiezhi Keli	Oral
CPM01504	儿滞灵冲剂	Erzhiling Chongji	Oral
CPM01505	尔可平糖浆	Erkeping Tangjiang	Oral
CPM01506	耳聋胶囊	Erlong Jiaonang	Oral
CPM01507	耳聋片	Erlong Pian	Oral
CPM01508	耳聋通窍丸	Erlong Tongqiao Wan	Oral
CPM01509	耳聋丸	Erlong Wan	Oral
CPM01510	耳聋左慈丸	Erlong Zuoci Wan（Shuimiwan）	Oral
CPM01511	耳炎药膏	Eryan Yaogao	Topical
CPM01512	二陈丸	Erchen Wan （Nongsuo Wan ）	Oral
CPM01513	二丁胶囊	Erding Jiaonang	Oral
CPM01514	二丁颗粒	Erding Keli	Oral
CPM01515	二丁片	Erding Pian	Oral
CPM01516	二冬膏	Erdong Gao	Oral
CPM01517	二妙丸	Ermiao Wan	Oral
CPM01518	二母安嗽片	Ermu Ansou Pian	Oral
CPM01519	二母安嗽糖浆	Ermu Ansou Tangjiang	Oral
CPM01520	二母安嗽丸	Ermu Ansou Wan	Oral
CPM01521	二母宁嗽颗粒	Ermu Ningsou Keli	Oral
CPM01522	二母宁嗽口服液	Ermu Ningsou Koufuye	Oral
CPM01523	二母宁嗽片	Ermu Ningsou Pian	Oral
CPM01524	二母宁嗽丸	Emu Ningsou Wan	Oral
CPM01525	二母清肺丸	Ermu Qingfei Wan	Oral
CPM01526	二十八味槟榔丸	Ershibawei Binglang Wan	Oral
CPM01527	二十九味能消散	Ershijiuwei Nengxiao San	Oral
CPM01528	二十六味通经胶囊	Ershiliuwei Tongjing Jiaonang	Oral
CPM01529	二十六味通经散	Ershiliuwei Tongjing San	Oral
CPM01530	二十七味定坤丸	Ershiqiwei Dingkun Wan	Oral
CPM01531	二十味沉香丸	Ershiwei Chenxiang Wan	Oral
CPM01532	二十味肉豆蔻丸	Ershiwei Roudoukou Wan	Oral
CPM01533	二十味疏肝胶囊	Ershiwei Shugan Jiaonang	Oral
CPM01534	二十五味阿魏胶囊	Ershiwuwei Awei Jiaonang	Oral
CPM01535	二十五味阿魏散	Ershiwuwei Awei San	Oral
CPM01536	二十五味大汤丸	Ershiwuwei Datang Wan	Oral
CPM01537	二十五味儿茶丸	Ershiwuwei Ercha Wan	Oral
CPM01538	二十五味肺病胶囊	Ershiwuwei Feibing Jiaonang	Oral
CPM01539	二十五味肺病丸	Ershiwuwei Feibing Wan	Oral
CPM01540	二十五味鬼臼丸	Ershiwuwei Guijiu Wan	Oral
CPM01541	二十五味驴血胶囊	Ershiwuwei Lüxue Jiaonang	Oral
CPM01542	二十五味驴血丸	Ershiwuwei Lvxue Wan	Oral
CPM01543	二十五味绿绒蒿胶囊	Ershiwuwei Lvronghao Jiaonang	Oral
CPM01544	二十五味绿绒蒿丸	Ershiwuwei Lüronghao Wan	Oral
CPM01545	二十五味马宝丸	Ershiwuwei Mabao Wan	Oral
CPM01546	二十五味珊瑚胶囊	Ershiwuwei Shanhu Jiaonang	Oral
CPM01547	二十五味珊瑚丸	Eeshiwuwei Shanhu Wan	Oral
CPM01548	二十五味松石丸	Ershiwuwei Songshi Wan	Oral
CPM01549	二十五味余甘子丸	Ershiwuwei Yuganzi Wan	Oral
CPM01550	二十五味獐牙菜丸	Ershiwuwei Zhangyacai Wan	Oral
CPM01551	二十五味珍珠片	Ershiwuwei Zhenzhu Pian	Oral
CPM01552	二十五味珍珠丸	Ershiwuwei Zhenzhu Wan	Oral
CPM01553	二十五味竺黄散	Ershiwuwei Zhuhuang San	Oral
CPM01554	二十一味寒水石散	Ershiyiwei Hanshuishi San	Oral
CPM01555	二天油	Ertian You	Topical
CPM01556	二仙膏	Erxian Gao	Oral
CPM01557	二仙口服液	Erxian Koufuye	Oral
CPM01558	二仙丸	Erxian Wan	Oral
CPM01559	二益丸	Eryi Wan	Oral
CPM01560	二至丸	Erzhi Wan（Nongsuo Wan）	Oral
CPM01561	二至益元酒	Erzhi Yiyuan Jiu	Oral
CPM01562	番泻叶颗粒	Fanxieye Keli	Oral
CPM01563	矾藤痔注射液	Fantengzhi Zhusheye	Injection
CPM01564	返魂草胶囊	Fanhuncao Jiaonang	Oral
CPM01565	返魂草颗粒	Fanhuncao Keli	Oral
CPM01566	防参止痒颗粒	Fangshenzhiyang Keli	Oral
CPM01567	防风通圣颗粒	Fangfeng Tongsheng Keli	Oral
CPM01568	防风通圣丸	Fangfeng Tongsheng Wan	Oral
CPM01569	防己关节丸	Fangji Guanjie Wan	Oral
CPM01570	防衰益寿丸	Fangshuaiyishou Wan	Oral
CPM01571	防芷鼻炎片	Fangzhi Biyan Pian	Oral
CPM01572	飞扬肠胃炎胶囊	Feiyang Changweiyan Jiaonang	Oral
CPM01573	飞扬肠胃炎片	Feiyang Changweiyan Pian	Oral
CPM01574	肥儿宝冲剂	Fei´erbao Chongji	Oral
CPM01575	肥儿宝颗粒	Feierbao Keli	Oral
CPM01576	肥儿滴丸	Feier Diwan	Oral
CPM01577	肥儿疳积颗粒	Fei’er Ganji Keli	Oral
CPM01578	肥儿口服液	Fei'er Koufuye	Oral
CPM01579	肥儿片	Fei’er Pian	Oral
CPM01580	肥儿散	Fei’er San	Oral
CPM01581	肥儿糖浆	Feier Tangjiang	Oral
CPM01582	肥儿丸	Fei'er Wan	Oral
CPM01583	肺安片	Fei´an Pian	Oral
CPM01584	肺毒清片	Feiduqing Pian	Oral
CPM01585	肺结核丸	Feijiehe Wan	Oral
CPM01586	肺力咳合剂	Feilike Heji	Oral
CPM01587	肺力咳胶囊	Feilike Jiaonang	Oral
CPM01588	肺宁分散片	Feining Fensanpian	Oral
CPM01589	肺宁胶囊	Feining Jiaonang	Oral
CPM01590	肺宁颗粒	Feining Keli	Oral
CPM01591	肺宁口服液	Feining Koufuye	Oral
CPM01592	肺宁片	Feining Pian	Oral
CPM01593	肺宁丸	Feining Wan（Nongsuoshuiwan）	Oral
CPM01594	肺气肿片	Feiqizhong Pian	Oral
CPM01595	肺热咳喘颗粒	Xiaoer Feire Kechuan Keli	Oral
CPM01596	肺热普清散	Feire Puqing San	Oral
CPM01597	肺泰胶囊	Feitai Jiaonang	Oral
CPM01598	肺心片	Feixin Pian	Oral
CPM01599	肺心夏治胶囊	Feixin Xiazhi Jiaonang	Oral
CPM01600	痱子粉	Feizi Fen	Topical
CPM01601	分清五淋丸	Fenqing Wulin Wan	Oral
CPM01602	风寒感冒颗粒	Fenghan Ganmao Keli	Oral
CPM01603	风寒感冒宁颗粒	Fenghan Ganmaoning Keli	Oral
CPM01604	风寒骨痛丸	Fenghan Gutong Wan	Oral
CPM01605	风寒咳嗽颗粒	Fenghan Kesou Keli	Oral
CPM01606	风寒咳嗽丸	Fenghan Kesou Wan	Oral
CPM01607	风寒砂熨剂	Fenghan Shayun Ji	Topical
CPM01608	风寒双离拐胶囊	Fenghan Shuangliguai Jiaonang	Oral
CPM01609	风寒双离拐片	Fenghan Shuangliguai Pian	Oral
CPM01610	风寒止痛膏	Fenghan Zhitong Gao	Topical
CPM01611	风火眼药	Fenghuo Yanyao	Topical
CPM01612	风梅颗粒	Fengmei Keli	Oral
CPM01613	风茄平喘膏	Fengqie Pingchuan Gao	Topical
CPM01614	风热感冒颗粒	Fengre Ganmao Keli	Oral
CPM01615	风热咳嗽胶囊	Fengre Kesou Jiaonang	Oral
CPM01616	风热咳嗽丸	Fengrekesou Wan	Oral
CPM01617	风热清口服液	Fengreqing Koufuye	Oral
CPM01618	风伤止痛膏	Fengshang Zhitong Gao	Topical
CPM01619	风湿安泰片	Fengshi Antai Pian	Oral
CPM01620	风湿痹康胶囊	Fengshi Bikang Jiaonang	Oral
CPM01621	风湿痹痛药酒	Fengshi Bitong Yaojiu	Oral
CPM01622	风湿跌打酊	Fengshi Dieda Ding	Topical
CPM01623	风湿定胶囊	Fengshiding Jiaonang	Oral
CPM01624	风湿定片	Fengshiding Pian	Oral
CPM01625	风湿尔康气雾剂	Fengshi Erkang Qiwuji	Topical
CPM01626	风湿二十五味丸	Fengshi Ershiwuwei Wan （Qisu -25）	Oral
CPM01627	风湿福音丸	Fengshi Fuyin Wan	Oral
CPM01628	风湿骨康片	Fengshi Gukang Pian	Oral
CPM01629	风湿骨痛胶囊	Fengshi Gutong Jiaonang	Oral
CPM01630	风湿骨痛颗粒	Fengshigutong Keli	Oral
CPM01631	风湿骨痛片	Fengshi Gutong Pian	Oral
CPM01632	风湿骨痛丸	Fengshi Gutong Wan	Oral
CPM01633	风湿骨痛药酒	Fengshi Gutong Yaojiu	Oral
CPM01634	风湿关节酒	Fengshi Guanjie Jiu	Oral
CPM01635	风湿关节炎片	Fengshi Guanjieyan Pian	Oral
CPM01636	风湿关节炎丸	Fengshi Guanjieyan Wan	Oral
CPM01637	风湿寒痛片	Fengshi Hantong Pian	Oral
CPM01638	风湿酒	Fengshi Jiu	Oral
CPM01639	风湿灵胶囊	Fengshiling Jiaonang	Oral
CPM01640	风湿灵片	Fengshiling Pian	Oral
CPM01641	风湿灵仙液	Fengshi Lingxian Ye	Oral
CPM01642	风湿马钱片	Fengshi maqian pian	Oral
CPM01643	风湿宁药酒	Fengshining Yaojiu	Oral
CPM01644	风湿喷雾剂	Fengshi Penwuji	Topical
CPM01645	风湿祛痛胶囊	Fengshi Qutong Jiaonang	Oral
CPM01646	风湿塞隆胶囊	Fengshi Sailong Jiaonang	Oral
CPM01647	风湿伤痛膏	Fengshi Shangtong Gao	Topical
CPM01648	风湿圣药胶囊	Fengshi Shengyao Jiaonang	Oral
CPM01649	风湿痛药酒	Fengshitong Yaojiu	Oral
CPM01650	风湿豨桐片	Fengshixitong Pian	Oral
CPM01651	风湿药丸	Fengshi Yaowan	Oral
CPM01652	风湿液	Fengshi Ye	Oral
CPM01653	风湿镇痛膏	Fengshi Zhentong Gao	Topical
CPM01654	风湿镇痛丸	Fengshi Zhentong Wan	Oral
CPM01655	风湿止痛丸	Fengshi Zhitong Wan	Oral
CPM01656	风湿止痛药酒	Fengshi Zhitong Yaojiu	Oral
CPM01657	风湿追风膏	Fengshi Zhuifeng Gao	Topical
CPM01658	风痛安胶囊	Fengtong'an Jiaonang	Oral
CPM01659	风痛灵	Fengtongling	Topical
CPM01660	风痛宁片	Fengtongning Pian	Oral
CPM01661	风痛片	Fengtong Pian	Oral
CPM01662	风痛丸	Fengtong Wan	Oral
CPM01663	风痛药酒	Fengtong Yaojiu	Oral
CPM01664	风油精	Fengyoujing	Oral
CPM01665	枫荷除痹酊	Fenghe Chubi Ding	Topical
CPM01666	枫蓼肠胃康滴丸	Fengliao Changweikang Diwan	Oral
CPM01667	枫蓼肠胃康分散片	Fengliao Changweikang Fensanpian	Oral
CPM01668	枫蓼肠胃康胶囊	Fengliao Changweikang Jiaonang	Oral
CPM01669	枫蓼肠胃康颗粒	Fengliao Changweikang Keli	Oral
CPM01670	枫蓼肠胃康颗粒剂	Fengliao Changweikang Keliji	Oral
CPM01671	枫蓼肠胃康口服液	Fengliao Changweikang Koufuye	Oral
CPM01672	枫蓼肠胃康片	Fengliao Changweikang Pian	Oral
CPM01673	枫蓼肠胃康软胶囊	Fengliao Changweikang Ruanjiaonang	Oral
CPM01674	枫苓合剂	Fengling Heji	Oral
CPM01675	枫香脂十味丸	Fengxiangzhi Shiwei Wan	Oral
CPM01676	封髓丸	Fengsui Wan	Oral
CPM01677	蜂参益气锭	Fengshen Yiqi Ding	Oral
CPM01678	蜂胶口腔膜	FengJiao Kouqiang Mo	Topical
CPM01679	蜂胶灵芝胶囊	Fengjiao Lingzhi Jiaonang	Oral
CPM01680	蜂胶牙泰	Fengjiao Yatai	Topical
CPM01681	蜂胶牙痛酊	Fengjiao Yatong Ding	Topical
CPM01682	冯了性风湿跌打药酒	Fengliaoxing Fengshi Dieda Yaojiu	Oral
CPM01683	肤疾洗剂	Fuji Xiji	Topical
CPM01684	肤净康洗剂	Fujingkang Xiji	Topical
CPM01685	肤康搽剂	Fukang Chaji	Topical
CPM01686	肤螨灵软膏	Fumanling Ruangao	Topical
CPM01687	肤芪止痒洗剂	Fuqi Zhiyang Xiji	Topical
CPM01688	肤舒止痒膏	Fushu Zhiyang Gao	Topical
CPM01689	肤痒胶囊	Fuyang Jiaonang	Oral
CPM01690	肤痒颗粒	Fuyang Keli	Oral
CPM01691	肤痔清软膏	Fuzhiqing Ruangao	Topical
CPM01692	扶芳参芪口服液	Fufang Shenqi Koufuye	Oral
CPM01693	扶元口服液	Fuyuan Koufuye	Oral
CPM01694	扶正补血颗粒	Fuzheng Buxue Keli	Oral
CPM01695	扶正固本颗粒	Fuzheng Guben Keli	Oral
CPM01696	扶正化瘀胶囊	Fuzheng Huayu Jiaonang	Oral
CPM01697	扶正化瘀片	Fuzheng Huayu Pian	Oral
CPM01698	扶正养生丸	Fuzheng Yangsheng Wan	Oral
CPM01699	扶正养阴片	Fuzheng Yangyin Pian	Oral
CPM01700	扶正养阴丸	Fuzheng Yangyin Wan	Oral
CPM01701	芙朴感冒颗粒	Fupo Ganmao Keli	Oral
CPM01702	芙蓉抗流感胶囊	Furong Kangliugan Jiaonang	Oral
CPM01703	芙蓉抗流感颗粒	Furong Kangliugan Keli	Oral
CPM01704	芙蓉抗流感片	Furong Kangliugan Pian	Oral
CPM01705	佛山人参再造丸	Foshan Renshen Zaizao Wan	Oral
CPM01706	茯苓白术丸	Fuling Baizhu Wan	Oral
CPM01707	茯菟丸	Futu Wan	Oral
CPM01708	茯蚁参酒	Fuyishen Jiu	Oral
CPM01709	福寿胶囊	Fushou Jiaonang	Oral
CPM01710	福字阿胶	Fuzi Ejiao	Oral
CPM01711	斧标驱风油	Fubiao Qufeng You	Topical
CPM01712	斧标正红花油	Fubiao Zhenghonghua You	Topical
CPM01713	妇宝金丸	Fubao Jin Wan	Oral
CPM01714	妇宝颗粒	Fubao Keli	Oral
CPM01715	妇必舒胶囊	Fubishu Jiaonang	Topical
CPM01716	妇必舒阴道泡腾片	Fubishu Yindao Paotengpian	Topical
CPM01717	妇得康泡沫剂	Fudekang Paomoji	Topical
CPM01718	妇肤康喷雾剂	Fufukang Penwuji	Topical
CPM01719	妇洁搽剂	Fujie Chaji	Topical
CPM01720	妇康宝合剂	Fukangbao Heji	Oral
CPM01721	妇康宝煎膏	Fukangbao Jiangao	Oral
CPM01722	妇康宝颗粒	Fukangbao Keli	Oral
CPM01723	妇康宝口服液	Fukangbao Koufuye	Oral
CPM01724	妇康胶囊	Fukang Jiaonang	Oral
CPM01725	妇康口服液	Fukang Koufuye	Oral
CPM01726	妇康宁胶囊	Fukangning Jiaonang	Oral
CPM01727	妇康宁片	Fukangning Pian	Oral
CPM01728	妇康片	Fukang Pian	Oral
CPM01729	妇康栓	Fukang Shuan	Topical
CPM01730	妇康丸	Fukang Wan	Oral
CPM01731	妇科白带膏	Fuke Baidai Gao	Oral
CPM01732	妇科白带胶囊	Fuke Baidai Jiaonang	Oral
CPM01733	妇科白带片	Fuke Baidai Pian（Tangyipian）	Oral
CPM01734	妇科白凤胶囊	Fuke Baifeng Jiaonang	Oral
CPM01735	妇科白凤颗粒	Fuke Baifeng Keli	Oral
CPM01736	妇科白凤口服液	Fuke Baifeng Koufuye	Oral
CPM01737	妇科白凤片	Fuke Baifeng Pian	Oral
CPM01738	妇科得生丸	Fuke Desheng Wan	Oral
CPM01739	妇科调经滴丸	Fuke Tiaojing Diwan	Oral
CPM01740	妇科调经胶囊	Fuke Tiaojing Jiaonang	Oral
CPM01741	妇科调经颗粒	Fuke Tiaojing Keli	Oral
CPM01742	妇科调经片	FukeTiaojing Pian	Oral
CPM01743	妇科断红饮胶囊	Fuke Duanhongyin Jiaonang	Oral
CPM01744	妇科分清丸	Fuke Fenqing Wan	Oral
CPM01745	妇科回生丸	Fuke Huisheng Wan	Oral
CPM01746	妇科金丹	Fuke Jindan	Oral
CPM01747	妇科毛鸡酒	Fuke Maoji Jiu	Oral
CPM01748	妇科宁坤丸	Fuke Ningkun Wan	Oral
CPM01749	妇科千金胶囊	Fuke Qianjin Jiaonang	Oral
CPM01750	妇科千金片	Fuke Qianjin Pian	Oral
CPM01751	妇科千金丸	Fuke Qianjin Wan	Oral
CPM01752	妇科十味胶囊	Fuke Shiwei Jiaonang	Oral
CPM01753	妇科十味片	Fuke Shiwei Pian	Oral
CPM01754	妇科通经丸	Fuke Tongjing Wan	Oral
CPM01755	妇科万应膏	Fuke Wanying Gao	Topical
CPM01756	妇科养坤丸	Fuke Yangkun Wan	Oral
CPM01757	妇科养荣胶囊	Fuke Yangrong Jiaonang	Oral
CPM01758	妇科养荣丸	Fuke Yangrong Wan （Nongsuowan ）	Oral
CPM01759	妇科养血颗粒	Fuke Yangxue Keli	Oral
CPM01760	妇科再造胶囊	Fuke Zaizao Jiaonang	Oral
CPM01761	妇科再造丸	Fuke Zaizao Wan	Oral
CPM01762	妇科止带胶囊	Fuke Zhidai Jiaonang	Oral
CPM01763	妇科止带片	Fuke Zhidai Pian	Oral
CPM01764	妇科止血灵	Fuke Zhixue Ling	Oral
CPM01765	妇科止血灵胶囊	Fuke Zhixueling Jiaonang	Oral
CPM01766	妇科止血灵片	Fuke Zhixueling Pian	Oral
CPM01767	妇科止痒片	Fuke Zhiyang Pian	Oral
CPM01768	妇可靖胶囊	Fukejing Jiaonang	Oral
CPM01769	妇乐冲剂	Fule Chongji	Oral
CPM01770	妇乐胶囊	Fule Jiaonang	Oral
CPM01771	妇乐颗粒	Fule Keli	Oral
CPM01772	妇乐片	Fule Pian	Oral
CPM01773	妇乐糖浆	Fule Tangjiang	Oral
CPM01774	妇良胶囊	Fuliang Jiaonang	Oral
CPM01775	妇良片	Fuliang Pian	Oral
CPM01776	妇宁胶囊	funing Jiaonang	Oral
CPM01777	妇宁康胶囊	Funingkang Jiaonang	Oral
CPM01778	妇宁康片	Funingkang Pian	Oral
CPM01779	妇宁颗粒	Funing Keli	Oral
CPM01780	妇宁丸	Funing Wan	Oral
CPM01781	妇女痛经丸	Funv Tongjing Wan	Oral
CPM01782	妇女养血丸	Funv Yangxue Wan	Oral
CPM01783	妇平胶囊	Fuping Jiaonang	Oral
CPM01784	妇舒丸	Fushu Wan	Oral
CPM01785	妇痛宁肠溶软胶囊	Futongning Changrongruanjiaonang	Oral
CPM01786	妇血安片	Fuxuean Pian	Oral
CPM01787	妇炎净胶囊	Fuyanjing Jiaonang	Oral
CPM01788	妇炎净片	Fuyanjing Pian	Oral
CPM01789	妇炎康分散片	Fuyankang Fensanpian	Oral
CPM01790	妇炎康复胶囊	Fuyan Kangfu Jiaonang	Oral
CPM01791	妇炎康复颗粒	Fuyan Kangfu Keli	Oral
CPM01792	妇炎康复片	Fuyan Kangfu Pian	Oral
CPM01793	妇炎康胶囊	Fuyankang Jiaonang	Oral
CPM01794	妇炎康颗粒	Fuyankang Keli	Oral
CPM01795	妇炎康片	Fuyankang Pian	Oral
CPM01796	妇炎康软胶囊	Fuyankang Ruanjiaonang	Oral
CPM01797	妇炎康丸	Fuyankang Wan	Oral
CPM01798	妇炎灵胶囊	Fuyanling Jiaonang	Topical
CPM01799	妇炎灵泡腾片	Fuyanling Paotengpian	Topical
CPM01800	妇炎灵栓	Fuyanling Shuan	Topical
CPM01801	妇炎平胶囊	Fuyanping Jiaonang	Topical
CPM01802	妇炎平散	Fuyanping San	Topical
CPM01803	妇炎平栓	Fuyanping Shuan	Topical
CPM01804	妇炎平阴道泡腾片	Fuyanping Yindao Paotengpian	Topical
CPM01805	妇炎清洗剂	Fuyanqing Xiji	Topical
CPM01806	妇炎舒胶囊	Fuyanshu Jiaonang	Oral
CPM01807	妇炎舒片	Fuyanshu Pian	Oral
CPM01808	妇炎泰颗粒	Fuyantai Keli	Oral
CPM01809	妇炎消胶囊	Fuyanxiao Jiaonang	Oral
CPM01810	妇炎消口服液	Fuyanxiao Koufuye	Oral
CPM01811	妇炎消泡腾片	Fuyanxiao Paoteng Pian	Oral
CPM01812	妇阴康洗剂	Fuyinkang Xiji	Topical
CPM01813	妇阴舒泡腾片	Fuyinshu Paotengpian	Oral
CPM01814	妇月康胶囊	Fuyuekang Jiaonang	Oral
CPM01815	妇月康颗粒	Fuyuekang Keli	Oral
CPM01816	妇月康片	Fuyuekang Pian	Oral
CPM01817	附桂风湿膏	Fugui Fengshi Gao	Topical
CPM01818	附桂骨痛胶囊	Fugui Gutong Jiaonang	Oral
CPM01819	附桂骨痛颗粒	Fugui Gutong Keli	Oral
CPM01820	附桂骨痛片	Fugui Gutong Pian	Oral
CPM01821	附桂理中丸	Fugui Lizhong Wan	Oral
CPM01822	附桂紫金膏	Fugui Zijin Gao	Topical
CPM01823	附马开痹片	Fuma Kaibi Pian	Oral
CPM01824	附片液	Fupian Ye	Oral
CPM01825	附子理中片	Fuizi Lizhong Pian	Oral
CPM01826	附子理中丸	Fuzi Lizhong Wan	Oral
CPM01827	附子理中液	Fuzi Lizhong Ye	Oral
CPM01828	复方阿胶补血膏	Fufang Ejiao Buxue Gao	Oral
CPM01829	复方阿胶补血颗粒	Fufang Ejiao Buxue Keli	Oral
CPM01830	复方阿胶浆	Fufang Ejiao Jiang	Oral
CPM01831	复方阿胶胶囊	Fufang EjiaoJiaonang	Oral
CPM01832	复方阿胶颗粒	Fufang Ejiao Keli	Oral
CPM01833	复方矮地茶胶囊	Fufang Aidicha Jiaonang	Oral
CPM01834	复方矮地茶片	Fufang Aidicha Pian	Oral
CPM01835	复方巴旦仁颗粒	Fufang Badanren Keli	Oral
CPM01836	复方白带丸	Fufang Baidai Wan	Oral
CPM01837	复方白头翁胶囊	Fufang Baitouweng Jiaonang	Oral
CPM01838	复方白头翁片	Fufang Baitouweng Pian	Oral
CPM01839	复方白芷酊	Fufang Baizhi Ding	Topical
CPM01840	复方百部止咳冲剂	Fufang Baibu Zhike Chongji	Oral
CPM01841	复方百部止咳颗粒	Fufang Baibu Zhike Keli	Oral
CPM01842	复方百部止咳糖浆	Fufang Baibu Zhike Tangjiang	Oral
CPM01843	复方斑蝥胶囊	Fufang Banmao Jiaonang	Oral
CPM01844	复方板蓝根胶囊	Fufang Banlangen Jiaonang	Oral
CPM01845	复方板蓝根颗粒	Fufang Banlangen Keli	Oral
CPM01846	复方板蓝根口服液	Fufang Banlangen Koufuye	Oral
CPM01847	复方半边莲注射液	Fufang Banbianlian Zhusheye	Injection
CPM01848	复方半夏片	Fufang Banxia Pian	Oral
CPM01849	复方北五味子片	Fufang Beiwuweizi Pian	Oral
CPM01850	复方贝母片	Fufang Beimu Pian	Oral
CPM01851	复方贝母散	Fufang Beimu San	Oral
CPM01852	复方鼻炎膏	Fufang Biyan Gao	Topical
CPM01853	复方荜茇止痛胶囊	Fufang Biba Zhitong Jiaonang	Oral
CPM01854	复方鳖甲软肝片	Fufang Biejia Ruangan Pian	Oral
CPM01855	复方补骨脂颗粒	Fufang Buguzhi Keli	Oral
CPM01856	复方藏红花油	Fufang Zanghonghua You	Topical
CPM01857	复方草豆蔻酊	Fufang Caodoukou Ding	Oral
CPM01858	复方草决明茶	Fufang Caojueming Cha	Oral
CPM01859	复方草珊瑚含片	Fufang Caoshanhu Hanpian	Oral
CPM01860	复方草玉梅含片	Fufang Caoyumei Hanpian	Oral
CPM01861	复方柴胡安神颗粒	Fufang Chaihu Anshen Keli	Oral
CPM01862	复方蟾酥膏	Fufang Chansu Gao	Topical
CPM01863	复方蟾酥丸	Fufang Chansu Wan	Oral
CPM01864	复方陈香胃片	Fufang Chenxiang Weipian	Oral
CPM01865	复方虫草补肾口服液	Fufang Chongcao Bushen Koufuye	Oral
CPM01866	复方虫草口服液	Fufang Chongcao Koufuye	Oral
CPM01867	复方虫草养血颗粒	Fufang Chongcao Yangxue Keli	Oral
CPM01868	复方川贝精胶囊	Fufang Chuanbeijing Jiaonang	Oral
CPM01869	复方川贝精颗粒	Fufang Chuanbeijing Keli	Oral
CPM01870	复方川贝精片	Fufang Chuanbeijing Pian	Oral
CPM01871	复方川贝母片	Fufang Chuanbeimu Pian	Oral
CPM01872	复方川贝清喉喷雾剂	Fufang Chuanbei Qinghou Penwuji	Topical
CPM01873	复方川贝止咳糖浆	Fufang Chuanbei Zhike Tangjiang	Oral
CPM01874	复方川芎酊	Fufang Chuanxiong Ding	Topical
CPM01875	复方川芎胶囊	Fufang Chuanxiong Jiaonang	Oral
CPM01876	复方川芎片	Fufang Chuanxiong Pian	Oral
CPM01877	复方穿心莲片	Fufang Chuanxinlian Pian	Oral
CPM01878	复方垂盆草胶囊	Fufang Chuipencao Jiaonang	Oral
CPM01879	复方垂盆草颗粒	Fufang Chuipencao Keli	Oral
CPM01880	复方垂盆草糖浆	Fufang Chuipencao Tangjiang	Oral
CPM01881	复方春砂颗粒	Fufang Chunsha Keli	Oral
CPM01882	复方刺五加片	Fufang Ciwujia Pian	Oral
CPM01883	复方刺五加温肾胶囊	Fufang Ciwujia Wenshen Jiaonang	Oral
CPM01884	复方苁蓉补肾合剂	Fufang Congrong Bushen Heji	Oral
CPM01885	复方苁蓉胶囊	Fufang Congrong Jiaonang	Oral
CPM01886	复方苁蓉益智胶囊	Fufang Congrong Yizhi Jiaonang	Oral
CPM01887	复方大红袍止血胶囊	Fufang Dahongpao Zhixue Jiaonang	Oral
CPM01888	复方大红袍止血片	Fufang Dahongpao Zhixue Pian	Oral
CPM01889	复方大黄酊	Fufang Dahuang Ding	Oral
CPM01890	复方大青叶合剂	Fufang Daqingye Heji	Oral
CPM01891	复方大青叶颗粒	Fufang Daqingye Keli	Oral
CPM01892	复方大青叶栓	Fufang Daqingye Shuan	Topical
CPM01893	复方大青叶注射液	Fufang Daqingye Zhusheye	Injection
CPM01894	复方大蒜油胶囊	Fufang Dasuanyou Jiaonang	Oral
CPM01895	复方丹参肠溶胶囊	Fufang Danshen Changrong Jiaonang	Oral
CPM01896	复方丹参滴丸	Fufang Danshen Diwan	Oral
CPM01897	复方丹参含片	Fufang Danshen Hanpian	Oral
CPM01898	复方丹参颗粒	Fufang Danshen Keli	Oral
CPM01899	复方丹参口服液	Fufang Danshen Koufuye	Oral
CPM01900	复方丹参喷雾剂	Fufang Danshen Penwuji	Topical
CPM01901	复方丹参片	Fufang Danshen Pian	Oral
CPM01902	复方丹参软胶囊	Fufang Danshen Ruanjiaonang	Oral
CPM01903	复方丹参丸	Fufang Danshen Wan	Oral
CPM01904	复方丹茵膏	Fufang Danyin Gao	Oral
CPM01905	复方丹栀颗粒	Fufang Danzhi Keli	Oral
CPM01906	复方丹蛭片	Fufang Danzhi Pian	Oral
CPM01907	复方胆通胶囊	Fufang Dantong Jiaonang	Oral
CPM01908	复方胆通片	Fufang Dantong Pian	Oral
CPM01909	复方当归注射液	Fufang Danggui Zhusheye	Injection
CPM01910	复方党参片	Fufang Dangshen Pian	Oral
CPM01911	复方地茯口服液	Fufang Difu Koufuye	Oral
CPM01912	复方地黄补肾酒	Fufang Dihuang Bushen Jiu	Oral
CPM01913	复方地锦胶囊	Fufang Dijin Jiaonang	Oral
CPM01914	复方地龙胶囊	Fufang Dilong Jiaonang	Oral
CPM01915	复方地龙片	Fufang Dilong Pian	Oral
CPM01916	复方蒂达胶囊	Fufang Dida Jiaonang	Oral
CPM01917	复方滇鸡血藤膏	Fufang Dianjixueteng Gao	Oral
CPM01918	复方丁香开胃贴	Fufang Dingxiang Kaiwei Tie	Topical
CPM01919	复方丁香罗勒油	Fufang Dingxiang Luoleyou	Topical
CPM01920	复方冬凌草含片	Fufang Donglingcao Hanpian	Oral
CPM01921	复方杜鹃片	Fufang Dujuan Pian	Oral
CPM01922	复方杜仲扶正合剂	Fufang Duzhong Fuzheng Heji	Oral
CPM01923	复方杜仲健骨颗粒	Fufang Duzhong Jiangu Keli	Oral
CPM01924	复方杜仲胶囊	Fufang Duzhong Jiaonang	Oral
CPM01925	复方杜仲片	Fufang Duzhong Pian	Oral
CPM01926	复方杜仲强腰酒	Fufang Duzhong Qiangyao Jiu	Oral
CPM01927	复方杜仲丸	Fufang Duzhong Wan	Oral
CPM01928	复方杜仲壮腰胶囊	Fufang Duzhong Zhuangyao Jiaonang	Oral
CPM01929	复方莪术油软胶囊	Fufang Ezhuyou Ruanjiaonang	Oral
CPM01930	复方风湿搽剂	Fufang Fengshi Chaji	Topical
CPM01931	复方风湿宁胶囊	Fufang Fengshining Jiaonang	Oral
CPM01932	复方风湿宁颗粒	Fufang Fengshining Keli	Oral
CPM01933	复方风湿宁片	Fufang Fengshining Pian	Oral
CPM01934	复方风湿宁注射液	Fufang Fengshining Zhusheye	Injection
CPM01935	复方风湿药酒	Fufang Fengshi Yaojiu	Oral
CPM01936	复方蜂王精胶囊	Fufang Fengwangjing Jiaonang	Topical
CPM01937	复方扶芳藤合剂	Fufang Fufangteng Heji	Oral
CPM01938	复方扶芳藤胶囊	Fufang Fufangteng Jiaonang	Oral
CPM01939	复方芙蓉泡腾栓	Fufang Furong Paoteng Shuan	Topical
CPM01940	复方芙蓉叶酊	Fufang Furongye Ding	Topical
CPM01941	复方感冒胶囊	Fufang Ganmao Jiaonang	Oral
CPM01942	复方感冒灵胶囊	Fufang Ganmaoling Jiaonang	Oral
CPM01943	复方感冒灵颗粒	Fufang Ganmaoling Keli	Oral
CPM01944	复方感冒灵片	Fufang Ganmaoling Pian	Oral
CPM01945	复方感冒片	Fufang Ganmao Pian	Oral
CPM01946	复方岗松洗液	Fufang Gangsong Xiye	Topical
CPM01947	复方岗松止痒洗液	Fufang Gangsong Zhiyang Xiye	Topical
CPM01948	复方高山红景天口服液	Fufang Gaoshan Hongjingtian Koufuye	Oral
CPM01949	复方高滋斑片	Fufang Gaoziban Pian	Oral
CPM01950	复方公英胶囊	Fufang Gongying Jiaonang	Oral
CPM01951	复方公英片	Fufang Gongying Pian	Oral
CPM01952	复方钩藤片	Fufang Gouteng Pian	Oral
CPM01953	复方枸杞子膏	Fufang Gouqizi Gao	Oral
CPM01954	复方枸杞子胶囊	Fufang Gouqizi Jiaonang	Oral
CPM01955	复方枸杞子颗粒	Fufang Gouqizi Keli	Oral
CPM01956	复方瓜子金含片	Fufang Guazijin Hanpian	Oral
CPM01957	复方瓜子金胶囊	Fufang Guazijin Jiaonang	Oral
CPM01958	复方瓜子金颗粒	Fufang Guazijin Keli	Oral
CPM01959	复方瓜子金片	Fufang Guazijin Pian	Oral
CPM01960	复方蛤蚧口服液	Fufang Gejie Koufuye	Oral
CPM01961	复方蛤青胶囊	Fufang Geqing Jiaonang	Oral
CPM01962	复方蛤青片	Fufang Haqing Pian	Oral
CPM01963	复方蛤青注射液	Fufang Haqing Zhusheye	Injection
CPM01964	复方咳喘胶囊	Fufang Kechuan Jiaonang	Oral
CPM01965	复方海龙口服液	Fufang Hailong Koufuye	Oral
CPM01966	复方海蛇酊	Fufang Haishe Ding	Oral
CPM01967	复方海蛇胶囊	Fufang Haishe Jiaonang	Oral
CPM01968	复方和血丸	Fufang Hexue Wan	Oral
CPM01969	复方黑蚁健肾酒	Fufang Heiyi Jianshen Jiu	Oral
CPM01970	复方红豆杉胶囊	Fufang Hongdoushan Jiaonang	Oral
CPM01971	复方红根草片	Fufang Honggencao Pian	Oral
CPM01972	复方红衣补血口服液	Fufang Hongyibuxue Koufuye	Oral
CPM01973	复方猴头胶囊	Fufang Houtou Jiaonang	Oral
CPM01974	复方虎杖片	Fufang Huzhang Pian	Oral
CPM01975	复方虎杖烧伤油	Fufang Huzhang Shaoshang You	Topical
CPM01976	复方花粉调脂胶囊	Fufang Huafen Tiaozhi Jiaonang	Oral
CPM01977	复方花粉舒肝口服液	Fufang Huafen Shugan Koufuye	Oral
CPM01978	复方黄柏祛癣搽剂	Fufang Huangbai Quxuan Chaji	Topical
CPM01979	复方黄柏液涂剂	Fufang Huangbaiye Tuji	Topical
CPM01980	复方黄黛片	Fufang Huangdai Pian	Oral
CPM01981	复方黄连素片	Fufang Huangliansu Pian	Oral
CPM01982	复方黄芪健脾口服液	Fufanghuangqi Jianpi Koufuye	Oral
CPM01983	复方黄芪口服液	Fufang Huangqi Koufuye	Oral
CPM01984	复方黄芪益气口服液	Fufang Huangqi Yiqi Koufuye	Oral
CPM01985	复方黄芩含漱液	Fufang Huangqin Hanshuye	Topical
CPM01986	复方黄芩片	Fufang Huangqin Pian	Oral
CPM01987	复方黄松湿巾	Fufang Huangsong Shijin	Topical
CPM01988	复方黄松洗液	Fufang Huangsong Xiye	Topical
CPM01989	复方活脑舒胶囊	Fufang Huonaoshu Jiaonang	Oral
CPM01990	复方藿香片	Fufang Huoxiang Pian	Oral
CPM01991	复方鸡骨草胶囊	Fufang Jigucao Jiaonang	Oral
CPM01992	复方鸡内金片	Fufang Jineijin Pian	Oral
CPM01993	复方鸡血藤膏	Fufang Jixueteng Gao	Oral
CPM01994	复方积雪草片	Fufang Jixuecao Pian	Oral
CPM01995	复方吉祥草含片	Fufang Jixiangcao Hanpian	Oral
CPM01996	复方降脂胶囊	Fufang Jiangzhi Jiaonang	Oral
CPM01997	复方降脂片	Fufang Jiangzhi Pian	Oral
CPM01998	复方金凤搽剂	Fufang Jinfeng Chaji	Topical
CPM01999	复方金黄连颗粒	Fufang Jinhuanglian Keli	Oral
CPM02000	复方金黄连糖浆	Fufang Jinhuanglian Tangjiang	Oral
CPM02001	复方金连胶囊	Fufang Jinlian Jiaonang	Oral
CPM02002	复方金连颗粒	Fufang Jinlian Keli	Oral
CPM02003	复方金蒲胶囊	Fufang Jinpu Jiaonang	Oral
CPM02004	复方金蒲片	Fufang Jinpu Pian	Oral
CPM02005	复方金钱草颗粒	Fufang Jinqiancao Keli	Oral
CPM02006	复方金钱草清热颗粒	Fufang Jinqiancao Qingre Keli	Oral
CPM02007	复方金银花颗粒	Fufang Jinyinhua Keli	Oral
CPM02008	复方荆芥熏洗剂	Fufang Jingjie Xunxiji	Topical
CPM02009	复方救必应胶囊	Fufang Jiubiying Jiaonang	Oral
CPM02010	复方桔梗止咳片	Fufang Jiegeng Zhike Pian	Oral
CPM02011	复方菊花颗粒	Fufang Juhua Keli	Oral
CPM02012	复方决明胶囊	Fufang Jueming Jiaonang	Oral
CPM02013	复方决明片	Fufang Jueming Pian	Oral
CPM02014	复方卡力孜然酊	Fufang Kaliziran Ding	Topical
CPM02015	复方苦参肠炎康片	Fufang Kushen Changyankang Pian	Oral
CPM02016	复方苦参注射液	Fufang Kushen Zhusheye	Injection
CPM02017	复方苦木消炎分散片	Fufang Kumu Xiaoyan Fensanpian	Oral
CPM02018	复方苦木消炎胶囊	Fufang Kumu Xiaoyan Jiaonang	Oral
CPM02019	复方苦木消炎片	Fufang Kumu Xiaoyan Pian	Oral
CPM02020	复方蓝花柴胡颗粒	Fufang Lanhuachaihu Keli	Oral
CPM02021	复方勒马回颗粒	Fufang Lemahui Keli	Oral
CPM02022	复方梨膏	Fufang Ligao	Oral
CPM02023	复方梨汁润肺茶	Fufang Lizhi Runfei Cha	Oral
CPM02024	复方连蒲颗粒	Fufang Lianpu Keli	Oral
CPM02025	复方两面针含片	Fufang Liangmianzhen Hanpian	Oral
CPM02026	复方灵芝安神口服液	Fufang Lingzhi Anshen Koufuye	Oral
CPM02027	复方灵芝冲剂	Fufang Lingzhi Chongji	Oral
CPM02028	复方灵芝颗粒	Fufang Lingzhi Keli	Oral
CPM02029	复方灵芝片	Fufang Lingzhi Pian	Oral
CPM02030	复方羚角降压胶囊	Fufang Lingjiao Jiangya Jiaonang	Oral
CPM02031	复方羚角降压片	Fufang Lingjiao Jiangya Pian	Oral
CPM02032	复方柳菊片	Fufang Liuju Pian	Oral
CPM02033	复方龙胆酊	Fufang Longdan Ding	Oral
CPM02034	复方龙血竭胶囊	Fufang Longxuejie Jiaonang	Oral
CPM02035	复方陇马陆胃药片	Fufang Longmalu Weiyao Pian	Oral
CPM02036	复方芦荟胶囊	Fufang Luhui Jiaonang	Oral
CPM02037	复方芦荟片	Fufang Luhui Pian	Oral
CPM02038	复方芦笋合剂	Fufang Lusun Heji	Oral
CPM02039	复方鹿参膏	Fufang Lushen Gao	Oral
CPM02040	复方鹿茸健骨胶囊	Fufang Lurong Jiangu Jiaonang	Oral
CPM02041	复方鹿茸酒	Fufang Lurong Jiu	Oral
CPM02042	复方鹿仙草胶囊	Fufang Luxiancao Jiaonang	Oral
CPM02043	复方鹿仙草颗粒	Fufang Luxiancao Keli	Oral
CPM02044	复方鹿仙草片	Fufang Luxiancao Pian	Oral
CPM02045	复方罗布麻颗粒	Fufang Luobuma Keli	Oral
CPM02046	复方罗汉果含片	Fufang Luohanguo Hanpian	Oral
CPM02047	复方罗汉果清肺颗粒	Fufang Luohanguo Qingfei Keli	Oral
CPM02048	复方罗汉果止咳颗粒	Fufang Luohanguo Zhike Keli	Oral
CPM02049	复方罗汉果止咳片	Fufang Luohanguo Zhike Pian	Oral
CPM02050	复方马缨丹片	Fufang Mayingdan Pian	Oral
CPM02051	复方蚂蚁活络胶囊	Fufang Mayi Huoluo Jiaonang	Oral
CPM02052	复方蚂蚁胶囊	Fufang Mayi Jiaonang	Oral
CPM02053	复方满山白颗粒	Fufang Manshanbai Keli	Oral
CPM02054	复方满山白糖浆	Fufang Manshanbai Tangjiang	Oral
CPM02055	复方满山红胶囊	Fufang Manshanhong Jiaonang	Oral
CPM02056	复方满山红糖浆	Fufang Manshanhong Tangjiang	Oral
CPM02057	复方曼陀罗药水	Fufang Mantuoluo Yaoshui	Oral
CPM02058	复方木鸡合剂	Fufang Muji Heji	Oral
CPM02059	复方木鸡颗粒	Fufang Muji Keli	Oral
CPM02060	复方木麻黄胶囊	Fufang Mumahuang Jiaonang	Oral
CPM02061	复方木麻黄片	Fufang Mumahuang Pian	Oral
CPM02062	复方木尼孜其颗粒	Fufang Muniziqi Keli	Oral
CPM02063	复方南板蓝根颗粒	Fufang Nanbanlangen Keli	Oral
CPM02064	复方南板蓝根片	Fufang Nanbanlangen Pian	Oral
CPM02065	复方南五加口服液	Fufang Nanwujia Koufuye	Oral
CPM02066	复方南星止痛膏	Fufang Nanxing Zhitong Gao	Topical
CPM02067	复方牛黄清胃丸	Fufang Niuhuang Qingwei Wan	Oral
CPM02068	复方牛黄消炎胶囊	Fufang Niuhuang Xiaoyan Jiaonang	Oral
CPM02069	复方枇杷糖浆	Fufang Pipa Tangjiang	Oral
CPM02070	复方枇杷叶膏	Fufang Pipaye Gao	Oral
CPM02071	复方枇杷止咳颗粒	Fufang Pipa Zhike Keli	Oral
CPM02072	复方片仔癀含片	Fufang Pianzihuang Hanpian	Oral
CPM02073	复方片仔癀痔疮软膏	Fufang Pianzihuang Zhichuang Ruangao	Topical
CPM02074	复方平贝口服液	Fufang Pingbei Koufuye	Oral
CPM02075	复方蒲公英注射液	Fufang Pugongying Zhusheye	Injection
CPM02076	复方蒲芩胶囊	Fufang Puqin Jiaonang	Oral
CPM02077	复方蒲芩片	Fufang Puqin Pian	Oral
CPM02078	复方杞草胶囊	Fufang Qicao Jiaonang	Oral
CPM02079	复方气管炎胶囊	Fufang Qiguanyan Jiaonang	Oral
CPM02080	复方气管炎片	Fufang Qiguanyan Pian	Oral
CPM02081	复方牵正膏	Fufang Qianzheng Gao	Topical
CPM02082	复方芩兰口服液	Fufang Qinlan Koufuye	Oral
CPM02083	复方青黛胶囊	Fufang Qingdai Jiaonang	Oral
CPM02084	复方青黛片	Fufang Qingdai Pian	Oral
CPM02085	复方青黛丸	Fufang Qingdai Wan（Shuiwan）	Oral
CPM02086	复方青橄榄利咽含片	Fufang Qingganlan Liyan Hanpian	Oral
CPM02087	复方青果颗粒	Fufang Qingguo Keli	Oral
CPM02088	复方青蒿搽剂	Fufang Qinghao Chaji	Topical
CPM02089	复方青蒿喷雾剂	Fufang Qinghao Penwuji	Topical
CPM02090	复方清带灌注液		Topical
CPM02091	复方清带散	Fufang Qingdai San	Topical
CPM02092	复方驱虫斑鸠菊丸	Fufang Quchong Banjiuju Wan	Oral
CPM02093	复方拳参片	Fufang Quanshen Pian	Oral
CPM02094	复方热敷散	Fufang Refu San	Topical
CPM02095	复方人参益肾胶囊	Fufang Renshen Yishen Jiaonang	Oral
CPM02096	复方忍冬野菊感冒片	Fufang Rendong Yeju Ganmao Pian	Oral
CPM02097	复方塞隆胶囊	Fufang Sailong Jiaonang	Oral
CPM02098	复方塞隆片	Fufang Sailong Pian	Oral
CPM02099	复方三七补血胶囊	Fufang Sanqi Buxue Jiaonang	Oral
CPM02100	复方三七补血片	Fufang Sanqi Buxue Pian	Oral
CPM02101	复方三七冻疮软膏	Fufang Sanqi Dongchuang Ruangao	Topical
CPM02102	复方三七胶囊	Fufang Sanqi Jiaonang	Oral
CPM02103	复方三七片	Fufang Sanqi Pian	Oral
CPM02104	复方三七丸	Fufang Sanqi Wan	Oral
CPM02105	复方三叶香茶菜片	Fufang Sanyexiangchacai Pian	Oral
CPM02106	复方桑菊感冒胶囊	Fufang Sangju Ganmao Jiaonang	Oral
CPM02107	复方桑菊感冒颗粒	Fufang Sangju Ganmao Keli	Oral
CPM02108	复方桑菊感冒片	Fufang Sangju Ganmao Pian	Oral
CPM02109	复方桑椹合剂	Fufang Sangshen Heji	Oral
CPM02110	复方沙棘籽油栓	Fufang Shajiziyou Shuan	Topical
CPM02111	复方伤复宁膏	Fufang Shangfuning Gao	Topical
CPM02112	复方伤痛胶囊	Fufang Shangtong Jiaonang	Oral
CPM02113	复方蛇胆陈皮末	Fufang Shedan Chenpi Mo	Oral
CPM02114	复方蛇胆川贝末	Fufang Shedan Chuanbei Mo	Oral
CPM02115	复方蛇胆川贝散	Fufang Shedan Chuanbei San	Oral
CPM02116	复方蛇胆清热搽剂	Fufang Shedan Qingre Chaji	Topical
CPM02117	复方蛇油烫伤膏	Fufang Sheyou Tangshanggao	Topical
CPM02118	复方蛇脂软膏	Fufang Shezhi Ruangao	Topical
CPM02119	复方麝香注射液	Fufang Shexiang Zhusheye	Injection
CPM02120	复方伸筋胶囊	Fufang Shenjin Jiaonang	Oral
CPM02121	复方肾炎片	Fufang Shenyan Pian	Oral
CPM02122	复方石斛片	Fufang Shihu Pian	Oral
CPM02123	复方石淋通胶囊	Fufang Shilintong Jiaonang	Oral
CPM02124	复方石淋通片	Fufang Shilintong Pian	Oral
CPM02125	复方石韦胶囊	Fufang Shiwei Jiaonang	Oral
CPM02126	复方石韦咀嚼片	Fufang Shiwei Jujuepian	Oral
CPM02127	复方石韦颗粒	Fufang Shiwei Keli	Oral
CPM02128	复方石韦片	Fufang Shiwei Pian	Oral
CPM02129	复方手参丸	Fufang Shoushen Wan	Oral
CPM02130	复方手参益智胶囊	Fufang Shoushen Yizhi Jiaonang	Oral
CPM02131	复方首乌补液	Fufang Shouwu Buye	Oral
CPM02132	复方首乌地黄丸	Fufang Shouwu Dihuangwan	Oral
CPM02133	复方首乌口服液	Fufang Shouwu Koufuye	Oral
CPM02134	复方双花咀嚼片	Fufang Shuanghua Jujuepian	Oral
CPM02135	复方双花颗粒	Fufang Shuanghua Keli	Oral
CPM02136	复方双花口服液	Fufang Shuanghua Koufuye	Oral
CPM02137	复方双花片	Fufang Shuanghua Pian	Oral
CPM02138	复方双花糖浆	Fufang Shuanghua Tangjiang	Oral
CPM02139	复方双花藤止痒搽剂	Fufang Shuanghuateng Zhiyang Chaji	Topical
CPM02140	复方双金痔疮膏	Fufang Shuangjin Zhichuang Gao	Topical
CPM02141	复方斯亚旦生发酊	Fufang Siyadan Shengfa Ding	Topical
CPM02142	复方斯亚旦生发油	Fufang Siyadan Shengfa You	Topical
CPM02143	复方松茸胶囊	Fufang Songrong Jiaonang	Oral
CPM02144	复方酸藤消痔胶囊	Fufang Suanteng Xiaozhi Jiaonang	Oral
CPM02145	复方锁阳口服液	Fufang Suoyang Koufuye	Oral
CPM02146	复方胎盘片	Fufang Taipan Pian	Oral
CPM02147	复方太子参口服液	Fufang Taizishen Koufuye	Oral
CPM02148	复方太子参止咳益气散	Fufang Taizishen Zhike Yiqi San	Oral
CPM02149	复方藤果痔疮栓	Fu Fang Teng Guo Zhi Chuang Shuan	Topical
CPM02150	复方天麻颗粒	Fufang Tianma Keli	Oral
CPM02151	复方天麻片	Fufang Tianma Pian	Oral
CPM02152	复方天仙胶囊	Fufang Tianxian Jiaonang	Oral
CPM02153	复方田七胃痛胶囊	Fufang Tianqi Weitong Jiaonang	Oral
CPM02154	复方田七胃痛片	Fufang Tianqi Weitong Pian	Oral
CPM02155	复方桐叶烧伤油	Fufang Tongye Shaoshang You	Topical
CPM02156	复方透骨香乳膏	Fufang Touguxiang Rugao	Topical
CPM02157	复方土槿皮酊	Fufang Tujinpi Ding	Topical
CPM02158	复方土荆皮凝胶	Fufang Tujingpi Ningjiao	Topical
CPM02159	复方万年青胶囊	Fufang Wannianqing Jiaonang	Oral
CPM02160	复方胃宁胶囊	Fufang Weining Jiaonang	Oral
CPM02161	复方胃痛胶囊	Fufang Weitong Jiaonang	Oral
CPM02162	复方乌槟颗粒	Fufang Wubing Keli	Oral
CPM02163	复方乌鸡胶囊	Fufang Wuji Jiaonang	Oral
CPM02164	复方乌鸡酒	Fufang Wuji Jiu	Oral
CPM02165	复方乌鸡颗粒	Fufang Wuji Keli	Oral
CPM02166	复方乌鸡口服液	Fufang Wuji Koufuye	Oral
CPM02167	复方乌鸡丸	Fufang Wuji Wan	Oral
CPM02168	复方乌梅祛暑颗粒	Fufang Wumei Qushu Keli	Oral
CPM02169	复方无花果含片	Fufang Wuhuaguo Hanpian	Oral
CPM02170	复方五仁醇胶囊	Fufang Wurenchun Jiaonang	Oral
CPM02171	复方五味子酊	Fufang Wuweizi Ding	Oral
CPM02172	复方五指柑胶囊	Fufang Wuzhigan Jiaonang	Oral
CPM02173	复方五指柑片	Fufang Wuzhigan Pian	Oral
CPM02174	复方西羚解毒胶囊	Fufang Xiling Jiedu Jiaonang	Oral
CPM02175	复方西羚解毒片	Fufang Xiling Jiedu Pian	Oral
CPM02176	复方西羚解毒丸	Fufang Xiling Jiedu Wan	Oral
CPM02177	复方夏枯草降压颗粒	Fufang Xiakucao Jiangya Keli	Oral
CPM02178	复方夏枯草降压糖浆	Fufang Xiakucao Jiangya Tangjiang	Oral
CPM02179	复方夏天无片	Fufang Xiatianwu Pian	Oral
CPM02180	复方仙鹤草肠炎胶囊	Fufang Xianhecao Changyan Jiaonang	Oral
CPM02181	复方仙鹤草肠炎片	Fufang Xianhecao Changyan Pian	Oral
CPM02182	复方仙灵风湿酒	Fufang Xianling Fengshi Jiu	Oral
CPM02183	复方仙茅补肾口服液	Fufang Xianmao Bushen Koufuye	Oral
CPM02184	复方鲜石斛胶囊	Fufang Xianshihu Jiaonang	Oral
CPM02185	复方鲜石斛颗粒	Fufang Xianshihu Keli	Oral
CPM02186	复方鲜竹沥液	Fufang Xianzhuli Ye	Oral
CPM02187	复方香薷水	Fufang Xiangru Shui	Oral
CPM02188	复方消食茶	Fufang Xiaoshi Cha	Oral
CPM02189	复方消痔栓	Fufang Xiaozhi Shuan	Topical
CPM02190	复方小儿退热栓	Fufang Xiao’er Tuire Shuan	Topical
CPM02191	复方小活络丸	Fufang Xiaohuoluo Wan	Oral
CPM02192	复方杏香兔耳风胶囊	Fufang Xingxiangtu’erfeng Jiaonang	Oral
CPM02193	复方杏香兔耳风颗粒	Fufang Xingxiang Tu'erfeng Keli	Oral
CPM02194	复方杏香兔耳风口服液	Fufang Xingxiangtu´erfeng Koufuye	Oral
CPM02195	复方杏香兔耳风片	Fufang Xingxiangtu´erfeng Pian	Oral
CPM02196	复方雄蛾强肾胶囊	Fufang Xiong’e Qiangshen Jiaonang	Oral
CPM02197	复方雄蛾益精口服液	Fufang Xiong´e Yijing Koufuye	Oral
CPM02198	复方雄蛾益阳胶囊	Fufang Xiong 'e Yiyang Jiaonang	Oral
CPM02199	复方雄蛾益阳口服液	Fufang Xiong'e Yiyang Koufuye	Oral
CPM02200	复方熊胆滴眼液	Fufang Xiongdan Diyanye	Topical
CPM02201	复方熊胆清肝颗粒	Fufang Xiongdan Qinggan Keli	Oral
CPM02202	复方熊胆通鼻喷雾剂	Fufang Xiongdan Tongbi Penwuji	Topical
CPM02203	复方熊胆乙肝胶囊	Fufang Xiongdan Yigan Jiaonang	Oral
CPM02204	复方玄驹胶囊	Fufang Xuanju Jiaonang	Oral
CPM02205	复方玄驹益气片	Fufang Xuanju Yiqi Pian	Oral
CPM02206	复方雪莲胶囊	Fufang Xuelian Jiaonang	Oral
CPM02207	复方雪莲软胶囊	Fufang Xuelian Ruanjiaonang	Oral
CPM02208	复方雪莲烧伤膏	Fufang Xuelian Shaoshang Gao	Topical
CPM02209	复方血栓通滴丸	Fufang Xueshuantong Diwan	Oral
CPM02210	复方血栓通胶囊	Fufang Xueshuantong Jiaonang	Oral
CPM02211	复方血栓通颗粒	Fufang Xueshuantong Keli	Oral
CPM02212	复方血栓通片	Fufang Xueshuantong Pian	Oral
CPM02213	复方血栓通软胶囊	Fufang Xueshuantong Ruanjiaonang	Oral
CPM02214	复方血藤药酒	Fufang Xueteng Yaojiu	Oral
CPM02215	复方牙痛酊	Fufang Yatong Ding	Topical
CPM02216	复方牙痛宁搽剂	Fufang Yatongning Chaji	Topical
CPM02217	复方岩连片	Fufang Yanlian Pian	Oral
CPM02218	复方羊肝丸	Fufang Yanggan Wan	Oral
CPM02219	复方羊角胶囊	Fufang Yangjiao Jiaonang	Oral
CPM02220	复方羊角颗粒	Fufang Yangjiao Keli	Oral
CPM02221	复方羊角片	Fufang Yangjiao Pian	Oral
CPM02222	复方羊胎盘补肾口服液	Fufang Yangtaipan Bushen Koufeye	Oral
CPM02223	复方洋参王浆胶囊	Fufng Yangshen Wangjiang Jiaonang	Oral
CPM02224	复方洋参止咳胶囊	Fufang Yangshen Zhike Jiaonang	Oral
CPM02225	复方野菊感冒颗粒	Fufang Yeju Ganmao Keli	Oral
CPM02226	复方野马追糖浆	Fufang Yemazhui Tangjiang	Oral
CPM02227	复方一枝蒿片	Fufang yizhihao Pian	Oral
CPM02228	复方一枝黄花喷雾剂	Fufang Yizhihuanghua Penwuji	Topical
CPM02229	复方益肝丸	Fufang Yigan Wan	Oral
CPM02230	复方益母草膏	Fufang Yimucao Gao	Oral
CPM02231	复方益母草胶囊	Fufang Yimucao Jiaonang	Oral
CPM02232	复方益母草流浸膏	Fufang Yimucao Liujingao	Oral
CPM02233	复方益母胶囊	Fufang Yimu Jiaonang	Oral
CPM02234	复方益母颗粒	Fufang Yimu Keli	Oral
CPM02235	复方益母片	Fufang Yimu Pian	Oral
CPM02236	复方益母养肾口服液	Fufang Yimu Yangshen Koufuye	Oral
CPM02237	复方益智补肾口服液	Fufang Yizhi Bushen Koufuye	Oral
CPM02238	复方茵陈糖浆	Fufang Yinchen Tangjiang	Oral
CPM02239	复方银花解毒颗粒	Fufang Yinhua Jiedu Keli	Oral
CPM02240	复方淫羊藿口服液	Fufang Yinyanghuo Koufuye	Oral
CPM02241	复方余甘子利咽含片	Fufang Yuganzi Liyan Hanpian	Oral
CPM02242	复方余甘子利咽片	Fufang Yuganzi Liyan Pian	Oral
CPM02243	复方鱼腥草滴丸	Fufang Yuxingcao Diwan	Oral
CPM02244	复方鱼腥草合剂	Fufang Yuxingcao Heji	Oral
CPM02245	复方鱼腥草胶囊	Fufang Yuxingcao Jiaonang	Oral
CPM02246	复方鱼腥草颗粒	Fufang Yuxingcao Keli	Oral
CPM02247	复方鱼腥草片	Fufang Yuxingcao Pian	Oral
CPM02248	复方鱼腥草软胶囊	Fufang Yuxingcao Ruanjiaonang	Oral
CPM02249	复方鱼腥草糖浆	Fufang Yuxingcao Tangjiang	Oral
CPM02250	复方元胡止痛胶囊	Fufang Yuanhu Zhitong Jiaonang	Oral
CPM02251	复方元胡止痛片	Fufang Yuanhu Zhitong Pian	Oral
CPM02252	复方枣仁胶囊	Fufang Zaoren Jiaonang	Oral
CPM02253	复方皂矾丸	Fufang Zaofan Wan	Oral
CPM02254	复方樟脑软膏	Fufang Zhangnao Ruangao	Topical
CPM02255	复方鹧鸪菜散	Fufang Zhegucai San	Oral
CPM02256	复方珍珠暗疮胶囊	Fufang Zhenzhu Anchuang Jiaonang	Oral
CPM02257	复方珍珠暗疮片	Fufang Zhenzhu Anchuang Pian	Oral
CPM02258	复方珍珠解毒口服液	Fufang Zhenzhu Jiedu Koufuye	Oral
CPM02259	复方珍珠口疮颗粒	Fufang Zhenzhu Kouchuang Keli	Oral
CPM02260	复方珍珠口服液	Fufang Zhenzhu Koufuye	Oral
CPM02261	复方珍珠散	Fufang Zhenzhu San	Topical
CPM02262	复方栀子膏	Fufang Zhizi Gao	Topical
CPM02263	复方栀子气雾剂	Fufang Zhizi Qiwuji	Topical
CPM02264	复方栀子止痛膏	Fufang Zhizi Zhitong Gao	Topical
CPM02265	复方止咳胶囊	Fufang Zhike Jiaonang	Oral
CPM02266	复方止咳片	Fufang Zhike Pian	Oral
CPM02267	复方制金柑颗粒	Fufang Zhijingan Keli	Oral
CPM02268	复方重楼酊	Fufang Chonglou Ding	Topical
CPM02269	复方追风膏	Fufang Zhuifeng Gao	Topical
CPM02270	复方滋补力膏	Fufang Zibuli Gao	Oral
CPM02271	复方紫参颗粒	Fufang Zishen Keli	Oral
CPM02272	复方紫草气雾剂	Fufang Zicao Qiwuji	Topical
CPM02273	复方紫草油	Fufang Zicao You	Topical
CPM02274	复方紫荆消伤巴布膏	Fufang Zijing Xiaoshang Babugao	Topical
CPM02275	复方紫苏油软胶囊	Fufang Zisuyou Ruanjiaonang	Topical
CPM02276	复方祖司麻止痛膏	Fufang Zusima Zhitong Gao	Topical
CPM02277	复肝康胶囊	Fugankang Jiaonang	Oral
CPM02278	复肝康颗粒	Fugankang Keli	Oral
CPM02279	复肝能胶囊	Fuganneng Jiaonang	Oral
CPM02280	复肝能片	Fuganneng Pian	Oral
CPM02281	复肝宁胶囊	Fuganning Jiaonang	Oral
CPM02282	复肝宁颗粒	Fuganning Keli	Oral
CPM02283	复脉定胶囊	Fumaiding Jiaonang	Oral
CPM02284	复明胶囊	Fuming Jiaonang	Oral
CPM02285	复明颗粒	Fuming Keli	Oral
CPM02286	复明片	Fuming Pian	Oral
CPM02287	复芪止汗颗粒	Fuqi Zhihan Keli	Oral
CPM02288	复肾宁胶囊	Fushenning Jiaonang	Oral
CPM02289	复肾宁片	Fushenning Pian	Oral
CPM02290	复生康胶囊	Fushengkang Jiaonang	Oral
CPM02291	复生康片	Fushengkang Pian	Oral
CPM02292	复胃散胶囊	Fuweisan Jiaonang	Oral
CPM02293	复胃散片	Fuweisan Pian	Oral
CPM02294	复心胶囊	Fuxin Jiaonang	Oral
CPM02295	复心片	Fuxin Pian	Oral
CPM02296	腹安颗粒	Fu´an Keli	Oral
CPM02297	腹可安分散片	Fukean Fensanpian	Oral
CPM02298	腹可安片	Fuke'an Pian	Oral
CPM02299	腹痛水	Futong Shui	Oral
CPM02300	馥感啉口服液	Fuganlin Koufuye	Oral
CPM02301	嘎日迪五味胶囊	Garidi Wuwei Jiaonang	Oral
CPM02302	嘎日迪五味丸	Garidi Wuwei Wan	Oral
CPM02303	甘参胶囊	Ganshen Jiaonang	Oral
CPM02304	甘草浸膏	Gancao Jingao	Oral
CPM02305	甘草流浸膏	Gancao Liujingao	Oral
CPM02306	甘果含片	Ganguo Hanpian	Oral
CPM02307	甘海胃康胶囊	Ganhai Weikang Jiaonang	Oral
CPM02308	甘海胃康片	Ganhai Weikang Pian	Oral
CPM02309	甘和茶	Ganhe Cha	Oral
CPM02310	甘桔冰梅片	Ganjie Bingmei Pian	Oral
CPM02311	甘桔清咽颗粒	Ganjie Qingyan Keli	Oral
CPM02312	甘霖洗剂	Ganlin Xiji	Topical
CPM02313	甘露茶	Ganlu Cha	Oral
CPM02314	甘露解热口服液	Ganlu Jiere Koufuye	Oral
CPM02315	甘露酥油丸	Ganlu Suyou Wan	Oral
CPM02316	甘露消毒丸	Ganlu Xiaodu Wan	Oral
CPM02317	甘露消渴胶囊	Ganlu Xiaoke Jiaonang	Oral
CPM02318	甘芍消渴片	Ganshao Xiaoke Pian	Oral
CPM02319	肝必复胶囊	Ganbifu Jiaonang	Oral
CPM02320	肝必复软胶囊	Ganbifu Ruanjiaonang	Oral
CPM02321	肝畅胶囊	Ganchang Jiaonang	Oral
CPM02322	肝达胶囊	Ganda Jiaonang	Oral
CPM02323	肝达康颗粒	Gandakang Keli	Oral
CPM02324	肝达片	Ganda Pian	Oral
CPM02325	肝胆清胶囊	Gandanqing Jiaonang	Oral
CPM02326	肝胆清片	Gandanqing Pian	Oral
CPM02327	肝胆双清颗粒	Gandan Shuangqing Keli	Oral
CPM02328	肝胆双清口服液	Gandan Shuangqing Koufuye	Oral
CPM02329	肝得乐胶囊	Gandele Jiaonang	Oral
CPM02330	肝得治胶囊	Gandezhi Jiaonang	Oral
CPM02331	肝得治片	Gandezhi Pian	Oral
CPM02332	肝毒净颗粒	Gandijing Keli	Oral
CPM02333	肝毒净丸	Gandujing Wan	Oral
CPM02334	肝福颗粒	Ganfu Keli	Oral
CPM02335	肝复康丸	Ganfukang Wan	Oral
CPM02336	肝复颗粒	Ganfu Keli	Oral
CPM02337	肝复乐胶囊	Ganfule Jiaonang	Oral
CPM02338	肝复乐片	Ganfule Pian	Oral
CPM02339	肝加欣胶囊	Ganjiaxin Jiaonang	Oral
CPM02340	肝加欣片	Ganjiaxin Pian	Oral
CPM02341	肝健胶囊	Ganjian Jiaonang	Oral
CPM02342	肝康颗粒	Gankang Keli	Oral
CPM02343	肝康宁片	Gankangning Pian	Oral
CPM02344	肝康片	Gankang Pian	Oral
CPM02345	肝乐欣胶囊	Ganlexin Jiaonang	Oral
CPM02346	肝络欣丸	Ganluoxin Wan	Oral
CPM02347	肝宁胶囊	Ganning Jiaonang	Oral
CPM02348	肝宁片	Ganning Pian	Oral
CPM02349	肝脾康胶囊	Ganpikang Jiaonang	Oral
CPM02350	肝肾安颗粒	Ganshen´an Keli	Oral
CPM02351	肝肾安糖浆	Ganshen’an Tangjiang	Oral
CPM02352	肝肾补颗粒	Ganshenbu Keli	Oral
CPM02353	肝肾补糖浆	Ganshenbu Tangjiang	Oral
CPM02354	肝肾膏	Ganshen Gao	Oral
CPM02355	肝肾康糖浆	Ganshenkang Tangjiang	Oral
CPM02356	肝肾颗粒	Ganshen Keli	Oral
CPM02357	肝肾滋	Ganshen Zi	Oral
CPM02358	肝舒胶囊	Ganshu Jiaonang	Oral
CPM02359	肝舒乐颗粒	Ganshule Keli	Oral
CPM02360	肝舒宁颗粒	Ganshuning Keli	Oral
CPM02361	肝舒片	Ganshu Pian	Oral
CPM02362	肝爽颗粒	Ganshuang Keli	Oral
CPM02363	肝苏分散片	Gansu Fensanpian	Oral
CPM02364	肝苏糖浆	Gansu Tangjiang	Oral
CPM02365	肝速康胶囊	Gansukang Jiaonang	Oral
CPM02366	肝速康片	Gansukang Pian	Oral
CPM02367	肝泰颗粒	Gantai Keli	Oral
CPM02368	肝泰舒胶囊	Gantaishu Jiaonang	Oral
CPM02369	肝维康片	Ganweikang Pian	Oral
CPM02370	肝胃气痛片	Ganwei Qitong Pian	Oral
CPM02371	肝喜乐胶囊	Ganxile Jiaonang	Oral
CPM02372	肝喜乐颗粒	Ganxile Keli	Oral
CPM02373	肝喜乐片	Ganxile Pian	Oral
CPM02374	肝欣泰注射液	Ganxintai Zhusheye	Injection
CPM02375	肝炎康复丸	Ganyan Kangfu Wan	Oral
CPM02376	肝友胶囊	Ganyou Jiaonang	Oral
CPM02377	肝郁调经膏	Ganyu Tiaojing Gao	Oral
CPM02378	肝悦片	Ganyue Pian	Oral
CPM02379	疳积散	Ganji San	Oral
CPM02380	感咳双清胶囊	Ganke Shuangqing Jiaonang	Oral
CPM02381	感冒安片	Ganmao'an Pian	Oral
CPM02382	感冒滴丸	Ganmao Diwan	Oral
CPM02383	感冒咳嗽冲剂	Ganmao Kesou Chongji	Oral
CPM02384	感冒咳嗽胶囊	Ganmao Kesou Jiaonang	Oral
CPM02385	感冒咳嗽颗粒	Ganmao Kesou Keli	Oral
CPM02386	感冒咳嗽片	Ganmao Kesou Pian	Oral
CPM02387	感冒胶囊	Ganmao Jiaonang	Oral
CPM02388	感冒解表丸	Ganmao Jiebiao Wan	Oral
CPM02389	感冒解毒颗粒	Ganmao Jiedu Keli	Oral
CPM02390	感冒解毒灵茶	Ganmao Jieduling Cha	Oral
CPM02391	感冒解毒灵颗粒	Ganmao Jieduling Keli	Oral
CPM02392	感冒解毒片	Ganmao Jiedu Pian	Oral
CPM02393	感冒解热冲剂	Ganmao Jiere Chongji	Oral
CPM02394	感冒解热颗粒	Ganmao Jiere Keli	Oral
CPM02395	感冒解痛散	Ganmao Jietong San	Oral
CPM02396	感冒康胶囊	Ganmaokang Jiaonang	Oral
CPM02397	感冒康片	Ganmaokang Pian	Oral
CPM02398	感冒颗粒	Ganmao Keli	Oral
CPM02399	感冒灵冲剂	Ganmaoling Chongji	Oral
CPM02400	感冒灵胶囊	Ganmaoling Jiaonang	Oral
CPM02401	感冒灵颗粒	Ganmaoling Keli	Oral
CPM02402	感冒灵片	Ganmaoling Pian	Oral
CPM02403	感冒片	Ganmao Pian	Oral
CPM02404	感冒清胶囊	Ganmaoqing Jiaonang	Oral
CPM02405	感冒清解颗粒	Ganmao Qingjie Keli	Oral
CPM02406	感冒清片	Ganmaoqing Pian	Oral
CPM02407	感冒清热胶囊	Ganmao Qingre Jiaonang	Oral
CPM02408	感冒清热咀嚼片	Ganmao Qingre Jujuepian	Oral
CPM02409	感冒清热颗粒	Ganmao Qingre Keli	Oral
CPM02410	感冒清热口服液	Ganmao Qingre Koufuye	Oral
CPM02411	感冒清热片	Ganmao Qingre Pian	Oral
CPM02412	感冒清热软胶囊	Ganmao Qingre Ruanjiaonang	Oral
CPM02413	感冒软胶囊	Ganmao Ruanjiaonang	Oral
CPM02414	感冒伤风咳茶	Ganmao Shangfengke Cha	Oral
CPM02415	感冒舒颗粒	Ganmaoshu Keli	Oral
CPM02416	感冒疏风胶囊	Ganmao Shufeng Jiaonang	Oral
CPM02417	感冒疏风颗粒	Ganmao Shufeng Keli	Oral
CPM02418	感冒疏风片	Ganmao Shufeng Pian	Oral
CPM02419	感冒疏风丸	Ganmao Shufeng wan	Oral
CPM02420	感冒水	Ganmao Shui	Oral
CPM02421	感冒退热咀嚼片	Ganmao Tuire Jujuepian	Oral
CPM02422	感冒退热颗粒	Ganmao Tuire Keli	Oral
CPM02423	感冒退热口服液	Ganmao Tuire Koufuye	Oral
CPM02424	感冒退热泡腾片	Ganmao Tuire Paotengpian	Oral
CPM02425	感冒退烧片	Ganmao Tuishao Pian	Oral
CPM02426	感冒丸	Ganmao Wan	Oral
CPM02427	感冒消炎片	Ganmao Xiaoyan Pian	Oral
CPM02428	感冒炎咳灵颗粒	Ganmao Yankeling Keli	Oral
CPM02429	感冒炎咳灵片	Ganmao Yankeling Pian	Oral
CPM02430	感冒炎咳灵糖浆	Ganmao Yankeling Tangjiang	Oral
CPM02431	感冒药片	Ganmao Yaopian	Oral
CPM02432	感冒止咳合剂	Ganmao Zhike Heji	Oral
CPM02433	感冒止咳胶囊	Ganmao Zhike Jiaonang	Oral
CPM02434	感冒止咳颗粒	Ganmao Zhike Keli	Oral
CPM02435	感冒止咳片	Ganmao Zhike Pian	Oral
CPM02436	感冒止咳糖浆	Ganmao Zhike Tangjiang	Oral
CPM02437	感清糖浆	Ganqing Tangjiang	Oral
CPM02438	感速康胶囊	Gansukang Jiaonang	Oral
CPM02439	感速康片	Gansukang Pian	Oral
CPM02440	感特灵胶囊	Ganteling Jiaonang	Oral
CPM02441	感特灵片	Ganteling Pian	Oral
CPM02442	感通片	Gantong Pian	Oral
CPM02443	感愈胶囊	Ganyu Jiaonang	Oral
CPM02444	橄榄晶冲剂	Ganlanjing Chongji	Oral
CPM02445	肛安	Gang’an	Topical
CPM02446	肛安软膏	Gang’an Ruangao	Topical
CPM02447	肛安栓	Gang’an Shuan	Topical
CPM02448	肛康穆库利片	Gangkangmukuli Pian	Oral
CPM02449	肛舒颗粒	Gangshu Keli	Oral
CPM02450	肛泰	Gangtai	Topical
CPM02451	肛泰脐贴	Gangtai Qitie	Topical
CPM02452	肛泰软膏	Gangtai Ruangao	Topical
CPM02453	肛泰栓	Gangtai Shuan	Topical
CPM02454	高力清心丸	Gaoli Qingxin Wan	Oral
CPM02455	高丽清心丸	Gaoli Qingxin Wan	Oral
CPM02456	高血压速降丸	Gaoxueya Sujiang Wan	Oral
CPM02457	葛蒡合剂	Gebang Heji	Oral
CPM02458	葛根芩连胶囊	Gegen Qinlian Jiaonang	Oral
CPM02459	葛根芩连颗粒	Gegen Qinlian Keli	Oral
CPM02460	葛根芩连口服液	Gegen Qinlian Koufuye	Oral
CPM02461	葛根芩连片	Gegen Qinlian Pian	Oral
CPM02462	葛根芩连丸	Gegen Qinlian Wan	Oral
CPM02463	葛根芩连微丸	Gegen Qinlian Weiwan	Oral
CPM02464	葛根汤合剂	Gegentang Heji	Oral
CPM02465	葛根汤颗粒	Gegentang Keli	Oral
CPM02466	葛根汤片	Gegentang Pian	Oral
CPM02467	葛根总黄酮	Gegen Zonghuangtong	Oral
CPM02468	葛洪脚气水	Gehong Jiaoqi Shui	Topical
CPM02469	葛兰心宁软胶囊	Gelan Xinning Ruanjiaonang	Oral
CPM02470	葛芪胶囊	Geqi Jiaonang	Oral
CPM02471	葛芪通脉颗粒	Geqi Tongmai Keli	Oral
CPM02472	葛山降脂颗粒	Geshan Jiangzhi Keli	Oral
CPM02473	葛酮通络胶囊	Getong Tongluo Jiaonang	Oral
CPM02474	给喜古纳丸	Geixi Guna Wan	Oral
CPM02475	根痛平胶囊	Gentongping Jiaonang	Oral
CPM02476	根痛平咀嚼片	Gentongping Jujuepian	Oral
CPM02477	根痛平颗粒	Gentongping Keli	Oral
CPM02478	根痛平片	Gentongping Pian	Oral
CPM02479	根痛平丸	Gentongping Wan	Oral
CPM02480	更辰胶囊	Genchen Jiaonang	Oral
CPM02481	更美宁胶囊	Gengmeining Jiaonang	Oral
CPM02482	更年安胶囊	Gengnian'an Jiaonang	Oral
CPM02483	更年安片	Gengnian'an Pian	Oral
CPM02484	更年安丸	Gengnian’an Wan	Oral
CPM02485	更年乐胶囊	Gengnianle Jiaonang	Oral
CPM02486	更年乐片	Gengnianle Pian	Oral
CPM02487	更年灵胶囊	Gengnianling Jiaonang	Oral
CPM02488	更年灵片	Gengnianling Pian	Oral
CPM02489	更年宁	Gengnian Ning	Oral
CPM02490	更年宁心胶囊	Gengnian Ningxin Jiaonang	Oral
CPM02491	更年舒片	Gengnianshu Pian	Oral
CPM02492	更年欣胶囊	Gengnianxin Jiaonang	Oral
CPM02493	更衣胶囊	Gengyi Jiaonang	Oral
CPM02494	更衣片	Gengyi Pian	Oral
CPM02495	功劳去火胶囊	Gonglao Quhuo Jiaonang	Oral
CPM02496	功劳去火片	Gonglao Quhuo Pian	Oral
CPM02497	宫环养血颗粒	Gonghuan Yangxue Keli	Oral
CPM02498	宫颈癌片	Gongjingai Pian	Oral
CPM02499	宫颈癌栓	Gongjingai Shuan	Oral
CPM02500	宫颈炎康栓	Gongjingyankang Shuan	Topical
CPM02501	宫瘤宁胶囊	Gongliuning Jiaonang	Oral
CPM02502	宫瘤宁颗粒	Gongliuning Keli	Oral
CPM02503	宫瘤宁片	Gongliuning Pian	Oral
CPM02504	宫瘤清胶囊	Gongliuqing Jiaonang	Oral
CPM02505	宫瘤清颗粒	Gongliuqing Kelli	Oral
CPM02506	宫瘤清片	Qongliuqing Pian	Oral
CPM02507	宫瘤消胶囊	Gongliuxiao Jiaonang	Oral
CPM02508	宫糜膏	Gongmi Gao	Topical
CPM02509	宫宁颗粒	Gongning Keli	Oral
CPM02510	宫血宁胶囊	Gongxuening Jiaonang	Oral
CPM02511	宫血停颗粒	Gongxueting Keli	Oral
CPM02512	宫炎康胶囊	Gongyankang Jiaonang	Oral
CPM02513	宫炎康颗粒	Gongyankang Keli	Oral
CPM02514	宫炎平滴丸	Gongyanping Diwan	Oral
CPM02515	宫炎平分散片	Gongyanping Fensan Pian	Oral
CPM02516	宫炎平胶囊	Gongyanping Jiaonang	Oral
CPM02517	宫炎平片	Gongyanping Pian	Oral
CPM02518	宫月舒胶囊	Gongyueshu Jiaonang	Oral
CPM02519	钩藤决明颗粒	Gouteng Jueming Keli	Oral
CPM02520	钩藤片	Gouteng Pian	Oral
CPM02521	狗皮膏	Goupi Gao（Gaijin Xing）	Topical
CPM02522	枸杞巴戟酒	Gouqibaji Jiu	Oral
CPM02523	枸杞膏	Gouqi Gao	Oral
CPM02524	枸杞消渴胶囊	Gouqi Xiaoke Jiaonang	Oral
CPM02525	枸杞药酒	Gouqi Yaojiu	Oral
CPM02526	枸杞益肾胶囊	Gouqi Yishen Jiaonang	Oral
CPM02527	枸杞益元酒	Gouqi Yiyuan Jiu	Oral
CPM02528	古汉养生精	Guhan Yangsheng Jing	Oral
CPM02529	古汉养生精颗粒	Guhan Yangshengjing Keli	Oral
CPM02530	古汉养生精片	Guhan Yangshengjing Pian	Oral
CPM02531	古汉养生颗粒	Guhan Yangsheng Keli	Oral
CPM02532	古楼山跌打酒	Guloushan Dieda Jiu	Oral
CPM02533	古楼山跌打丸	Guloushan Dieda Wan	Oral
CPM02534	古威活络酊	Guwei Huoluo Ding	Oral
CPM02535	谷海生片	Guhaisheng Pian	Oral
CPM02536	股蓝蜂花胶囊	Gulan Fenghua Jiaonang	Oral
CPM02537	骨刺胶囊	Guci Jiaonang	Oral
CPM02538	骨刺宁胶囊		Oral
CPM02539	骨刺宁酒	Gucining Jiu	Oral
CPM02540	骨刺宁片	Gucining Pian	Oral
CPM02541	骨刺片	Guci Pian	Oral
CPM02542	骨刺平片	Guciping Pian	Oral
CPM02543	骨刺祛痛膏	Guci Qutong Gao	Topical
CPM02544	骨刺丸	Guci Wan（Shuimiwan）	Oral
CPM02545	骨刺消痛胶囊	Guci Xiaotong Jiaonang	Oral
CPM02546	骨刺消痛片	Guci Xiaotong Pian	Oral
CPM02547	骨刺消痛液	Guci Xiaotong Ye	Oral
CPM02548	骨风宁胶囊	Gufengning Jiaonang	Oral
CPM02549	骨骼风痛胶囊	Gugefengtong Jiaonang	Oral
CPM02550	骨骼风痛片	Guge Fengtong Pian	Oral
CPM02551	骨健灵膏	Gujianling Gao	Topical
CPM02552	骨筋丸	Gujin Wan	Oral
CPM02553	骨筋丸胶囊	Gujinwan Jiaonang	Oral
CPM02554	骨筋丸片	Gujinwan Pian	Oral
CPM02555	骨康胶囊	Gukang Jiaonang	Oral
CPM02556	骨剌平片	Gulaping Pian	Oral
CPM02557	骨痨敌注射液	Gulaodi Zhusheye	Injection
CPM02558	骨力胶囊	Guli Jiaonang	Oral
CPM02559	骨苓通痹丸	Guling Tongbi Wan	Oral
CPM02560	骨龙胶囊	Gulong Jiaonang	Oral
CPM02561	骨疏康胶囊	Gushukang Jiaonang	Oral
CPM02562	骨疏康颗粒	Gushukang Keli	Oral
CPM02563	骨松宝胶囊	Gusongbao Jiaonang	Oral
CPM02564	骨松宝颗粒	Gusongbao Keli	Oral
CPM02565	骨松康合剂	Gusongkang Heji	Oral
CPM02566	骨泰酊	Gutai Ding	Topical
CPM02567	骨通贴膏	Gutong Tiegao	Topical
CPM02568	骨痛灵酊	Gutongling Ding	Topical
CPM02569	骨痛丸	Gutong Wan	Oral
CPM02570	骨痛药酒	Gutong Yaojiu	Oral
CPM02571	骨仙片	Guxian Pian（Baomoyipian）	Oral
CPM02572	骨炎灵片	Guyanling Pian	Oral
CPM02573	骨友灵巴布膏	Guyouling Babugao	Topical
CPM02574	骨友灵搽剂	Guyouling Chaji	Topical
CPM02575	骨友灵贴膏	Guyouling Tiegao	Topical
CPM02576	骨愈灵胶囊		Oral
CPM02577	骨愈灵片	Guyuling Pian	Oral
CPM02578	骨增生镇痛膏	Guzengsheng Zhentong Gao	Topical
CPM02579	骨增消胶囊	Guzengxiao Jiaonang	Oral
CPM02580	骨增消片	Guzengxiao Pian	Oral
CPM02581	骨折挫伤胶囊	Guzhe Cuoshang Jiaonang	Oral
CPM02582	骨折再生丸	Guzhe Zaisheng Wan	Oral
CPM02583	骨质宁搽剂	Guzhining Chaji	Topical
CPM02584	臌症丸	Guzheng Wan	Oral
CPM02585	固本咳喘胶囊	Guben Kechuan Jiaonang	Oral
CPM02586	固本咳喘颗粒	Guben Kechuan Keli	Oral
CPM02587	固本咳喘片	Guben Kechuan Pian	Oral
CPM02588	固本回元口服液	Gubenhuiyuan Koufuye	Oral
CPM02589	固本明目颗粒	Guben Mingmu Keli	Oral
CPM02590	固本强身胶囊	Cuben Qiangshen Jiaonang	Oral
CPM02591	固本统血颗粒	Guben Tongxue Keli	Oral
CPM02592	固本丸	Guben Wan	Oral
CPM02593	固本延龄丸	Guben Yanling Wan	Oral
CPM02594	固本益肠胶囊	Guben Yichang Jiaonang	Oral
CPM02595	固本益肠片	Guben Yichang Pian	Oral
CPM02596	固本止咳膏	Guben Zhike Gao	Oral
CPM02597	固肠胶囊	Guchang Jiaonang	Oral
CPM02598	固肠止泻胶囊	Guchang Zhixie Jiaonang	Oral
CPM02599	固肠止泻丸	Guchang Zhixie Wan	Oral
CPM02600	固齿散	Guchi San	Topical
CPM02601	固经丸	Gujing Wan	Oral
CPM02602	固精补肾丸	Gujing Bushen Wan	Oral
CPM02603	固精参茸丸	Gujing Shenrong Wan	Oral
CPM02604	固精麦斯哈胶囊	Gujing Maisiha Jiaonang	Oral
CPM02605	固精麦斯哈片	Gujingmaisiha Pian	Oral
CPM02606	固精养元合剂	Gujing Yangyuan Heji	Oral
CPM02607	固肾安胎丸	Gushen Antai Wan	Oral
CPM02608	固肾补气散	Gushen Buqi San	Oral
CPM02609	固肾定喘丸	Gushen Dingchuan Wan	Oral
CPM02610	固肾口服液	Gushen Koufuye	Oral
CPM02611	固肾生发丸	Gushen Shengfa Wan	Oral
CPM02612	固元颗粒	Guyuan Keli	Oral
CPM02613	瓜蒌皮注射液	Gualoupi Zhusheye	Injection
CPM02614	关节风痛丸	Guanjie Fengtong Wan	Oral
CPM02615	关节解痛膏	Guanjie Jietong Gao	Topical
CPM02616	关节克痹丸	Guanjie Kebi Wan	Oral
CPM02617	关节炎膏	Guanjieyan Gao	Topical
CPM02618	关节镇痛膏	Guanjie Zhentong Gao	Topical
CPM02619	关节止痛膏	Guanjie Zhitong Gao	Topical
CPM02620	关通舒胶囊	Guantongshu Jiaonang	Oral
CPM02621	关通舒口服液	Guantongshu Koufuye	Oral
CPM02622	冠脉康胶囊	Guanmaikang Jiaonang	Oral
CPM02623	冠脉康片	Guanmaikang Pian	Oral
CPM02624	冠脉乐片	Guanmaile Pian	Oral
CPM02625	冠脉宁胶囊	Guanmaining Jiaonang	Oral
CPM02626	冠脉宁片	Guanmaining Pian	Oral
CPM02627	冠脉通片	Guanmaitong Pian	Oral
CPM02628	冠心安滴丸	Guanxin' an Diwan	Oral
CPM02629	冠心安口服液	Guanxin' an Koufuye	Oral
CPM02630	冠心保软胶囊	Guanxinbao Ruanjiaonnang	Oral
CPM02631	冠心丹参滴丸	Guanxin Danshen Diwan	Oral
CPM02632	冠心丹参胶囊	Guanxin Danshen Jiaonang	Oral
CPM02633	冠心丹参颗粒	Guanxin Danshen Keli	Oral
CPM02634	冠心丹参片	Guanxin Danshen Pian	Oral
CPM02635	冠心丹芍片	Guanxin Danshao Pian	Oral
CPM02636	冠心膏	Guanxin Gao	Topical
CPM02637	冠心静胶囊	Guanxinjing Jiaonang	Oral
CPM02638	冠心康片	Guanxinkang Pian	Oral
CPM02639	冠心宁注射液	Guanxinning Zhusheye	Injection
CPM02640	冠心七味滴丸	Guanxin Qiwei Diwan	Oral
CPM02641	冠心七味胶囊	Guanxin Qiwei Jiaonang	Oral
CPM02642	冠心七味片	Guanxin Qiwei Pian	Oral
CPM02643	冠心生脉口服液	Guanxin Shengmai Koufuye	Oral
CPM02644	冠心生脉丸	Guanxin Shengmai Wan	Oral
CPM02645	冠心舒通胶囊	Guanxin Shutong Jiaonang	Oral
CPM02646	冠心苏合滴丸	Guanxin Suhe Diwan	Oral
CPM02647	冠心苏合胶囊	Guanxin Suhe Jiaonang	Oral
CPM02648	冠心苏合软胶囊	Guanxin Suhe Ruanjiaonang	Oral
CPM02649	冠心苏合丸	Guanxin Suhe Wan	Oral
CPM02650	冠心泰丸	Guanxintai Wan	Oral
CPM02651	冠心通片	Guanxintong Pian	Oral
CPM02652	冠心丸	Guanxin Wan	Oral
CPM02653	贯防感冒片	Guanfang Ganmao Pian	Oral
CPM02654	贯黄感冒胶囊	Guanhuang Ganmao Jiaonang	Oral
CPM02655	贯黄感冒颗粒	Guanhuang Ganmao Keli	Oral
CPM02656	光明盐四味胶囊	Guangmingyan Siwei Jiaonang	Oral
CPM02657	广东凉茶	Guangdong Liangcha	Oral
CPM02658	广东凉茶颗粒	Guangdong Liangcha Keli	Oral
CPM02659	广东神曲	Guangdong Shenqu	Oral
CPM02660	广枣通脉胶囊	Guangzao Tongmai Jiaonang	Oral
CPM02661	归柏化瘀胶囊	Guibai Huayu Jiaonang	Oral
CPM02662	归参补血片	Guishen Buxue Pian	Oral
CPM02663	归灵痛经宁颗粒	Guiling Tongjingning Keli	Oral
CPM02664	归龙筋骨宁片	Guilong Jinguning Pian	Oral
CPM02665	归麻止痛膏	Guima Zhitong Gao	Topical
CPM02666	归脾合剂	Guipi Heji	Oral
CPM02667	归脾胶囊	Guipi Jiaonang	Oral
CPM02668	归脾颗粒	Guipi Keli	Oral
CPM02669	归脾片	Guipi Pian	Oral
CPM02670	归脾丸	Guipi Wan	Oral
CPM02671	归脾液	Guipi Ye	Oral
CPM02672	归芪补血口服液	Guiqi Buxue Koufuye	Oral
CPM02673	归芪活血胶囊	Guiqi Huoxue Jiaonang	Oral
CPM02674	归芪颗粒	Guiqi Keli	Oral
CPM02675	归芪口服液	Guiqi Koufuye	Oral
CPM02676	归芪三七口服液	Guiqi Sanqi Koufuye	Oral
CPM02677	归芪养血口服液	Guiqi Yangxue Koufuye	Oral
CPM02678	归芪养血糖浆	Guiqi Yangxue Tangjiang	Oral
CPM02679	归芪养血益气口服液	Guiqi Yangxue Yiqi Koufuye	Oral
CPM02680	归杞乌鸡胶囊	Guiqi Wuji Jiaonang	Oral
CPM02681	归芍地黄丸	Guishao Dihuang Wan	Oral
CPM02682	归芍调经胶囊	Guishao Tiaojing Jiaonang	Oral
CPM02683	归芍调经片	Guishao Tiaojing Pian	Oral
CPM02684	归芍活血胶囊	Guishao Huoxue Jiaonang	Oral
CPM02685	归芍六君丸	Guishao Liujun Wan	Oral
CPM02686	归肾丸	Guishen Wan	Oral
CPM02687	归芎花粉口服液	Guixiong Huafen Koufuye	Oral
CPM02688	归元健脑片	Guiyuan Jiannao Pian	Oral
CPM02689	归元筋骨宁湿敷剂	Guiyuanjinguning Shifuji	Topical
CPM02690	归圆口服液	Guiyuan Koufuye	Oral
CPM02691	龟黄补酒	Guihuang Bujiu	Oral
CPM02692	龟甲胶	Guijia Jiao	Oral
CPM02693	龟甲胶颗粒	Guijiajiao Keli	Oral
CPM02694	龟甲散	Guijia San	Oral
CPM02695	龟甲养阴片	Guijia Yangyin Pian	Oral
CPM02696	龟胶养阴颗粒	Guijiao Yangyin Keli	Oral
CPM02697	龟苓膏	Guiling Gao	Oral
CPM02698	龟龄集	Guilingji	Oral
CPM02699	龟龙丸	Guilong Wan	Oral
CPM02700	龟龙中风丸	Guilong Zhongfeng Wan	Oral
CPM02701	龟鹿补肾口服液	Guilu Bushen Koufuye	Oral
CPM02702	龟鹿补肾片	Guilu Bushen Pian	Oral
CPM02703	龟鹿补肾丸	Guilu Bushen Wan	Oral
CPM02704	龟鹿二胶丸	Guilu Erjiao Wan	Oral
CPM02705	龟鹿二仙膏	Guilu Erxian Gao	Oral
CPM02706	龟鹿二仙口服液	Guilu Erxian Koufuye	Oral
CPM02707	龟鹿宁神丸	Guilu Ningshen Wan	Oral
CPM02708	龟鹿益肾胶囊	Guilu Yishen Jiaonang	Oral
CPM02709	龟芪参口服液	Guiqishen Koufuye	Oral
CPM02710	龟芪壮骨颗粒	Guiqi Zhuanggu Keli	Oral
CPM02711	龟茸壮骨片	Guirong Zhuanggu Pian	Oral
CPM02712	龟蛇酒	Guishe Jiu	Oral
CPM02713	桂附地黄胶囊	Guifu Dihuang Jiaonang	Oral
CPM02714	桂附地黄颗粒	Guifu Dihuang Keli	Oral
CPM02715	桂附地黄口服液	Guifu Dihuang Koufuye	Oral
CPM02716	桂附地黄片	Guifu Dihuang Pian	Oral
CPM02717	桂附地黄丸	Guifu Dihuang Wan	Oral
CPM02718	桂附理中丸	Guifu Lizhong Wan	Oral
CPM02719	桂黄清热颗粒	Guihuang Qingre Keli	Oral
CPM02720	桂林西瓜霜	Guilin Xiguashuang	Topical
CPM02721	桂林西瓜霜含片	Guilin Xiguashuang Hanpian	Oral
CPM02722	桂林西瓜霜胶囊	Guilin Xiguashuang Jiaonang	Oral
CPM02723	桂灵丹	Guiling Dan	Oral
CPM02724	桂灵胶囊	Guiling Jiaonang	Oral
CPM02725	桂灵片	Guiling Pian	Oral
CPM02726	桂灵丸	Guiling Wan	Oral
CPM02727	桂龙咳喘宁胶囊	Guilong Kechuanning Jiaonang	Oral
CPM02728	桂龙咳喘宁颗粒	Guilong Kechuanning Keli	Oral
CPM02729	桂龙咳喘宁片	Guilong Kechuanning Pian	Oral
CPM02730	桂龙药膏	Guilong Yaogao	Oral
CPM02731	桂龙药酒	Guilong Yaojiu	Oral
CPM02732	桂龙益肾通络口服液	Guilong Yishen Tongluo Koufuye	Oral
CPM02733	桂皮酊	Guipi Ding	Oral
CPM02734	桂蒲肾清胶囊	Guipu Shenqing Jiaonang	Oral
CPM02735	桂蒲肾清片	Guipu Shenqing Pian	Oral
CPM02736	桂茸枸杞酒	Guirong Gouqi Jiu	Oral
CPM02737	桂茸固本丸	Guirong Guben Wan	Oral
CPM02738	桂芍镇痫片	Guishao Zhenxian Pian	Oral
CPM02739	桂香祛暑散	Guixiang Qushu San	Oral
CPM02740	桂圆琼玉冲剂	Guiyuan Qiongyu Chongji	Oral
CPM02741	桂圆琼玉颗粒	Guiyuan Qiongyu Keli	Oral
CPM02742	桂枝茯苓胶囊	Guizhi Fuling Jiaonang	Oral
CPM02743	桂枝茯苓片	Guizhi Fuling Pian	Oral
CPM02744	桂枝茯苓丸	Guizhi Fuling Wan	Oral
CPM02745	桂枝合剂	Guizhi Heji	Oral
CPM02746	桂枝颗粒	Guizhi Keli	Oral
CPM02747	国公酒	Guogong Jiu	Oral
CPM02748	哈敦海鲁木勒九味丸	Hadun Hailumule Jiuwei Wan	Oral
CPM02749	哈敦海鲁木勒十三味丸	Hadun Hailumule Shisanwei Wan	Oral
CPM02750	哈日十二味散	Hari Shierwei San	Oral
CPM02751	蛤蚧补肾胶囊	Gejie Bushen Jiaonang	Oral
CPM02752	蛤蚧补肾丸	Gejie Bushen Wan	Oral
CPM02753	蛤蚧大补胶囊	Gejie Dabu Jiaonang	Oral
CPM02754	蛤蚧大补丸	Gejie Dabuwan	Oral
CPM02755	蛤蚧定喘胶囊	Gejie Dingchuan Jiaonang	Oral
CPM02756	蛤蚧定喘丸	Gejie Dingchuan Wan	Oral
CPM02757	蛤蚧养肺丸	Gejie Yangfei Wan	Oral
CPM02758	蛤蚧治痨丸	Gejie Zhilao Wan	Oral
CPM02759	蛤杞白术胶囊	Geqi Baizhu Jiaonang	Oral
CPM02760	咳喘安口服液	Kechuan’an Koufuye	Oral
CPM02761	咳喘膏	Kechuan Gao	Topical
CPM02762	咳喘静糖浆	Kechuanjing Tangjiang	Oral
CPM02763	咳喘宁	Kechuanning	Oral
CPM02764	咳喘宁合剂	Kechuanning Heji	Oral
CPM02765	咳喘宁颗粒	Kechuanning Keli	Oral
CPM02766	咳喘宁口服液	Kechuanning Koufuye	Oral
CPM02767	咳喘宁片	Kechuanning Pian	Oral
CPM02768	咳喘清片	Kechuanqing Pian	Oral
CPM02769	咳喘舒片	Kechuanshu Pian	Oral
CPM02770	咳喘顺丸	kechuanshun Wan	Oral
CPM02771	咳喘停膏	Kechuanting Gao	Oral
CPM02772	咳喘丸	Kechuan Wan	Oral
CPM02773	咳感康口服液	Kegankang Koufuye	Oral
CPM02774	咳康含片	Kekang Hanpian	Oral
CPM02775	咳克平胶囊	Kekeping Jiaonang	Oral
CPM02776	咳立停糖浆	Keliting Tangjiang	Oral
CPM02777	咳灵胶囊	Keling Jiaonang	Oral
CPM02778	咳露口服液	Kelu Koufuye	Oral
CPM02779	咳宁胶囊	Kening Jiaonang	Oral
CPM02780	咳宁颗粒	Kening Keli	Oral
CPM02781	咳宁糖浆	Kening Tangjiang	Oral
CPM02782	咳平胶囊	Keping Jiaonang	Oral
CPM02783	咳清胶囊	Keqing Jiaonang	Oral
CPM02784	咳舒糖浆	Keshu Tangjiang	Oral
CPM02785	咳嗽枇杷颗粒	Kesou Pipa Keli	Oral
CPM02786	咳嗽枇杷糖浆	Kesou Pipa Tangjiang	Oral
CPM02787	咳嗽糖浆	Kesou Tangjiang	Oral
CPM02788	咳速停胶囊	Kesuting Jiaonang	Oral
CPM02789	咳速停糖浆	Kesuting Tangjiang	Oral
CPM02790	咳痰合剂	Ketan Heji	Oral
CPM02791	咳痰清糖浆	Ketanqing Tangjiang	Oral
CPM02792	咳特灵胶囊	Keteling Jiaonang	Oral
CPM02793	咳特灵颗粒	Keteling Keli	Oral
CPM02794	咳欣康片	Kexinkang Pian	Oral
CPM02795	还少丹	Huanshao Dan	Oral
CPM02796	还少胶囊	Huanshao Jiaonang	Oral
CPM02797	还原固精丸	Huanyuan Gujing Wan	Oral
CPM02798	海贝胃疡胶囊	Haibei Weiyang Jiaonang	Oral
CPM02799	海丹胶囊	Haidan Jiaonang	Oral
CPM02800	海呋龙散	Haifulong San	Topical
CPM02801	海甘胃片	Haiganwei Pian	Oral
CPM02802	海狗丸	Haigou Wan	Oral
CPM02803	海桂胶囊	Haigui Jiaonang	Oral
CPM02804	海蛤散	Haige San	Oral
CPM02805	海菊颗粒	Haiju Keli	Oral
CPM02806	海龙蛤蚧口服液	Hailong Gejie Koufuye	Oral
CPM02807	海龙胶	Hailong Jiao	Oral
CPM02808	海龙胶颗粒	Hailongjiao Keli	Oral
CPM02809	海龙胶口服液	Hailongjiao Koufuye	Oral
CPM02810	海马巴戟胶囊	Haima Baji Jiaonang	Oral
CPM02811	海马补肾丸	Haima Bushen Wan	Oral
CPM02812	海马多鞭丸	Haima Duobian Wan	Oral
CPM02813	海马强肾丸	Haima Qiangshen Wan	Oral
CPM02814	海马三肾丸	Haima Sanshen Wan	Oral
CPM02815	海马舒活膏	Haima Shuhuo Gao	Topical
CPM02816	海马万应膏	Haima Wanying Gao	Topical
CPM02817	海马香草酒	Haima Xiangcao Jiu	Oral
CPM02818	海墨止血片	Haimo Zhixue Pian	Oral
CPM02819	海麒舒肝胶囊	Haiqi Shugan Jiaonang	Oral
CPM02820	海茸益肾胶囊	Hairong Yishen Jiaonang	Oral
CPM02821	海蛇天麻酒	Haishe Tianma Jiu	Oral
CPM02822	海蛇药酒	Haishe Yaojiu	Oral
CPM02823	海天益肾胶囊	Haitian Yishen Jiaonang	Oral
CPM02824	海洋胃药	Haiyang Weiyao	Oral
CPM02825	海洋胃药丸	Haiyang Weiyao Wan	Oral
CPM02826	海益元合剂	Haiyiyuan Heji	Oral
CPM02827	海珠喘息定片	Haizhu Chuanxiding Pian	Oral
CPM02828	含化上清片	Hanhua Shangqing Pian	Oral
CPM02829	寒痹停片	Hanbiting Pian	Oral
CPM02830	寒喘膏药	Hanchuan Gaoyao	Topical
CPM02831	寒喘丸	Hanchuan Wan	Oral
CPM02832	寒喘祖帕颗粒	Hanchuan Zupa Keli（Wutang）	Oral
CPM02833	寒热痹胶囊	Hanrebi Jiaonang	Oral
CPM02834	寒热痹颗粒	Hanrebi Keli	Oral
CPM02835	寒湿痹胶囊	Hanshibi Jiaonang	Oral
CPM02836	寒湿痹颗粒	Hanshibi Keli	Oral
CPM02837	寒湿痹片	Hanshibi Pian	Oral
CPM02838	寒水石二十一味散	Hanshuishi Ershiyiwei San	Oral
CPM02839	寒水石小灰散	Hanshuishi Xiaohui San	Oral
CPM02840	寒痛乐熨剂	Hantongle Yunji	Topical
CPM02841	寒泻片	Hanxie Pian	Oral
CPM02842	蒿白伤湿气雾剂	Haobai Shangshi Qiwuji	Topical
CPM02843	蒿蓝感冒颗粒	Haolan Ganmao Keli	Oral
CPM02844	蚝贝钙片	Haobei Gaipian	Oral
CPM02845	诃苓止泻胶囊	Heling Zhixie Jiaonang	Oral
CPM02846	诃子五味胶囊	Hezi Wuwei Jiaonang	Oral
CPM02847	和肝利胆冲剂	Hegan Lidan Chongji	Oral
CPM02848	和肝利胆颗粒	Hegan Lidan Keli	Oral
CPM02849	和肝利胆糖浆	Heganlidan Tangjiang	Oral
CPM02850	和合丸	Hehe Wan	Oral
CPM02851	和络舒肝胶囊	Heluo Shugan Jiaonang	Oral
CPM02852	和络舒肝片	Heluo Shugan Pian	Oral
CPM02853	和胃安眠丸	Hewei Anmian Wan	Oral
CPM02854	和胃降逆胶囊	Hewei Jiangni Jiaonang	Oral
CPM02855	和胃疗疳颗粒	Hewei Liaogan Keli	Oral
CPM02856	和胃片	Hewei Pian	Oral
CPM02857	和胃平肝丸	Hewei Pinggan Wan	Oral
CPM02858	和胃止泻胶囊	Hewei Zhixie Jiaonang	Oral
CPM02859	和血胶囊	Hexue Jiaonang	Oral
CPM02860	和血明目片	Hexue Mingmu Pian	Oral
CPM02861	和血片	Hexue Pian	Oral
CPM02862	和中理脾丸	Hezhong Lipi Wan	Oral
CPM02863	和中糖浆	Hezhong Tangjiang	Oral
CPM02864	河车大造胶囊	Heche Dazao Jiaonang	Oral
CPM02865	河车大造片	Heche Dazao Pian	Oral
CPM02866	河车大造丸	Heche Dazao Wan	Oral
CPM02867	荷丹胶囊	Hedan Jiaonang	Oral
CPM02868	荷丹片	Hedan Pian	Oral
CPM02869	荷叶调脂茶	Heye Tiaozhi Cha	Oral
CPM02870	荷叶丸	Heye Wan	Oral
CPM02871	鹤蟾片	Hechan Pian	Oral
CPM02872	黑豆馏油软膏	Heidou Liuyou Ruangao	Topical
CPM02873	黑骨藤追风活络胶囊	Heiguteng Zhuifeng Huoluo Jiaonang	Oral
CPM02874	黑骨藤追风活络颗粒	Heiguteng Zhuifeng Huoluo Keli	Oral
CPM02875	黑归脾丸	Heiguipi Wan	Oral
CPM02876	黑鬼豆油	Heiguidou You	Topical
CPM02877	黑鬼油	Heigui You	Topical
CPM02878	黑加仑油软胶囊	Heijialunyou Ruanjiaonang	Oral
CPM02879	黑首生发颗粒	Heishou Shengfa Keli	Oral
CPM02880	黑锡丹	Heixi Dan	Oral
CPM02881	恒古骨伤愈合剂	Henggu Gushangyu Heji	Oral
CPM02882	恒制咳喘胶囊	Hengzhi Kechuan Jiaonang	Oral
CPM02883	红草止鼾胶囊	Hongcao Zhihan Jiaonang	Oral
CPM02884	红草止鼾颗粒	Hongcao Zhihan Keli	Oral
CPM02885	红管药片	Hongguanyao Pian	Oral
CPM02886	红归胶囊	Honggui Jiaonang	Oral
CPM02887	红核妇洁洗液	Honghe Fujie Xiye	Topical
CPM02888	红虎灌肠液	Honghu Guanchang Ye	Topical
CPM02889	红花跌打丸	Honghua Dieda Wan	Oral
CPM02890	红花七厘散	Honghua Qili San	Oral
CPM02891	红花清肝十三味丸	Honghua Qinggan Shisanwei Wan	Oral
CPM02892	红花如意丸	Honghua Ruyi Wan	Oral
CPM02893	红花逍遥胶囊	Huonghua Xiaoyiao Jiaonang	Oral
CPM02894	红花逍遥颗粒	Honghua Xiaoyao Keli	Oral
CPM02895	红花逍遥片	Honghua Xiaoyao Pian	Oral
CPM02896	红花油	Honghua You	Topical
CPM02897	红花注射液	Honghua Zhusheye	Injection
CPM02898	红茴香注射液	Honghuixiang Zhusheye	Injection
CPM02899	红甲虫草口服液	Hongjia Chongcao Koufuye	Oral
CPM02900	红金消结胶囊	Hongjin Xiaojie Jiaonang	Oral
CPM02901	红金消结浓缩丸	Hongjin Xiaojie Nongsuowan	Oral
CPM02902	红金消结片	Hongjin Xiaojie Pian	Oral
CPM02903	红菊补肾片	Hongju Bushen Pian	Oral
CPM02904	红龙镇痛片	Honglong Zhentong Pian	Oral
CPM02905	红棉散	Hongmian San	Topical
CPM02906	红芪口服液	Hongqi Koufuye	Oral
CPM02907	红三七软膏	Hongsanqi Ruangao	Topical
CPM02908	红色正金软膏	Hongse Zhengjin Ruangao	Topical
CPM02909	红卫蛇药片	Hongwei Sheyao Pian	Oral
CPM02910	红香止痛酊	Hongxiang Zhitongding	Topical
CPM02911	红羊填精胶囊	Hongyang Tianjing Jiaonang	Oral
CPM02912	红药胶囊	Hongyao Jiaonang	Oral
CPM02913	红药片	Hongyao Pian	Oral
CPM02914	红药气雾剂	Hongyao Qiwuji	Topical
CPM02915	红药贴膏	Hongyao Tiegao	Topical
CPM02916	鸿茅药酒	Hongmao Yaojiu	Oral
CPM02917	喉疾灵胶囊	Houjiling Jiaonang	Oral
CPM02918	喉疾灵片	Houjiling Pian	Oral
CPM02919	喉康散	Houkang San	Topical
CPM02920	喉舒口含片	Houshu Kouhan Pian	Oral
CPM02921	喉舒宁胶囊	Houshuning Jiaonang	Oral
CPM02922	喉舒宁片	Houshuning Pian	Oral
CPM02923	喉痛解毒丸	Houtong Jiedu Wan	Oral
CPM02924	喉痛灵颗粒	Houtongling Keli	Oral
CPM02925	喉痛灵片	Houtongling Pian	Oral
CPM02926	喉痛片	Houtong Pian	Oral
CPM02927	喉痛丸	Houtong Wan	Oral
CPM02928	喉痛消炎丸	Houtong Xiaoyan Wan	Oral
CPM02929	喉炎丸	Houyan Wan	Oral
CPM02930	喉咽清颗粒	Houyanqing Keli	Oral
CPM02931	喉咽清口服液	Houyanqing Koufuye	Oral
CPM02932	喉药散	Houyao San	Oral
CPM02933	喉症丸	Houzheng Wan	Topical
CPM02934	猴耳环消炎胶囊	Houerhuan Xiaoyan Jiaonang	Oral
CPM02935	猴耳环消炎颗粒	Houerhuan Xiaoyan Keli	Oral
CPM02936	猴耳环消炎片	Houerhuan Xiaoyan Pian	Oral
CPM02937	猴菇片	Hougu Pian	Oral
CPM02938	猴菇饮	Hougu Yin	Oral
CPM02939	猴头健胃灵胶囊	Houtou Jianweiling Jiaonang	Oral
CPM02940	猴头健胃灵片	Houtou Jianweiling Pian	Oral
CPM02941	猴头菌片	Houtoujun Pian	Oral
CPM02942	猴枣牛黄散	Houzao Niuhuang San	Oral
CPM02943	厚朴排气合剂	Houpo Paiqi Heji	Oral
CPM02944	厚元行气丸	Houyuan Xingqi Wan	Oral
CPM02945	胡日查六味丸	Huricha Liuwei Wan	Oral
CPM02946	胡氏六神丸	Hushi Liushen Wan	Oral
CPM02947	糊药	Huyao	Oral
CPM02948	虎标万金油	Hubiao Wanjinyou	Topical
CPM02949	虎参软膏	Hushen Ruangao	Topical
CPM02950	虎地肠溶胶囊	Hudi Changrong Jiaonang	Oral
CPM02951	虎驹乙肝胶囊	Huju Yigan Jiaonang	Oral
CPM02952	虎驹乙肝片	Huju Yigan Pian	Oral
CPM02953	虎力散	Huli San	Oral
CPM02954	虎力散胶囊	Hulisan Jiaonang	Oral
CPM02955	虎力散片	Hulisan Pian	Oral
CPM02956	虎梅含片	Humei Hanpian	Oral
CPM02957	虎杖矾石搽剂	Huzhang Fanshi Chaji	Topical
CPM02958	虎杖伤痛酊	Huzhang Shangtong Ding	Topical
CPM02959	虎杖叶胶囊	Huzhangye Jiaonang	Oral
CPM02960	琥珀安神丸	Hupo Anshen Wan	Oral
CPM02961	琥珀抱龙胶囊	Hupo Baolong Jiaonang	Oral
CPM02962	琥珀抱龙丸	Hupo Baolong Wan	Oral
CPM02963	琥珀多寐丸	Hupo Duomei Wan	Oral
CPM02964	琥珀还睛丸	Hupo Huanjing Wan	Oral
CPM02965	琥珀化痰镇惊丸	Hupo Huatan Zhenjing Wan	Oral
CPM02966	琥珀利气丸	Hupo Liqi Wan	Oral
CPM02967	琥珀消石颗粒	Hupo Xiaoshi Keli	Oral
CPM02968	护肝布祖热颗粒	Hugan Buzure Keli	Oral
CPM02969	护肝胶囊	Hugan Jiaonang	Oral
CPM02970	护肝颗粒	Hugan Keli	Oral
CPM02971	护肝宁胶囊	Huganning Jiaonang	Oral
CPM02972	护肝宁片	Huganning Pian	Oral
CPM02973	护肝片	Hugan Pian	Oral
CPM02974	护肝丸	Hugan Wan	Oral
CPM02975	护骨胶囊	Hugu Jiaonang	Oral
CPM02976	护肾保元合剂	Hushen Baoyuan Heji	Oral
CPM02977	护心胶囊	Huxin Jiaonang	Oral
CPM02978	花百胶囊	Huabai Jiaonang	Topical
CPM02979	花粉祛痒止痛酊	Huafen Quyang Zhitong Ding	Topical
CPM02980	花红颗粒	Huahong Keli（Wutang）	Oral
CPM02981	花红片	Huahong Pian	Oral
CPM02982	花芪胶囊	Huaqi Jiaonang	Oral
CPM02983	花芪芎颗粒	Huaqixiong Keli	Oral
CPM02984	花蛇解痒胶囊	Huashe Jieyang Jiaonang	Oral
CPM02985	花蛇解痒片	Huashe Jieyang Pian	Oral
CPM02986	花藤子颗粒	Huatengzi Keli	Oral
CPM02987	花栀清肝颗粒	Huazhi Qinggan Keli	Oral
CPM02988	华蟾素胶囊	Huachansu Jiaonang	Oral
CPM02989	华蟾素口服液	Huachansu Koufuye	Oral
CPM02990	华蟾素片	Huachansu Pian	Oral
CPM02991	华蟾素注射液	Huachansu Zhusheye	Injection
CPM02992	华容口服液	Huarong Koufuye	Oral
CPM02993	华山参滴丸	Huashanshen Diwan	Oral
CPM02994	华山参片	Huashanshen Pian	Oral
CPM02995	华佗风痛宝胶囊	Huatuo Fengtongbao Jiaonang	Oral
CPM02996	华佗风痛宝片	Huatuo Fengtongbao Pian	Oral
CPM02997	华佗膏	Huatuo Gao	Topical
CPM02998	华佗延寿酒	Huatuo Yanshou Jiu	Oral
CPM02999	华佗再造丸	Huatuo Zaizao Wan	Oral
CPM03000	滑膜炎胶囊	Huamoyan Jiaonang	Oral
CPM03001	滑膜炎颗粒	Huamoyan Keli	Oral
CPM03002	滑膜炎片	Huamoyan Pian	Oral
CPM03003	化虫丸	Huachong Wan	Oral
CPM03004	化毒丹	Huadu Dan	Oral
CPM03005	化毒散	Huadu San	Oral
CPM03006	化毒丸	Huadu Wan	Oral
CPM03007	化风丹	Huafeng Dan	Oral
CPM03008	化核膏药	Huahe Gaoyao	Topical
CPM03009	化积颗粒	Huaji Keli	Oral
CPM03010	化积口服液	Huaji Koufuye	Oral
CPM03011	化积片	Huaji Pian	Oral
CPM03012	化积散	Huaji San	Oral
CPM03013	化湿败毒颗粒	Huashi Baidu Keli	Oral
CPM03014	化痰平喘片	Huatan Pingchuan Pian	Oral
CPM03015	化痰消咳片	Huatan Xiaoke Pian	Oral
CPM03016	化瘀祛斑胶囊	Huayu Quban Jiaonang	Oral
CPM03017	化瘀祛斑片	Huayu Quban Pian	Oral
CPM03018	化瘀散结灌肠液	Huayu Sanjie Guanchangye	Topical
CPM03019	化瘀舒经胶囊	Huayu Shujing Jiaonang	Oral
CPM03020	化瘀丸	Huayu Wan	Oral
CPM03021	化瘀镇痛胶囊	Huayu Zhentong Jiaonang	Oral
CPM03022	化瘀止痛栓	Huayu Zhitong Shuan	Topical
CPM03023	化癥回生口服液	Huazheng Huisheng Koufuye	Oral
CPM03024	化癥回生片	Huazheng Huisheng Pian	Oral
CPM03025	化痔胶囊	Huazhi Jiaonang	Oral
CPM03026	化痔灵片	Huazhiling Pian	Oral
CPM03027	化痔片	Huazhi pian	Oral
CPM03028	化痔栓	Huazhi Shuan	Topical
CPM03029	化滞柔肝颗粒	Huazhi Rougan Keli	Oral
CPM03030	化浊轻身颗粒	Huazhuo Qingshen Keli	Oral
CPM03031	槐角地榆丸	Huaijiao Diyu Wan	Oral
CPM03032	槐角丸	Huaijiao Wan	Oral
CPM03033	槐菊颗粒	Huaiju Keli	Oral
CPM03034	槐杞黄颗粒	Huaiqihuang Keli	Oral
CPM03035	獾油	Huan You	Topical
CPM03036	环心丹	Huanxin Dan	Oral
CPM03037	换骨丸	Huangu Wan	Oral
CPM03038	黄柏八味片	Huangbai Bawei Pian (Sharimaodu -8)	Oral
CPM03039	黄柏八味散	Huangbai Bawei San	Oral
CPM03040	黄柏果油软胶囊	Huangbaiguoyou Ruanjiaonang	Oral
CPM03041	黄柏胶囊	Huangbai Jiaonang	Oral
CPM03042	黄柏片	Huangbai Pian	Oral
CPM03043	黄丹胶囊	Huangdan Jiaonang	Oral
CPM03044	黄疸肝炎丸	Huangdan Ganyan Wan	Oral
CPM03045	黄疸茵陈冲剂	Huangdan Yinchen Chongji	Oral
CPM03046	黄疸茵陈颗粒	Huangdan Yinchen Keli	Oral
CPM03047	黄疸茵陈片	Huangdan Yinchen Pian	Oral
CPM03048	黄地养血口服液	Huangdi Yangxue Koufuye	Oral
CPM03049	黄地养阴颗粒	Huangdi Yangyin Keli	Oral
CPM03050	黄莪胶囊	Huang'e Jiaonang	Oral
CPM03051	黄根片	Huanggen Pian	Oral
CPM03052	黄公烧伤膏	Huanghong Shaoshang Gao	Topical
CPM03053	黄何口服液	Huanghe Koufuye	Oral
CPM03054	黄厚止泻滴丸	Huanghou Zhixie Diwan	Oral
CPM03055	黄花杜鹃滴丸	Huanghua Dujuan Diwan	Oral
CPM03056	黄花杜鹃油滴丸	Huanghuadujuan Youdiwan	Oral
CPM03057	黄花杜鹃油胶丸	Huanghua Dujuanyou Jiaowan	Oral
CPM03058	黄花油	Huanghua You	Topical
CPM03059	黄金波药酒	Huangjinbo Yaojiu	Oral
CPM03060	黄精丸	Huangjing Wan	Oral
CPM03061	黄精养阴糖浆	Huangjing Yangyin Tangjiang	Oral
CPM03062	黄精赞育胶囊	Huangjing Zanyu Jiaonang	Oral
CPM03063	黄苦洗液	Huangku Xiye	Topical
CPM03064	黄葵胶囊	Huangkui Jiaonang	Oral
CPM03065	黄连胶囊	Huanglian Jiaonang	Oral
CPM03066	黄连解毒丸	Huanglian Jiedu Wan	Oral
CPM03067	黄连清胃丸	Huanglian Qingwei Wan	Oral
CPM03068	黄连上清胶囊	Huanglian Shangqing Jiaonang	Oral
CPM03069	黄连上清颗粒	Huanglian Shangqing Keli	Oral
CPM03070	黄连上清片	Huanglian Shangqing Pian	Oral
CPM03071	黄连上清丸	Huanglian Shangqing Wan	Oral
CPM03072	黄连双清丸	Huanglian Shuangqing Wan	Oral
CPM03073	黄连羊肝片	Huanglian Yanggan Pian	Oral
CPM03074	黄龙咳喘胶囊	Huanglong Kechuan Jiaonang	Oral
CPM03075	黄龙咳喘片	Huanglong Kechuan Pian	Oral
CPM03076	黄龙止咳颗粒	Huanglong Zhike Keli	Oral
CPM03077	黄蒲洁肤洗剂	Huangpu Jiefu Xiji	Topical
CPM03078	黄芪建中丸	Huangqi Jianzhong Wan	Oral
CPM03079	黄芪健胃膏	Huangqi Jianwei Gao	Oral
CPM03080	黄芪精	Huangqi Jing	Oral
CPM03081	黄芪精颗粒	Huangqijing Keli	Oral
CPM03082	黄芪颗粒	Huangqi Keli	Oral
CPM03083	黄芪片	Huangqi Pian	Oral
CPM03084	黄芪三七口服液	Huangqi Sanqi Koufuye	Oral
CPM03085	黄芪生脉颗粒	Huangqi Shengmai Keli	Oral
CPM03086	黄芪生脉饮	Huangqi Shengmai Yin	Oral
CPM03087	黄芪注射液	Huangqi Zhusheye	Injection
CPM03088	黄芩胶囊	Huangqin Jiaonang	Oral
CPM03089	黄芩茎叶解毒胶囊	Huangqin Jingye Jiedu Jiaonang	Oral
CPM03090	黄芩片	Huanqin Pian	Oral
CPM03091	黄芩素铝胶囊	Huangqinsulv Jiaonang	Oral
CPM03092	黄升丹	Huangsheng Dan	Topical
CPM03093	黄石感冒片	Huangshi Ganmao Pian	Oral
CPM03094	黄氏响声茶	Huangshi Xiangsheng Cha	Oral
CPM03095	黄氏响声含片	Huangshi Xiangsheng Hanpian	Oral
CPM03096	黄氏响声丸	Huangshi Xiangsheng Wan（Tanyi Nongsuoshuiwan）	Oral
CPM03097	黄水疮散	Huangshuichuang San	Topical
CPM03098	黄香颗粒	Huangxiang Keli	Oral
CPM03099	黄萱益肝散	Huangxuan Yigan San	Oral
CPM03100	黄萱益肝丸	Huangxuan Yigan Wan	Oral
CPM03101	黄杨宁片	Huangyangning Pian	Oral
CPM03102	黄英咳喘糖浆	Huangying Kechuan Tangjiang	Oral
CPM03103	黄枣颗粒	Huangzao Keli	Oral
CPM03104	黄栀花口服液	Huangzhihua Koufuye	Oral
CPM03105	黄蛭益肾胶囊	Huangzhi Yishen Jiaonang	Oral
CPM03106	回春丹	Huichun Dan	Oral
CPM03107	回春胶囊	Huichun Jiaonang	Oral
CPM03108	回春酒	Huichun Jiu	Oral
CPM03109	回春如意胶囊	Huichun Ruyi Jiaonang	Oral
CPM03110	回春散	Huichun San	Oral
CPM03111	回生第一丹胶囊	Huisheng Diyidan Jiaonang	Oral
CPM03112	回生第一丹丸	Huisheng Diyidan Wan	Oral
CPM03113	回生第一散	Huisheng Diyi San	Oral
CPM03114	回生甘露丸	Huisheng Ganlu Wan	Oral
CPM03115	回生口服液	Huisheng Koufuye	Oral
CPM03116	回生再造丸	Huisheng Zaizao Wan	Oral
CPM03117	回天再造丸	Huitian Zaizao Wan	Oral
CPM03118	回心康片	Huixinkang Pian	Oral
CPM03119	茴香橘核丸	Huixiang Juhe Wan	Oral
CPM03120	惠血生胶囊	Huixuesheng Jiaonang	Oral
CPM03121	惠血生片	Huixuesheng Pian	Oral
CPM03122	混元丸	Hunyuan Wan	Oral
CPM03123	活力苏口服液	Huolisu Koufuye	Oral
CPM03124	活力源胶囊	Huoliyuan Jiaonang	Oral
CPM03125	活力源口服液	Huoliyuan Koufuye	Oral
CPM03126	活力源片	Huoliyuan Pian	Oral
CPM03127	活络酊	Huoluo Ding	Topical
CPM03128	活络健身液	Huoluo Jianshen Ye	Oral
CPM03129	活络通口服液	Huoluotong Koufuye	Oral
CPM03130	活络消痛胶囊	Huoluo Xiaotong Jiaonang	Oral
CPM03131	活络消痛片	Huoluo Xiaotong Pian	Oral
CPM03132	活络油	Huoluo You	Topical
CPM03133	活络镇痛片	Huoluo Zhentong Pian	Oral
CPM03134	活络止痛丸	Huoluo Zhitong Wan	Oral
CPM03135	活胃胶囊	Huowei Jiaonang	Oral
CPM03136	活胃散	Huowei San	Topical
CPM03137	活心丸	Huoxin wan（Nongsuowan）	Oral
CPM03138	活血调经丸	Huoxue Tiaojing Wan	Oral
CPM03139	活血跌打丸	Huoxue Dieda Wan	Oral
CPM03140	活血风寒膏	Huo Xue Feng Han Gao	Topical
CPM03141	活血健骨片	Huoxue Jiangu Pian	Oral
CPM03142	活血降浊口服液	Huoxue Jiangzhuo Koufuye	Oral
CPM03143	活血胶囊	Huoxue Jiaonang	Oral
CPM03144	活血接骨散	Huoxue Jiegu San	Topical
CPM03145	活血解毒丸	Huoxue Jiedu Wan	Oral
CPM03146	活血解痛膏	Huoxue Jietong Gao	Topical
CPM03147	活血理伤丸	Huoxue Lishang Wan	Oral
CPM03148	活血舒筋酊	Huoxue Shujin Ding	Oral
CPM03149	活血通脉胶囊	Huoxue Tongmai Jiaonang	Oral
CPM03150	活血通脉片	Huoxue Tongmai Pian	Oral
CPM03151	活血消痛酊	Huoxue Xiaotong Ding	Topical
CPM03152	活血消炎丸	Huoxue Xiaoyan Wan	Oral
CPM03153	活血益痔酊	Huoxue Yizhi Ding	Topical
CPM03154	活血应痛丸	Huoxue Yingtong Wan	Oral
CPM03155	活血镇痛膏	Huoxue Zhentong Gao	Topical
CPM03156	活血镇痛胶囊	Huoxue Zhentong Jiaonang	Oral
CPM03157	活血止痛膏	Huoxue Zhitong Gao	Topical
CPM03158	活血止痛胶囊	Huoxue Zhitong Jiaonang	Oral
CPM03159	活血止痛片	Huoxue Zhitong Pian	Oral
CPM03160	活血止痛软胶囊	Huoxue Zhitong Ruanjiaonang	Oral
CPM03161	活血止痛散	Huoxue Zhitong San	Oral
CPM03162	活血壮筋胶囊	Huoxue Zhuangjin Jiaonang	Oral
CPM03163	活血壮筋丸	Huoxue Zhuangjin Wan	Oral
CPM03164	霍香正气丸	Huoxiang Zhengqi Wan （Nongsuo Wan ）	Oral
CPM03165	藿参补肾酒	Huoshen Bushen Jiu	Oral
CPM03166	藿胆滴丸	Huodan Diwan	Oral
CPM03167	藿胆片	Huodan Pian	Oral
CPM03168	藿胆丸	Huodan Wan	Oral
CPM03169	藿龙补肾口服液	Huolong Bushen Koufuye	Oral
CPM03170	藿鹿补肾胶囊	Huolu Bushen Jiaonang	Oral
CPM03171	藿杞补肾颗粒	Huoqi Bushen Keli	Oral
CPM03172	藿杞补肾片	Huoqi Bushen Pian	Oral
CPM03173	藿蓉补肾颗粒	Huorong Bushen Keli	Oral
CPM03174	藿香清胃胶囊	Huoxiang Qingwei Jiaonang	Oral
CPM03175	藿香清胃颗粒	Huoxiang Qingwei Keli	Oral
CPM03176	藿香清胃片	Huoxiang Qingwei Pian	Oral
CPM03177	藿香祛暑软胶囊	Huoxiang Qushu Ruanjiaonang	Oral
CPM03178	藿香祛暑水	Huoxiang Qushu Shui	Oral
CPM03179	藿香水	Huoxiang Shui	Oral
CPM03180	藿香万应散	Huoxiang Wanying San	Oral
CPM03181	藿香正气滴丸	Huoxiang Zhengqi Diwan	Oral
CPM03182	藿香正气合剂	Huoxiang Zhengqi Heji	Oral
CPM03183	藿香正气胶囊	Huoxiang Zhengqi Jiaonang	Oral
CPM03184	藿香正气颗粒	Huoxiang Zhengqi Keli	Oral
CPM03185	藿香正气口服液	Huoxiang Zhengqi Koufuye	Oral
CPM03186	藿香正气片	Huoxiang Zhengqi Pian	Oral
CPM03187	藿香正气软胶囊	Huoxiang Zhengqi Ruanjiaonang	Oral
CPM03188	藿香正气水	Huoxiang Zhengqishui	Oral
CPM03189	藿阳补肾胶囊	Huoyang Bushen Jiaonang	Oral
CPM03190	鸡骨草肝炎颗粒	Jigucao Ganyan Keli	Oral
CPM03191	鸡骨草肝炎丸	Jigucao Ganyan Wan	Oral
CPM03192	鸡骨草胶囊	Jigucao Jiaonang	Oral
CPM03193	鸡骨草片	Jigucao Pian	Oral
CPM03194	鸡矢藤注射液	Jishiteng Zhusheye	Injection
CPM03195	鸡血藤膏	Jixueteng Gao	Oral
CPM03196	鸡血藤胶囊	Jixueteng Jiaonang	Oral
CPM03197	鸡血藤颗粒	Jixueteng Keli	Oral
CPM03198	鸡血藤片	Jixueteng Pian	Oral
CPM03199	鸡血藤糖浆	Jixueteng Tangjiang	Oral
CPM03200	积雪草总苷	Jixuecao Zonggan	Oral
CPM03201	积雪苷胶囊	Jixuegan Jiaonang	Oral
CPM03202	积雪苷片	Jixuegan Pian	Oral
CPM03203	积雪苷霜软膏	Jixueganshuang Ruangao	Topical
CPM03204	吉如心片	Jiruxin Pian	Oral
CPM03205	吉祥安坤丸	Jixiang Ankun Wan	Oral
CPM03206	急肝退黄胶囊	Jigan Tuihuang Jiaonang	Oral
CPM03207	急支颗粒	Jizhi Keli	Oral
CPM03208	急支糖浆	Jizhi Tangjiang	Oral
CPM03209	棘豆消痒洗剂	Jidou Xiaoyang Xiji	Topical
CPM03210	蒺藜皂苷胶囊	Jili Zaogan Jiaonang	Oral
CPM03211	戟生止痛膏	Jisheng Zhitong Gao	Topical
CPM03212	季德胜蛇药片	Jidesheng Sheyao Pian	Oral
CPM03213	济坤丸	Jikun Wan	Oral
CPM03214	济生橘核丸	Jisheng Juhe Wan	Oral
CPM03215	济生肾气片	Jisheng Shenqi Pian	Oral
CPM03216	济生肾气丸	Jisheng Shenqi Wan	Oral
CPM03217	济生万应锭	Jisheng Wanying Ding	Oral
CPM03218	济众酊	Jizhong Ding	Oral
CPM03219	寄生追风酒	Jisheng Zhuifeng Jiu	Oral
CPM03220	加减地黄丸	Jiajian Dihuang Wan	Oral
CPM03221	加味八珍益母膏	Jiawei Bazhen Yimu Gao	Oral
CPM03222	加味八珍益母胶囊	Jiawei Bazhen Yimu Jiaonang	Oral
CPM03223	加味白药丸	Jiawei Baiyao Wan	Oral
CPM03224	加味保和丸	Jiawei Baohe Wan	Oral
CPM03225	加味感冒丸	Jiawei Ganmao Wan	Oral
CPM03226	加味归芪片	Jiawei Guiqi Pian	Oral
CPM03227	加味龟龄集酒	Jiawei Guilingji Jiu	Oral
CPM03228	加味藿香正气软胶囊	Jiawei Huoxiang Zhengqi Ruanjiaonang	Oral
CPM03229	加味藿香正气丸	Jiawei Huoxiang Zhengqi Wan	Oral
CPM03230	加味烂积丸	Jiawei Lanji Wan	Oral
CPM03231	加味灵芝菌片	Jiawei Lingzhijun Pian	Oral
CPM03232	加味青娥丸	Jiawei Qing’e Wan	Oral
CPM03233	加味蛇胆陈皮片	Jiawei Shedan Chenpi Pian	Oral
CPM03234	加味生化颗粒	Jiawei Shenghua Keli	Oral
CPM03235	加味四消丸	Jiawei Sixiao Wan	Oral
CPM03236	加味天麻胶囊	Jiawei Tianma Jiaonang	Oral
CPM03237	加味西黄丸	Jiawei Xihuang Wan	Oral
CPM03238	加味香连丸	Jiawei Xianglian Wan	Oral
CPM03239	加味香砂枳术丸	Jiawei Xiangsha Zhizhu Wan	Oral
CPM03240	加味逍遥胶囊	Jiawei Xiaoyao Jiaonang	Oral
CPM03241	加味逍遥颗粒	Jiawei Xiaoyao Keli	Oral
CPM03242	加味逍遥片	Jiawei Xiaoyao Pian	Oral
CPM03243	加味逍遥丸	Jiawei Xiaoyao Wan	Oral
CPM03244	加味益母草膏	Jiawei Yimucao Gao	Oral
CPM03245	加味银翘片	Jiawei Yinqiao Pian	Oral
CPM03246	加味左金丸	Jiawei Zuojin Wan（Shuiwan）	Oral
CPM03247	佳蓉片	Jiarong Pian	Oral
CPM03248	佳蓉丸	Jiarong Wan	Oral
CPM03249	甲亢灵胶囊	Jiakangling Jiaonang	Oral
CPM03250	甲亢灵颗粒	Jiakangling Keli	Oral
CPM03251	甲亢灵片	Jiakangling Pian	Oral
CPM03252	甲芪肝纤颗粒	Jiaqi Ganxian Keli	Oral
CPM03253	甲鱼软坚膏	Jiayu Ruanjian Gao	Topical
CPM03254	减肥胶囊	Jianfei Jiaonang	Oral
CPM03255	减味牛黄解毒胶囊	Jianwei Niuhuang Jiedu Jiaonang	Oral
CPM03256	减味小儿化痰散	Jianwei Xiao'er Huatan San	Oral
CPM03257	减味紫雪口服液	Jianwei Zixue Koufuye	Oral
CPM03258	建参片	Jianshen Pian	Oral
CPM03259	建曲	Jian Qu	Oral
CPM03260	健宝灵颗粒	Jianbaoling Keli	Oral
CPM03261	健宝灵片	Jianbaoling Pian	Oral
CPM03262	健步强身丸	Jianbu Qiangshen Wan	Oral
CPM03263	健步丸	Jianbu Wan	Oral
CPM03264	健步壮骨丸	Jianbu Zhuanggu Wan	Oral
CPM03265	健儿疳积散	Jian ’er Ganji San	Oral
CPM03266	健儿膏	Jian'er Gao	Oral
CPM03267	健儿口服液	Jian'er Koufuye	Oral
CPM03268	健儿乐颗粒	Jian’erle Keli	Oral
CPM03269	健儿片	Jian’er Pian	Oral
CPM03270	健儿强骨颗粒	Jianer Qianggu Keli	Oral
CPM03271	健儿清解液	Jian'er Qingjie Ye	Oral
CPM03272	健儿散	Jian'er San	Oral
CPM03273	健儿素颗粒	Jian’ersu Keli	Oral
CPM03274	健儿糖浆	Jian’er Tangjiang	Oral
CPM03275	健儿消积贴	Jian'er Xiaoji Tie	Topical
CPM03276	健儿消食合剂	Jian'er Xiaoshi Heji	Oral
CPM03277	健儿消食口服液	Jianer Xiaoshi Koufuye	Oral
CPM03278	健儿药片	Jian´er Yaopian	Oral
CPM03279	健儿药丸	Jian´er Yaowan	Oral
CPM03280	健儿止泻颗粒	Jian'er Zhixie Keli	Oral
CPM03281	健肺丸	Jianfei Wan	Oral
CPM03282	健肝乐颗粒	Jianganle Keli	Oral
CPM03283	健肝灵胶囊	Jianganling Jiaonang	Oral
CPM03284	健肝灵片	Jianganling Pian	Oral
CPM03285	健肝片	Jiangan Pian	Oral
CPM03286	健骨生丸	Jiangusheng Wan	Oral
CPM03287	健康补脾丸	Jiankang Bupi Wan	Oral
CPM03288	健康补肾酒	Jiankang Bushen Jiu	Oral
CPM03289	健民咽喉片	Jianmin Yanhou Pian	Oral
CPM03290	健脑安神片	Jiannao Anshen Pian	Oral
CPM03291	健脑补肾口服液	Jiannao Bushen Koufuye	Oral
CPM03292	健脑补肾丸	Jiannao Bushen Wan	Oral
CPM03293	健脑胶囊	Jiannao Jiaonang	Oral
CPM03294	健脑灵片	Jiannaoling Pian	Oral
CPM03295	健脑片	Jiannao Pian	Oral
CPM03296	健脑丸	Jiannao Wan	Oral
CPM03297	健脑益气片	Jiannao Yiqi Pian	Oral
CPM03298	健脾安神合剂	Jianpi Anshen Heji	Oral
CPM03299	健脾安神胶囊	Jianpi Anshen Jiaonang	Oral
CPM03300	健脾八珍糕	Jianpi Bazhen Gao	Oral
CPM03301	健脾补血颗粒	Jianpi Buxue Keli	Oral
CPM03302	健脾补血片	Jianpi Buxue Pian	Oral
CPM03303	健脾冲剂	Jianpi Chongji	Oral
CPM03304	健脾糕片	Jianpigao Pian	Oral
CPM03305	健脾化滞锭	Jianpi Huazhi Ding	Oral
CPM03306	健脾降脂颗粒	Jianpi Jiangzhi Keli	Oral
CPM03307	健脾康儿片	Jianpi Kang'er Pian	Oral
CPM03308	健脾颗粒	Jianpi Keli	Oral
CPM03309	健脾理肠片	Jianpi Lichang Pian	Oral
CPM03310	健脾片	Jianpi Pian	Oral
CPM03311	健脾润肺丸	Jianpi Runfei Wan	Oral
CPM03312	健脾生血颗粒	Jianpi Shengxue Keli	Oral
CPM03313	健脾生血片	Jianpi Shengxue Pian	Oral
CPM03314	健脾糖浆	Jianpi Tangjiang	Oral
CPM03315	健脾丸	Jianpi Wan	Oral
CPM03316	健脾五味丸	Jianpi Wuwei Wan	Oral
CPM03317	健脾消疳丸	Jianpi Xiaogan Wan	Oral
CPM03318	健脾消渴散	Jianpi Xiaoke San	Oral
CPM03319	健脾消食丸	Jianpi Xiaoshi Wan	Oral
CPM03320	健脾养胃颗粒	Jianpi Yangwei Keli	Oral
CPM03321	健脾益肾颗粒	Jianpi Yishen Keli （Wuzhetangxing）	Oral
CPM03322	健脾益血片	Jianpi Yixue Pian	Oral
CPM03323	健脾增力丸	Jianpi Zengli Wan	Oral
CPM03324	健脾止泻宁颗粒	Jianpi Zhixiening Keli	Oral
CPM03325	健脾止遗片	Jianpi Zhiyi Pian	Oral
CPM03326	健脾壮腰药酒	Jianpi Zhuangyao Yaojiu	Oral
CPM03327	健脾资生丸	Jianpi Zisheng Wan	Oral
CPM03328	健身安胎丸	Janshen Antai Wan	Oral
CPM03329	健身宁片	Jianshenning Pian	Oral
CPM03330	健身全鹿丸	Jianshen Quanlu Wan	Oral
CPM03331	健身消导颗粒	Jianshen Xiaodao Keli	Oral
CPM03332	健身药酒	Jianshen Yaojiu	Oral
CPM03333	健身长春膏	Jianshen Changchun Gao	Oral
CPM03334	健身长春颗粒	Jianshen Changchun Keli	Oral
CPM03335	健神宁片	Jianshenning Pian	Oral
CPM03336	健肾生发丸	Jianshen Shengfa Wan	Oral
CPM03337	健肾益肺颗粒	Jianshen Yifei Keli	Oral
CPM03338	健肾益肺口服液	Jianshen Yifei Koufuye	Oral
CPM03339	健肾壮腰丸	Jianshen Zhuangyao Wan	Oral
CPM03340	健胃固肠散	Jianwei Guchang San	Oral
CPM03341	健胃宽胸丸	Jianwei Kuanxiong Wan	Oral
CPM03342	健胃片	Jianwei Pian	Oral
CPM03343	健胃十味丸	Jianwei Shiwei Wan	Oral
CPM03344	健胃消食颗粒	Jianwei Xiaoshi Keli	Oral
CPM03345	健胃消食口服液	Jianwei Xiaoshi Koufuye	Oral
CPM03346	健胃消食片	Jianwei Xiaoshi Pian	Oral
CPM03347	健胃消炎颗粒	Jianwei Xiaoyan Keli	Oral
CPM03348	健胃愈疡胶囊	Jianwei Yuyang Jiaonang	Oral
CPM03349	健胃愈疡颗粒	Jianwei Yuyang Keli	Oral
CPM03350	健胃愈疡片	Jianwei Yuyang Pian	Oral
CPM03351	健胃止疼五味胶囊	Jianwei Zhiteng Wuwei Jiaonang	Oral
CPM03352	健胃止痛片	Jianwei Zhitong Pian	Oral
CPM03353	健心合米尔高滋斑安比热片	Jianxin Hemi´ergaoziban Anbire Pian	Oral
CPM03354	健心胶囊	Jianxin Jiaonang	Oral
CPM03355	健心片	Jianxin Pian	Oral
CPM03356	健血颗粒	Jianxue Keli	Oral
CPM03357	健延龄	Jianyanling	Oral
CPM03358	健延龄胶囊	Jianyanling Jiaonang	Oral
CPM03359	健阳胶囊	Jianyang Jiaonang	Oral
CPM03360	健阳片	Jianyang Pian	Oral
CPM03361	健腰丸	Jianyao Wan	Oral
CPM03362	江南卷柏片	Jiangnanjuanbai Pian	Oral
CPM03363	姜冲剂	Jiang Chongji	Oral
CPM03364	姜胆咳喘片	Jiangdan Kechuan Pian	Oral
CPM03365	姜酊	Jiang Ding	Oral
CPM03366	姜红祛痛搽剂	Jianghong Qutong Chaji	Topical
CPM03367	姜黄清脂胶囊	Jianghuang Qingzhi Jiaonang	Oral
CPM03368	姜黄清脂片	Jianghuang Qingzhi Pian	Oral
CPM03369	姜黄清脂丸	Jianghuang Qingzhi Wan	Oral
CPM03370	姜黄消痤搽剂	Jianghuang Xiaocuo Chaji	Topical
CPM03371	姜颗粒	Jiang Keli	Oral
CPM03372	姜流浸膏	Jiang Liujingao	Oral
CPM03373	姜脑止痛搽剂	Jiangnao Zhitong Chaji	Topical
CPM03374	姜枣祛寒冲剂	Jiangzao Quhan Chongji	Oral
CPM03375	姜枣祛寒颗粒	Jiangzao Quhan Keli	Oral
CPM03376	降酶灵胶囊	Jiangmeiling Jiaonang	Oral
CPM03377	降酶灵片	Jiangmeiling Pian	Oral
CPM03378	降气定喘丸	Jiangqi Dingchuan Wan	Oral
CPM03379	降糖甲胶囊	Jiangtangjia Jiaonang	Oral
CPM03380	降糖甲颗粒	Jiangtangjia Keli	Oral
CPM03381	降糖甲片	Jiangtangjia Pian	Oral
CPM03382	降糖胶囊	Jiangtang Jiaonang	Oral
CPM03383	降糖宁胶囊	Jiangtangning Jiaonang	Oral
CPM03384	降糖宁片	Jiangtangning Pian	Oral
CPM03385	降糖舒胶囊	Jiangtangshu Jiaonang	Oral
CPM03386	降糖舒片	Jiangtangshu Pian	Oral
CPM03387	降糖舒丸	Jiangtangshu Wan	Oral
CPM03388	降糖通脉胶囊	Jiangtang Tongmai Jiaonang	Oral
CPM03389	降糖通脉片	Jiangtang Tongmai Pian	Oral
CPM03390	降压袋泡茶	Jiangya Daipaocha	Oral
CPM03391	降压片	Jiangya Pian	Oral
CPM03392	降压平片	Jiangyaping Pian	Oral
CPM03393	降压丸	Jiangya Wan	Oral
CPM03394	降脂减肥胶囊	Jiangzhi Jianfei Jiaonang	Oral
CPM03395	降脂减肥片	Jiangzhi Jianfei Pian	Oral
CPM03396	降脂胶丸	Jiangzhi Jiaowan	Oral
CPM03397	降脂灵分散片	Jiangzhiling Fensanpian	Oral
CPM03398	降脂灵胶囊	Jiangzhiling Jiaonang	Oral
CPM03399	降脂灵颗粒	Jiangzhiling Keli	Oral
CPM03400	降脂灵片	Jiangzhiling Pian	Oral
CPM03401	降脂宁胶囊	Jiangzhining Jiaonang	Oral
CPM03402	降脂宁颗粒	Jiangzhining Keli	Oral
CPM03403	降脂宁片	Jiangzhining Pian	Oral
CPM03404	降脂通便胶囊	Jiangzhi Tongbian Jiaonang	Oral
CPM03405	降脂通络软胶囊	Jiangzhi Tongluo Ruanjiaonang	Oral
CPM03406	降脂通脉胶囊	Jiangzhi Tongmai Jiaonang	Oral
CPM03407	降浊颗粒	Jiangzhuo Keli	Oral
CPM03408	绛糖宁胶囊	Jiangtangning Jiaonang	Oral
CPM03409	绛糖宁片	Jiangtangning Pian	Oral
CPM03410	艽龙胶囊	Jiaolong Jiaonang	Oral
CPM03411	交通心肾胶囊	Jiaotong Xinshen Jiaonang	Oral
CPM03412	焦楂化滞丸	Jiaozha Huazhi Wan	Oral
CPM03413	绞股蓝	Jiaogulan	Topical
CPM03414	绞股蓝总甙胶囊	Jiaogulanzongdai Pian	Oral
CPM03415	绞股蓝总甙颗粒	Jiaogulan Zongdai Keli	Oral
CPM03416	绞股蓝总甙口服液	Jiaogulan Zongdai Koufuye	Oral
CPM03417	绞股蓝总甙片	Jiaogulanzongdai Pian	Oral
CPM03418	绞股蓝总甙软胶囊	Jiaogulanzongdai Ruanjiaonang	Oral
CPM03419	绞股蓝总苷滴丸	Jiaogulanzonggan Diwan	Oral
CPM03420	绞股蓝总苷分散片	Jiaogulanzonggan Fensanpian	Oral
CPM03421	绞股蓝总苷胶囊	Jiaogulan Zonggan Jiaonang	Oral
CPM03422	绞股蓝总苷颗粒	Jiaogulanzonggan Keli	Oral
CPM03423	脚气散	Jiaoqi San	Topical
CPM03424	接骨片	Jiegu Pian	Oral
CPM03425	接骨七厘胶囊	Jiegu Qili Jiaonang	Oral
CPM03426	接骨七厘片	Jiegu Qili Pian	Oral
CPM03427	接骨七厘散	Jiegu Qili San	Oral
CPM03428	接骨七厘丸	Jiegu Qili Wan	Oral
CPM03429	接骨丸	Huangu Wan	Oral
CPM03430	接骨续筋胶囊	Jiegu Xujin Jiaonang	Oral
CPM03431	接骨续筋片	Jiegu Xujin Pian	Oral
CPM03432	洁白胶囊	Jiebai Jiaonang	Oral
CPM03433	洁白片	Jiebai Pian	Oral
CPM03434	洁白丸	Jiebai Wan	Oral
CPM03435	洁尔阴泡腾片	Jie’eryin Paoteng Pian	Topical
CPM03436	洁尔阴软膏	Jie'eryin Ruangao	Topical
CPM03437	洁尔阴洗液	Jieeryin Xiye	Topical
CPM03438	洁肤净洗剂	Jiefujing Xiji	Topical
CPM03439	洁身洗液	Jieshen Xiye	Topical
CPM03440	洁阴康洗液	Jieyinkang Xiye	Topical
CPM03441	洁阴灵洗剂	Jieyinling Xiji	Topical
CPM03442	洁阴止痒洗液	Jieyin Zhiyang Xiye	Topical
CPM03443	结核灵片	Jieheling Pian	Oral
CPM03444	结核丸	Jiehe Wan	Oral
CPM03445	结石康胶囊	Jieshikang Jiaonang	Oral
CPM03446	结石清胶囊	Jieshiqing Jiaonang	Oral
CPM03447	结石通茶	Jieshitong Cha (Yushi Cha )	Oral
CPM03448	结石通胶囊	Jieshitong Jiaonang	Oral
CPM03449	结石通片	Jieshitong Pian	Oral
CPM03450	解表清肺丸	Jiebiao Qingfei Wan	Oral
CPM03451	解表追风丸	Jiebiao Zhuifeng Wan	Oral
CPM03452	解毒痤疮丸	Jiedu Cuochuang Wan	Oral
CPM03453	解毒护肝颗粒	Jiedu Hugan Keli	Oral
CPM03454	解毒活血栓	Jiedu Huoxue Shuan	Topical
CPM03455	解毒降脂胶囊	Jiedu Jiangzhi Jiaonang	Oral
CPM03456	解毒利咽丸	Jiedu Liyan Wan	Oral
CPM03457	解毒凉血合剂	Jiedu Liangxue Heji	Oral
CPM03458	解毒散结胶囊	Jiedu Sanjie Jiaonang	Oral
CPM03459	解毒烧伤软膏	Jiedu Shaoshang Ruangao	Topical
CPM03460	解毒生肌膏	Jiedu Shengji Gao	Topical
CPM03461	解毒通淋丸	Jiedu Tonglin Wan	Oral
CPM03462	解毒万灵丸	Jiedu Wanling Wan	Oral
CPM03463	解毒维康胶囊	Jiedu Weikang Jiaonang	Oral
CPM03464	解毒维康片	Jiedu Weikang Pian	Oral
CPM03465	解毒止泻胶囊	Jieduzhixie Jiaonang	Oral
CPM03466	解肌宁嗽口服液	Jieji Ningsou Koufuye	Oral
CPM03467	解肌宁嗽片	Jieji Ningsou Pian	Oral
CPM03468	解肌宁嗽丸	Jieji Ningsou Wan	Oral
CPM03469	解肌清肺丸	Jieji Qingfei Wan	Oral
CPM03470	解痉镇痛酊	Jiejingzhentong Ding	Topical
CPM03471	解热清肺糖浆	Jiere Qingfei Tangjiang	Oral
CPM03472	解热消炎胶囊	Jiere Xiaoyan Jiaonang	Oral
CPM03473	解热镇惊丸	Jiere Zhenjing Wan	Oral
CPM03474	解暑片	Jieshu Pian	Oral
CPM03475	解心痛胶囊	Jiexintong Jiaonang	Oral
CPM03476	解心痛片	Jiexintong Pian	Oral
CPM03477	解郁安神冲剂	Jieyu Anshen Chongji	Oral
CPM03478	解郁安神胶囊	Jieyu Anshen Jiaonang	Oral
CPM03479	解郁安神颗粒	Jieyu Anshen Keli	Oral
CPM03480	解郁安神片	Jieyu Anshen Pian	Oral
CPM03481	解郁肝舒胶囊	Jieyu Ganshu Jiaonang	Oral
CPM03482	解郁丸	Jieyu Wan	Oral
CPM03483	金百洗剂	Jinbai Xiji	Topical
CPM03484	金贝痰咳清颗粒	Jinbei Tankeqing Keli	Oral
CPM03485	金萆通淋颗粒	Jinbi Tonglin Keli	Oral
CPM03486	金不换膏	Jinbuhuan Gao	Topical
CPM03487	金参疏肝胶囊	Jinshen Shugan Jiaonang	Oral
CPM03488	金蝉止痒胶囊	Jinchan Zhiyang Jiaonang	Oral
CPM03489	金刺参九正合剂	Jincishen Jiuzheng Heji	Oral
CPM03490	金丹附延颗粒	Jindan Fuyan Keli	Oral
CPM03491	金丹丸	Jindan Wan	Oral
CPM03492	金胆片	Jindan Pian	Oral
CPM03493	金豆开胃口服液	Jindou Kaiwei Koufuye	Oral
CPM03494	金防感冒颗粒	Jinfang Ganmao Keli	Oral
CPM03495	金凤丸	Jinfeng Wan	Oral
CPM03496	金佛酒	Jinfo Jiu	Oral
CPM03497	金佛止痛丸	Jinfo Zhitong Wan	Oral
CPM03498	金复康口服液	Jinfukang Koufuye	Oral
CPM03499	金感胶囊	Jingan Jiaonang	Oral
CPM03500	金感康胶囊	Jingankang Jiaonang	Oral
CPM03501	金感欣片	Jinganxin Pian	Oral
CPM03502	金刚胶囊	Jingang Jiaonang	Oral
CPM03503	金刚口服液	Jingang Koufuye	Oral
CPM03504	金刚片	Jingang Pian	Oral
CPM03505	金刚藤分散片	Jingangteng Fensanpian	Oral
CPM03506	金刚藤胶囊	Jinggangteng Jiaonang	Oral
CPM03507	金刚藤咀嚼片	Jingangteng Jujue Pian	Oral
CPM03508	金刚藤颗粒	Jingangteng Keli	Oral
CPM03509	金刚藤口服液	Jingangteng Koufuye	Oral
CPM03510	金刚藤片	Jingangteng Pian	Oral
CPM03511	金刚藤软胶囊	Jingangteng Ruanjiaonang	Oral
CPM03512	金刚藤糖浆	Jingangteng Tangjiang	Oral
CPM03513	金刚藤丸	Jingangteng Wan	Oral
CPM03514	金刚丸	Jingang Wan	Oral
CPM03515	金骨莲胶囊	Jingulian Jiaonang	Oral
CPM03516	金骨莲片	Jingulian Pian	Oral
CPM03517	金关片	Jinguan Pian	Oral
CPM03518	金归洗液	Jingui Xiye	Topical
CPM03519	金果含片	Jinguo Hanpian	Oral
CPM03520	金果榄涂膜剂	Jinguolan Tumoji	Topical
CPM03521	金果饮	Jinguo Yin	Oral
CPM03522	金果饮咽喉片	Jinguoyin Yanhou Pian	Oral
CPM03523	金咳息胶囊	Jinkexi Jiaonang	Oral
CPM03524	金咳息颗粒	Jinkexi Keli	Oral
CPM03525	金海清咽袋泡茶	Jinhai Qingyan Daipaocha	Oral
CPM03526	金蒿解热颗粒	Jinhaojiere Keli	Oral
CPM03527	金红颗粒	Jinhong Keli	Oral
CPM03528	金红片	Jinhong Pian	Oral
CPM03529	金红止痛消肿酊	Jinhong Zhitong Xiaozhong Ding	Topical
CPM03530	金喉健喷雾剂	Jinhoujian Penwuji	Topical
CPM03531	金喉散	Jinhou San	Oral
CPM03532	金斛酒	Jinhu Jiu	Oral
CPM03533	金花跌打酊	Jinhua Dieda Ding	Topical
CPM03534	金花明目丸	Jinhua Mingmu Wan	Oral
CPM03535	金花清感颗粒	Jinhua Qinggan Keli	Oral
CPM03536	金花消痤颗粒	Jinhua Xiaocuo Keli	Oral
CPM03537	金花消痤丸	Jinhua Xiaocuo Wan	Oral
CPM03538	金花止咳颗粒	Jinhua Zhike Keli	Oral
CPM03539	金槐冠心片	Jinhuai Guanxin Pian	Oral
CPM03540	金黄抱龙丸	Jinhuang Baolong Wan	Oral
CPM03541	金黄利胆胶囊	Jinhuang Lidan Jiaonang	Oral
CPM03542	金黄散	Jinhuang San	Topical
CPM03543	金鸡分散片	Jinji Fensanpian	Oral
CPM03544	金鸡虎补片	Jinjihubu Pian	Oral
CPM03545	金鸡虎补丸	Jinjihubu Wan	Oral
CPM03546	金鸡胶囊	Jinji Jiaonang	Oral
CPM03547	金鸡颗粒	Jinji Keli	Oral
CPM03548	金鸡片	Jinji Pian	Oral
CPM03549	金鸡丸	Jinji Wan	Oral
CPM03550	金甲排石胶囊	Jinjia Paishi Jiaonang	Oral
CPM03551	金蚧片	Jinjie Pian	Oral
CPM03552	金菊感冒片	Jinju Ganmao Pian	Oral
CPM03553	金菌灵片	Jinjunling Pian	Oral
CPM03554	金匮肾气丸	Jinkui Shenqi Wan	Oral
CPM03555	金莲花胶囊	Jinlianhua Jiaonang	Oral
CPM03556	金莲花口服液	Jinlianhua Koufuye	Oral
CPM03557	金莲花片	Jinlianhua Pian	Oral
CPM03558	金羚感冒片	Jinling Ganmao Pian	Oral
CPM03559	金龙丹颗粒	Jinlongdan Keli	Oral
CPM03560	金龙驱风油	Jinlong Qufeng You	Topical
CPM03561	金龙伤湿止痛膏	Jinlong Shangshi Zhitong Gao	Topical
CPM03562	金龙舒胆颗粒	Jinlong Shudan Keli	Oral
CPM03563	金马肝泰胶囊	Jinma Gantai Jiaonang	Oral
CPM03564	金马肝泰颗粒	Jinma Gantai Keli	Oral
CPM03565	金马肝泰片	Jinma Gantai Pian	Oral
CPM03566	金毛狗脊丸	Jinmao Gouji Wan	Oral
CPM03567	金梅感冒片	Jinmei Ganmao Pian	Oral
CPM03568	金梅清暑颗粒	Jinmei Qingshu Keli	Oral
CPM03569	金鸣片	Jinming Pian	Oral
CPM03570	金牡感冒片	Jinmu Ganmao Pian	Oral
CPM03571	金牛眼药	Jinniu Yanyao	Topical
CPM03572	金朴消积颗粒	Jinpo Xiaoji Keli	Oral
CPM03573	金芪降糖胶囊	Jinqi Jiangtang jiaonang	Oral
CPM03574	金芪降糖颗粒	Jinqi Jiangtang Keli	Oral
CPM03575	金芪降糖片	Jinqi Jiangtang Pian	Oral
CPM03576	金芪降糖丸	Jinqi Jiangtang Wan（Nongsuowan）	Oral
CPM03577	金芪温补酒	Jinqi Wenbu Jiu	Oral
CPM03578	金前感冒胶囊	Jinqian Ganmao Jiaonang	Oral
CPM03579	金钱白花蛇药酒	Jinqianbaihuashe Yaojiu	Oral
CPM03580	金钱草胶囊	Jinqiancao Jiaonang	Oral
CPM03581	金钱草颗粒	Jinqiancao Keli	Oral
CPM03582	金钱草片	Jinqiancao Pian	Oral
CPM03583	金钱胆通颗粒	Jinqian Dantong Keli	Oral
CPM03584	金钱胆通口服液	Jinqian Dantong Koufuye	Oral
CPM03585	金钱通淋颗粒	Jinqian Tonglin Keli	Oral
CPM03586	金荞麦胶囊	Jinqiaomai Jiaonang	Oral
CPM03587	金荞麦咀嚼片	Jinqiaomai Jujuepian	Oral
CPM03588	金荞麦片	Jinqiaomai Pian	Oral
CPM03589	金芩花颗粒	Jinqinhua Keli	Oral
CPM03590	金青感冒颗粒	Jinqing Ganmao Keli	Oral
CPM03591	金青解毒丸	Jinqing Jiedu Wan	Oral
CPM03592	金嗓开音胶囊	Jinsang Kaiyin Jiaonang	Oral
CPM03593	金嗓开音颗粒	Jinsang Kaiyin Keli	Oral
CPM03594	金嗓开音片	Jinsang Kaiyin Pian	Oral
CPM03595	金嗓开音丸	Jinsangkaiyin Wan	Oral
CPM03596	金嗓利咽胶囊	Jinsang Liyan Jiaonang	Oral
CPM03597	金嗓利咽颗粒	Jinsang Liyan Keli	Oral
CPM03598	金嗓利咽片	Jinsang Liyan Pian	Oral
CPM03599	金嗓利咽丸	Jinsang Liyan Wan	Oral
CPM03600	金嗓清音胶囊	Jinsang Qingyin Jiaonang	Oral
CPM03601	金嗓清音颗粒	Jinsang Qingyin Keli	Oral
CPM03602	金嗓清音片	Jinsang Qingyin Pian	Oral
CPM03603	金嗓清音丸	Jinsang Qingyin Wan	Oral
CPM03604	金嗓散结胶囊	Jinsang Sanjie Jiaonang	Oral
CPM03605	金嗓散结颗粒	Jinsang Sanjie Keli	Oral
CPM03606	金嗓散结片	Jinsang Sanjie Pian	Oral
CPM03607	金嗓散结丸	Jinsang Sanjie Wan	Oral
CPM03608	金嗓子喉片	Jinsangzi Houpian	Oral
CPM03609	金砂五淋丸	Jinsha Wulin Wan	Oral
CPM03610	金砂消食口服液	Jinsha Xiaoshi Koufuye	Oral
CPM03611	金鳝消渴颗粒	Jinshan Xiaoke Keli	Oral
CPM03612	金石感冒茶	Jinshi Ganmao Cha	Oral
CPM03613	金石清热颗粒	Jinshi Qingre Keli	Oral
CPM03614	金术跌打丸	Jinzhu Dieda Wan	Oral
CPM03615	金水宝胶囊	Jinshuibao Jiaonang	Oral
CPM03616	金水宝片	Jinshuibao Pian	Oral
CPM03617	金松止痒洗液	Jinsong Zhiyang Xiye	Topical
CPM03618	金酸萍颗粒	Jinsuanping Keli	Oral
CPM03619	金酸萍片	Jinsuanping Pian	Oral
CPM03620	金酸萍糖浆	Jinsuanping Tangjiang	Oral
CPM03621	金锁固精丸	Jinsuo Gujing Wan	Oral
CPM03622	金糖宁胶囊	Jintangning Jiaonang	Oral
CPM03623	金藤清痹颗粒	Jinteng Qingbi Keli	Oral
CPM03624	金天格胶囊	Jintiange Jiaonang	Oral
CPM03625	金胃泰胶囊	Jinweitai Jiaonang	Oral
CPM03626	金乌骨通胶囊	Jinwu Gutong Jiaonang	Oral
CPM03627	金玄利咽颗粒	Jinxuan Liyan Keli	Oral
CPM03628	金玄痔科熏洗散	Jinxuan Zhike Xunxi San	Topical
CPM03629	金药膏	Jinyao Gao	Topical
CPM03630	金叶败毒颗粒	Jinye Baidu Keli	Oral
CPM03631	金叶滴眼剂	Jinye Diyanji	Topical
CPM03632	金衣万应丸	Jinyi Wanying Wan	Oral
CPM03633	金薏颗粒	Jinyi Keli	Oral
CPM03634	金茵利胆胶囊	Jinyin Lidan Jiaonang	Oral
CPM03635	金银花	Jinyinhua	Oral
CPM03636	金银花合剂	Jinyinhua Heji	Oral
CPM03637	金银花胶囊	Jinyinhua Jiaonang	Oral
CPM03638	金银花颗粒	Jinyinhua Keli	Oral
CPM03639	金银花口服液	Jinyinhua Koufuye	Oral
CPM03640	金银花露	Jinyinhua Lu	Oral
CPM03641	金银花软胶囊	Jinyinhua Ruanjiaonang	Oral
CPM03642	金银花糖浆	Jinyinhua Tangjiang	Oral
CPM03643	金银三七胶囊	Jinyin Sanqi Jiaonang	Oral
CPM03644	金英胶囊	Jinying Jiaonang	Oral
CPM03645	金樱首乌汁	Jinying Shouwu Zhi	Oral
CPM03646	金樱子冲剂	Jinyingzi Chongji	Oral
CPM03647	金樱子膏	Jinyingzi Gao	Oral
CPM03648	金樱子颗粒	Jinyingzi Keli	Oral
CPM03649	金樱子糖浆	Jinyingzi Tangjiang	Oral
CPM03650	金泽冠心胶囊		Oral
CPM03651	金泽冠心片	Jinze Guanxin Pian	Oral
CPM03652	金珍滴眼液	Jinzhen Diyanye	Topical
CPM03653	金振颗粒	Jinzhen Keli	Oral
CPM03654	金振口服液	Jinzhen Koufuye	Oral
CPM03655	金栀洁龈含漱液	Jinzhi Jieyin Hanshuye	Topical
CPM03656	金栀咽喉袋泡茶	Jinzhi Yanhou Daipaocha	Oral
CPM03657	金朱止泻片	Jinzhu Zhixie Pian	Oral
CPM03658	津力达颗粒	Jinlida Keli	Oral
CPM03659	筋骨草胶囊	Jingucao Jiaonang	Oral
CPM03660	筋骨草片	Jingucao Pian	Oral
CPM03661	筋骨跌打丸	Jingu Dieda Wan	Oral
CPM03662	筋骨康片	Jingukang Pian	Oral
CPM03663	筋骨宁搽剂	Jinguning Chaji	Topical
CPM03664	筋骨宁膏	Jinguning Gao	Topical
CPM03665	筋骨伤喷雾剂	Jingushang Penwuji	Topical
CPM03666	筋骨疼痛酒	Jingu Tengtong Jiu	Oral
CPM03667	筋骨痛消丸	Jingutongxiao Wan	Oral
CPM03668	筋骨丸	Jingu Wan	Oral
CPM03669	筋骨止痛膏	Jingu Zhitong Gao	Topical
CPM03670	筋络宁软膏	Jinluoning Ruangao	Topical
CPM03671	筋伤宁湿敷剂	Jinshangning Shifuji	Topical
CPM03672	筋痛消酊	Jintongxiao Ding	Topical
CPM03673	京万红	Jingwanhong	Topical
CPM03674	京万红软膏	Jingwanhong Ruangao	Topical
CPM03675	京万红痔疮膏	Jingwanhong Zhichuang Gao	Topical
CPM03676	京制咳嗽痰喘丸	Jingzhi Kesou Tanchuan Wan	Oral
CPM03677	京制牛黄解毒片	Jingzhi Niuhuang Jiedu Pian	Oral
CPM03678	京制牛黄解毒丸	Jingzhi Niuhuang Jiedu Wan	Oral
CPM03679	经前安片	Jingqian´an Pian	Oral
CPM03680	经前平颗粒	Jingqianping Keli	Oral
CPM03681	经前舒颗粒	Jingqianshu Keli	Oral
CPM03682	经舒胶囊	Jingshu Jiaonang	Oral
CPM03683	经舒颗粒	Jingshu Keli	Oral
CPM03684	荆防合剂	Jingfang Heji	Oral
CPM03685	荆防颗粒	Jingfang Keli	Oral
CPM03686	荆肤止痒颗粒	Jingfu Zhiyang Keli	Oral
CPM03687	荆感胶囊	Jinggan Jiaonang	Oral
CPM03688	荆花胃康胶丸	Jinghua Weikang Jiaowan	Oral
CPM03689	荆芥地肤止痒搽剂	Jingjie Difu Zhiyang Chaji	Topical
CPM03690	荆菊感冒片	Jingju Ganmao Pian	Oral
CPM03691	荆银颗粒	Jingyin Keli	Oral
CPM03692	惊风七厘散	Jingfeng Qili San	Oral
CPM03693	惊风散	Jingfeng San	Oral
CPM03694	惊风丸	Jingfeng Wan	Oral
CPM03695	晶珠胃泰胶囊	Jingzhu Weitai Jiaonang	Oral
CPM03696	精肝颗粒	Jinggan Keli	Oral
CPM03697	精黄片	Jinghuang Pian	Oral
CPM03698	精苓合剂	Jingling Heji	Oral
CPM03699	精芪颗粒	Jingqi Keli	Oral
CPM03700	精芪双参胶囊	Jingqi Shuangshen Jiaonang	Oral
CPM03701	精杞参胶囊	Jingqishen Jiaonang	Oral
CPM03702	精乌胶囊	Jingwu Jiaonang	Oral
CPM03703	精乌颗粒	Jingwu Keli	Oral
CPM03704	精乌片	Jingwu Pian	Oral
CPM03705	精血补胶囊	Jingxuebu Jiaonang	Oral
CPM03706	精血补片	Jingxuebu Pian	Oral
CPM03707	精制狗皮膏	Jingzhi Goupi Gao	Topical
CPM03708	精制冠心胶囊	Jingzhi Guanxin Jiaonang	Oral
CPM03709	精制冠心颗粒	Jingzhi Guanxin Keli	Oral
CPM03710	精制冠心口服液	Jingzhi Guanxin Koufuye	Oral
CPM03711	精制冠心片	Jingzhi Guanxin Pian	Oral
CPM03712	精制冠心软胶囊	Jingzhi Guanxin Ruanjiaonang	Oral
CPM03713	精制海马追风膏	Jingzhi Haima Zhuifeng Gao	Topical
CPM03714	精制猴枣散	Jingzhi Houzao San	Oral
CPM03715	精制五加皮酒	Jingzhi Wujiapi Jiu	Oral
CPM03716	精制银翘解毒胶囊	Jingzhi Yinqiao Jiedu Jiaonang	Oral
CPM03717	精制银翘解毒片	Jingzhi Yinqiao Jiedu Pian	Oral
CPM03718	颈复康颗粒	Jingfukang Keli	Oral
CPM03719	颈康胶囊	Jingkang Jiaonang	Oral
CPM03720	颈康片	Jingkang Pian	Oral
CPM03721	颈舒颗粒	Jingshu Keli	Oral
CPM03722	颈通颗粒	Jingtong Keli	Oral
CPM03723	颈痛胶囊	Jingtong Jiaonang	Oral
CPM03724	颈痛颗粒	Jingtong Keli	Oral
CPM03725	颈痛灵胶囊	Jingtongling Jiaonang	Oral
CPM03726	颈痛灵药酒	Jingtongling Yaojiu	Oral
CPM03727	颈痛片	Jingtong Pian	Oral
CPM03728	颈腰康胶囊	Jingyaokang Jiaonang	Oral
CPM03729	景天虫草含片	Jingtian Chongcao Hanpian	Oral
CPM03730	景天清肺胶囊	Jingtian Qingfei Jiaonang	Oral
CPM03731	景天祛斑胶囊	Jingtian Quban Jiaonang	Oral
CPM03732	景天祛斑片	Jingtian Quban Pian	Oral
CPM03733	景天三七胶囊	Jingtiansanqi Jiaonang	Oral
CPM03734	景天三七片	Jingtian Sanqi Pian	Oral
CPM03735	景天三七糖浆	Jingtiansanqi Tangjiang	Oral
CPM03736	景天五加颗粒	Jingtian Wujia Keli	Oral
CPM03737	景志安神胶囊	Jingzhi Anshen Jiaonang	Oral
CPM03738	景志安神颗粒	Jingzhi Anshen Keli	Oral
CPM03739	景志安神口服液	Jingzhi Anshen Koufuye	Oral
CPM03740	景志安神片	Jingzhi Anshen Pian	Oral
CPM03741	净石灵胶囊	Jingshiling Jiaonang	Oral
CPM03742	净石灵片	Jingshiling Pian	Oral
CPM03743	静灵口服液	Jingling Koufuye	Oral
CPM03744	静心颗粒	Jingxin Keli	Oral
CPM03745	静心口服液	Jingxin Koufuye	Oral
CPM03746	九宝丸	Jiubao Wan	Oral
CPM03747	九分散	Jiufen San	Oral
CPM03748	九归强肾酒	Jiugui Qiangshen Jiu	Oral
CPM03749	九华膏	Jiuhua Gao	Topical
CPM03750	九华痔疮栓	Jiuhua Zhichuang Shuan	Topical
CPM03751	九龙化风丸	Jiulong Huafeng Wan	Oral
CPM03752	九龙解毒胶囊	Jiulong Jiedu Jiaonang	Oral
CPM03753	九龙胃药胶囊	Jiulong Weiyao Jiaonang	Oral
CPM03754	九气拈痛胶囊	Jiuqi Niantong Jiaonang	Oral
CPM03755	九气拈痛丸	Jiuqi Niantong Wan	Oral
CPM03756	九气心痛丸	Jiuqi Xintong Wan	Oral
CPM03757	九味补血口服液	Jiuwei Buxue Koufuye	Oral
CPM03758	九味参蓉胶囊	Jiuwei Shenrong Jiaonang	Oral
CPM03759	九味沉香胶囊	Jiuwei Chenxiang Jiaonang	Oral
CPM03760	九味肝泰胶囊	Jiuwei Gantai Jiaonang	Oral
CPM03761	九味黑蚁酒	Jiuwei Heiyi Jiu	Oral
CPM03762	九味健肾胶囊	Jiuwei Jianshen Jiaonang	Oral
CPM03763	九味抗病毒颗粒	Jiuwei Kangbingdu Keli	Oral
CPM03764	九味牛黄丸	Jiuwei Niuhuang Wan	Oral
CPM03765	九味羌活颗粒	Jiuwei Qianghuo Keli（Youtang）	Oral
CPM03766	九味羌活口服液	Jiuwei Qianghuo Koufuye	Oral
CPM03767	九味羌活喷雾剂	Jiuwei Qianghuo Penwuji	Topical
CPM03768	九味羌活片	Jiuwei Qianghuo Pian	Oral
CPM03769	九味羌活软胶囊	Jiuwei Qianghuo Ruanjiaonang	Oral
CPM03770	九味羌活丸	Jiuwei Qianghuo Wan	Oral
CPM03771	九味青鹏散	Jiuwei Qingpeng San	Oral
CPM03772	九味双解口服液	Jiuwei Shuangjie Koufuye	Oral
CPM03773	九味熄风颗粒	Jiuwei Xifeng Keli	Oral
CPM03774	九味渣驯丸	Jiuwei Zhaxun Wan	Oral
CPM03775	九味獐牙菜丸	Jiuwei Zhangyacai Wan	Oral
CPM03776	九味镇心颗粒	Jiuwei Zhenxin Keli	Oral
CPM03777	九味痔疮胶囊	Jiuwei Zhichuang Jiaonang	Oral
CPM03778	九味竺黄散	Jiuwei Zhuhuang San	Oral
CPM03779	九制大黄丸	Jiuzhi Dahuang Wan	Oral
CPM03780	九制豨莶草药酒	Jiuzhi Xixiancao Yaojiu	Oral
CPM03781	久痢丸	Jiuli Wan	Oral
CPM03782	久强脑立清	Jiuqiang Naoliqing	Oral
CPM03783	久芝清心丸	Jiuzhi Qingxin Wan	Oral
CPM03784	救必应胃痛胶囊	Jiubiying Weitong Jiaonang	Oral
CPM03785	救必应胃痛片	Jiubiying Weitong Pian	Oral
CPM03786	救尔心胶囊	Jiu'erxin Jiaonang	Oral
CPM03787	救急散	Jiuji San	Oral
CPM03788	救急行军胶囊	Jiuji Xingjun Jiaonang	Oral
CPM03789	救急行军散	Jiuji Xingjun San	Oral
CPM03790	救心金丸	Jiuxinjin Wan	Oral
CPM03791	救心丸	Jiuxin Wan	Oral
CPM03792	局方至宝丸	Jufang Zhibao Wan	Oral
CPM03793	桔贝合剂	Jiebei Heji	Oral
CPM03794	桔贝止咳祛痰片	Jiebei Zhike Qutan Pian	Oral
CPM03795	桔梗八味颗粒	Jiegeng Bawei Keli	Oral
CPM03796	桔梗冬花片	Jiegeng Donghua Pian	Oral
CPM03797	桔梗流浸膏	Jiegeng Liujingao	Oral
CPM03798	桔远止咳片	Jieyuan Zhike Pian	Oral
CPM03799	菊花茶调散	Juhua Chatiao San	Oral
CPM03800	菊花七味胶囊	Juhua Qiwei Jiaonang（Wudabala -7）	Oral
CPM03801	菊蓝抗流感胶囊	Julan Kangliugan Jiaonang	Oral
CPM03802	菊蓝抗流感片	Julan Kangliugan Pian	Oral
CPM03803	菊梅利咽含片	Jumei Liyan Hanpian	Oral
CPM03804	菊明降压片	Juming Jiangya Pian	Oral
CPM03805	菊明降压丸	Juming Jiangya Wan	Oral
CPM03806	橘半止咳颗粒	Juban Zhike Keli	Oral
CPM03807	橘半枳术丸	Juban Zhizhu Wan	Oral
CPM03808	橘贝半夏颗粒	Jubei Banxia Keli	Oral
CPM03809	橘红化痰胶囊	Juhong Huatan Jiaonang	Oral
CPM03810	橘红化痰片	Juhong Huatan Pian	Oral
CPM03811	橘红化痰丸	Juhong Huatan Wan	Oral
CPM03812	橘红胶囊	Juhong Jiaonang	Oral
CPM03813	橘红颗粒	Juhong Keli	Oral
CPM03814	橘红梨膏	Juhong Ligao	Oral
CPM03815	橘红枇杷胶囊	Juhong Pipa Jiaonang	Oral
CPM03816	橘红枇杷片	Juhong Pipa Pian	Oral
CPM03817	橘红片	Juhong Pian	Oral
CPM03818	橘红痰咳煎膏	Juhong Tanke Jiangao	Oral
CPM03819	橘红痰咳颗粒	Juhong Tanke Keli	Oral
CPM03820	橘红痰咳泡腾片	Juhong Tanke Paotengpian	Oral
CPM03821	橘红痰咳液	Juhong Tanke Ye	Oral
CPM03822	橘红丸	Juhong Wan（Nongsuo Wan）	Oral
CPM03823	蠲痹抗生酒	Juanbi Kangsheng Jiu	Oral
CPM03824	蠲痹抗生丸	Juanbi Kangsheng Wan	Oral
CPM03825	蠲哮片	Juanxiao Pian	Oral
CPM03826	决明降脂胶囊	Jueming Jiangzhi Jiaonang	Oral
CPM03827	决明降脂片	Jueming Jiangzhi Pian	Oral
CPM03828	决明平脂胶囊	Jueming Pingzhi Jiaonang	Oral
CPM03829	君歧肠胃合剂	Junqi Changwei Heji	Oral
CPM03830	菌白敏片	Junbaimin Pian	Oral
CPM03831	开光复明丸	Kaiguang Fuming Wan	Oral
CPM03832	开喉剑喷雾剂	Kaihoujian Penwuji	Topical
CPM03833	开胃健脾丸	Kaiwei Jianpi Wan	Oral
CPM03834	开胃理脾口服液	Kaiwei Lipi Koufuye	Oral
CPM03835	开胃理脾丸	Kaiwei Lipi Wan	Oral
CPM03836	开胃山楂丸	Kaiwei Shanzha Wan	Oral
CPM03837	开胃丸	Kaiwei Wan	Oral
CPM03838	开胸理气丸	Kaixiong Liqi Wan	Oral
CPM03839	开胸顺气胶囊	Kaixiong Shunqi Jiaonang	Oral
CPM03840	开胸顺气丸	Kaixiong Shunqi Wan	Oral
CPM03841	开胸消食片	Kaixiong Xiaoshi Pian	Oral
CPM03842	开郁老蔻丸	Kaiyulaokou Wan	Oral
CPM03843	开郁舒肝丸	Kaiyu Shugan Wan	Oral
CPM03844	开郁顺气丸	Kaiyu Shunqi Wan	Oral
CPM03845	坎离砂	Kanli Sha	Topical
CPM03846	康艾扶正胶囊	Kang'ai Fuzheng Jiaonang	Oral
CPM03847	康艾扶正片	Kang’ai Fuzheng Pian	Oral
CPM03848	康艾注射液	Kang'ai Zhusheye	Injection
CPM03849	康儿灵颗粒	Kangerling Keli	Oral
CPM03850	康尔心胶囊	Kang’erxin Jiaonang	Oral
CPM03851	康尔心颗粒	Kang’erxin Keli	Oral
CPM03852	康肤酊	Kangfu Ding	Topical
CPM03853	康妇灵胶囊	Kangfuling Jiaonang	Oral
CPM03854	康妇灵片	Kangfuling Pian	Oral
CPM03855	康妇凝胶	Kangfu Ningjiao	Topical
CPM03856	康妇软膏	Kangfu Ruangao	Topical
CPM03857	康妇消炎栓	Kangfu Xiaoyan Shuan	Topical
CPM03858	康妇炎胶囊	Kangfuyan Jiaonang	Oral
CPM03859	康复春口服液	Kangfuchun Koufuye	Oral
CPM03860	康复灵栓	Kangfuling Shuan	Topical
CPM03861	康复灵药膏	Kangfuling Yaogao	Topical
CPM03862	康莱特软胶囊	Kanglaite Ruanjiaonang	Oral
CPM03863	康莱特注射液	Kanglaite Zhusheye	Injection
CPM03864	康乐鼻炎片	Kangle Biyan Pian	Oral
CPM03865	康力欣胶囊	Kanglixin Jiaonang	Oral
CPM03866	康脉益心片	Kangmai Yixin Pian	Oral
CPM03867	康逆胶囊	Kangni Jiaonang	Oral
CPM03868	康肾颗粒	Kangshen Keli	Oral
CPM03869	康肾丸	Kangshen Wan	Oral
CPM03870	康氏牛黄解毒丸	Kangshi Niuhuang Jiedu Wan	Oral
CPM03871	康寿丸	Kangshou Wan	Oral
CPM03872	康欣胶囊	Kangxin Jiaonang	Oral
CPM03873	康欣口服液	Kangxin Koufuye	Oral
CPM03874	康媛颗粒	Kangyuan Keli	Oral
CPM03875	抗癌平丸	Kang'aiping Wan	Oral
CPM03876	抗扁桃腺炎合剂	Kangbiantaoxianyan Heji	Oral
CPM03877	抗病毒滴丸	Kangbingdu Diwan	Oral
CPM03878	抗病毒胶囊	Kangbingdu Jiaonang	Oral
CPM03879	抗病毒咀嚼片	Kangbingdu Jujuepian	Oral
CPM03880	抗病毒颗粒	Kangbingdu Keli	Oral
CPM03881	抗病毒口服液	Kangbingdu Koufuye	Oral
CPM03882	抗病毒泡腾片	Kangbingdu Paoteng Pian	Oral
CPM03883	抗病毒片	Kangbingdu Pian	Oral
CPM03884	抗病毒软胶囊	Kangbingdu Ruanjiaonang	Oral
CPM03885	抗病毒糖浆	Kangbingdu Tangjiang	Oral
CPM03886	抗病毒丸	Kangbingdu Wan	Oral
CPM03887	抗风湿液	Kangfengshi Ye	Oral
CPM03888	抗妇炎胶囊	Kangfuyan Jiaonang	Oral
CPM03889	抗感胶囊	Kanggan Jiaonang	Oral
CPM03890	抗感解毒胶囊	Kanggan Jiedu Jiaonang	Oral
CPM03891	抗感解毒颗粒	Kanggan Jiedu Keli	Oral
CPM03892	抗感解毒口服液	Kanggan Jiedu Koufuye	Oral
CPM03893	抗感解毒片	Kanggan Jiedu Pian	Oral
CPM03894	抗感颗粒	Kanggan Keli	Oral
CPM03895	抗感口服液	Kanggan Koufuye	Oral
CPM03896	抗感灵片	Kangganling Pian	Oral
CPM03897	抗感冒颗粒	Kangganmao Keli	Oral
CPM03898	抗感泡腾片	Kanggan Paoteng Pian	Oral
CPM03899	抗感片	Kanggan Pian	Oral
CPM03900	抗感清热口服液	Kanggan Qingre Koufuye	Oral
CPM03901	抗宫炎分散片	Kanggongyan Fensanpian	Oral
CPM03902	抗宫炎胶囊	Kanggongyan Jiaonang	Oral
CPM03903	抗宫炎颗粒	Kanggongyan Keli	Oral
CPM03904	抗宫炎片	Kanggongyan Pian	Oral
CPM03905	抗宫炎软胶囊	Kanggongyan Ruanjiaonang	Oral
CPM03906	抗宫炎丸	Kanggongyan Wan	Oral
CPM03907	抗骨髓炎片	Kanggusuiyan Pian	Oral
CPM03908	抗骨增生合剂	Kangguzengsheng Heji	Oral
CPM03909	抗骨增生胶囊	Kanggu Zengsheng Jiaonang	Oral
CPM03910	抗骨增生颗粒	Kanggu Zengsheng Keli	Oral
CPM03911	抗骨增生口服液	Kanggu Zengsheng Koufuye	Oral
CPM03912	抗骨增生片	Kanggu Zengsheng Pian	Oral
CPM03913	抗骨增生糖浆	Kanggu Zengsheng Tangjiang	Oral
CPM03914	抗骨增生丸	Kanggu Zengsheng Wan	Oral
CPM03915	抗骨质增生丸	Kangguzhizengsheng Wan	Oral
CPM03916	抗饥消渴片	Kangji Xiaoke Pian	Oral
CPM03917	抗菌痢灵片	Kangjun Liling Pian	Oral
CPM03918	抗菌消炎胶囊	Kangjunxiaoyan Jiaonang	Oral
CPM03919	抗菌消炎片	Kangjun Xiaoyan Pian	Oral
CPM03920	抗狼疮散	Kanglangchuang San	Oral
CPM03921	抗痨冲剂	Kanglao Chongji	Oral
CPM03922	抗痨胶囊	Kanglao Jiaonang	Oral
CPM03923	抗痨颗粒	Kanglao Keli	Oral
CPM03924	抗痨丸	Kanglao Wan	Oral
CPM03925	抗热镇痉丸	Kangre Zhenjing Wan	Oral
CPM03926	抗腮灵糖浆	Kangsailing Tangjiang	Oral
CPM03927	抗衰复春片	Kangshuai Fuchun Pian	Oral
CPM03928	抗衰老口服液	Kangshuailao Koufuye	Oral
CPM03929	抗衰老片	Kangshuailao Pian	Oral
CPM03930	抗衰灵膏	Kangshuailing Gao	Oral
CPM03931	抗衰灵口服液	Kangshuailing Koufuye	Oral
CPM03932	抗栓胶囊	Kangshuan Jiaonang	Oral
CPM03933	抗栓再造丸	Kangshuan Zaizao Wan	Oral
CPM03934	抗炎退热片	Kangyan Tuire Pian	Oral
CPM03935	壳脂胶囊	Kezhi jiaonang	Oral
CPM03936	可达灵片	Kedaling Pian	Oral
CPM03937	可利肝冲剂	Keligan Chongji	Oral
CPM03938	可利肝颗粒	Keligan Keli	Oral
CPM03939	渴乐宁胶囊	Kelening Jiaonang	Oral
CPM03940	渴络欣胶囊	Keluoxin Jiaonang	Oral
CPM03941	克比热提片	Kebireti Pian	Oral
CPM03942	克痹骨泰胶囊	Kebi Gutai Jiaonang	Oral
CPM03943	克痹骨泰片	Kebi Gutai Pian	Oral
CPM03944	克痤隐酮凝胶	Kecuo Yintong Ningjiao	Topical
CPM03945	克痤隐酮乳膏	Kecuoyintong Rugao	Topical
CPM03946	克感额日敦片	Kegan Eridun Pian	Oral
CPM03947	克感利咽颗粒	Kegan Liyan Keli	Oral
CPM03948	克感利咽口服液	Kegan Liyan Koufuye	Oral
CPM03949	克咳胶囊	Keke Jiaonang	Oral
CPM03950	克咳片	Keke Pian	Oral
CPM03951	克癀胶囊	Kehuang Jiaonang	Oral
CPM03952	克痢痧胶囊	Kelisha Jiaonang	Oral
CPM03953	克淋通胶囊		Oral
CPM03954	克伤痛搽剂	Keshangtong Chaji	Topical
CPM03955	克伤痛气雾剂	Keshangtong Qiwuji	Topical
CPM03956	克痛酊	Ketong Ding	Topical
CPM03957	克泻灵片	Kexieling Pian	Oral
CPM03958	克泻敏颗粒	Kexiemin Keli	Oral
CPM03959	克泻敏丸	Kexiemin Wan	Oral
CPM03960	克痒敏醑	Keyangmin Xu	Topical
CPM03961	克痒舒洗液	Keyangshu Xiye	Topical
CPM03962	克银丸	Keyin Wan	Oral
CPM03963	孔圣枕中丸	Kongsheng Zhenzhong Wan	Oral
CPM03964	控涎丸	Kongxian Wan	Oral
CPM03965	口鼻清喷雾剂	Koubiqing Penwuji	Topical
CPM03966	口疳吹药	Kouganchuiyao	Topical
CPM03967	口洁含漱液	Koujie Hanshuye	Topical
CPM03968	口洁喷雾剂	Koujie Penwuji	Topical
CPM03969	口腔溃疡含片	Kouqiangkuiyang Hanpian	Oral
CPM03970	口腔溃疡散	Kouqiang Kuiyang San	Topical
CPM03971	口腔炎喷雾剂	Kouqiangyan Penwuji	Topical
CPM03972	口炎胶囊	Kouyan Jiaonang	Oral
CPM03973	口炎颗粒	Kouyan Keli	Oral
CPM03974	口炎片	Kouyan Pian	Oral
CPM03975	口炎清胶囊	Kouyanqing Jiaonang	Oral
CPM03976	口炎清咀嚼片	Kouyanqing Jujue Pian	Oral
CPM03977	口炎清颗粒	Kouyanqing Keli	Oral
CPM03978	口炎清片	Kouyanqing Pian	Oral
CPM03979	苦柏止痒洗液	Kubai Zhiyang Xiye	Topical
CPM03980	苦参胶囊	Kushen Jiaonang	Oral
CPM03981	苦参膜	Kushen Mo	Topical
CPM03982	苦参凝胶	Kushen Ningjiao	Topical
CPM03983	苦参疱疹酊	Kushen Paozhen Ding	Topical
CPM03984	苦参片	Kushen Pian	Oral
CPM03985	苦参软膏	Kushen Ruangao	Topical
CPM03986	苦参栓	Kushen Shuan	Topical
CPM03987	苦丹丸	Kudan Wan	Oral
CPM03988	苦胆草胶囊	Kudancao Jiaonang	Oral
CPM03989	苦胆草片	Kudancao Pian	Oral
CPM03990	苦胆片	Kudan Pian	Oral
CPM03991	苦胆丸	Kudan Wan	Oral
CPM03992	苦碟子注射液	Kudiezi Zhusheye	Injection
CPM03993	苦丁降压胶囊	Kuding Jiangya Jiaonang	Oral
CPM03994	苦豆子片	Kudouzi Pian	Oral
CPM03995	苦豆子油搽剂	Kudouziyou Chaji	Topical
CPM03996	苦甘胶囊	Kugan Jiaonang	Oral
CPM03997	苦甘颗粒	Kugan Keli	Oral
CPM03998	苦黄颗粒	Kuhuang Keli	Oral
CPM03999	苦黄注射液	Kuhuang Zhusheye	Injection
CPM04000	苦金片	Kujin Pian	Oral
CPM04001	苦木注射液	Kumu Zhusheye	Injection
CPM04002	苦双黄洗剂	Kushuanghuang Xiji	Topical
CPM04003	苦栀颗粒	Kuzhi Keli	Oral
CPM04004	快胃片	Kuaiwei Pian（Baomoyi）	Oral
CPM04005	快胃舒肝丸	Kuaiwei Shugan Wan	Oral
CPM04006	快应茶	Kuaiying Cha	Oral
CPM04007	宽胸利膈丸	Kuanxiong Lige Wan	Oral
CPM04008	宽胸气雾剂	Kuanxiong Qiwuji	Topical
CPM04009	宽胸舒气化滞丸	Kuanxiong Shuqi Huazhi Wan	Oral
CPM04010	宽中老蔻丸	Kuanzhong Laokou Wan	Oral
CPM04011	宽中顺气丸	Kuanzhong Shunqi Wan	Oral
CPM04012	溃得康颗粒	Kuidekang Keli	Oral
CPM04013	溃平宁胶囊	Kuipingning Jiaonang	Oral
CPM04014	溃平宁颗粒	Kuipingning Keli	Oral
CPM04015	溃疡胶囊	Kuiyang Jiaonang	Oral
CPM04016	溃疡颗粒	Kuiyang Keli	Oral
CPM04017	溃疡灵胶囊	Kuiyangling Jiaonang	Oral
CPM04018	溃疡宁片	Kuiyangning Pian	Oral
CPM04019	溃疡片	Kuiyang Pian	Oral
CPM04020	溃疡散胶囊	Kuiyangsan Jiaonang	Oral
CPM04021	坤宝丸	Kunbao Wan	Oral
CPM04022	坤复康胶囊	Kunfukang Jiaonang	Oral
CPM04023	坤复康片	Kunfukang Pian	Oral
CPM04024	坤净栓	Kunjing Shuan	Topical
CPM04025	坤灵丸	Kunling Wan	Oral
CPM04026	坤宁颗粒	Kunning Keli	Oral
CPM04027	坤宁口服液	Kunning Koufuye	Oral
CPM04028	坤顺丸	Kunshun Wan	Oral
CPM04029	坤泰胶囊	Kuntai Jiaonang	Oral
CPM04030	坤元通乳口服液	Kunyuan Tongru Koufuye	Oral
CPM04031	坤月安颗粒	Kunyuean Keli	Oral
CPM04032	昆明山海棠片	Kunmingshanhaitang Pian	Oral
CPM04033	昆仙胶囊	Kunxian Jiaonang	Oral
CPM04034	辣椒风湿膏	Lajiao Fengshi Gao	Topical
CPM04035	辣椒风湿凝胶	Lajiao Fengshi Ningjiao	Topical
CPM04036	莱葛颗粒	Laige Keli	Oral
CPM04037	莱阳梨膏	Laiyang Ligao	Oral
CPM04038	莱阳梨止咳颗粒	Laiyangli Zhike Keli	Oral
CPM04039	莱阳梨止咳口服液	Laiyangli Zhike Koufuye	Oral
CPM04040	莱阳梨止咳糖浆	Laiyangli Zhike Tangjiang	Oral
CPM04041	兰草胶囊	Lancao Jiaonang	Oral
CPM04042	兰草颗粒	Lancao Keli	Oral
CPM04043	兰草片	Lancao Pian	Oral
CPM04044	兰花咳宁片	Lanhua kening pian	Oral
CPM04045	阑尾灵颗粒	Lanweiling Keli	Oral
CPM04046	阑尾消炎片	Lanwei Xiaoyan Pian	Oral
CPM04047	阑尾消炎丸	Lanwei Xiaoyan Wan	Oral
CPM04048	蓝花药	Lanhuayao	Oral
CPM04049	蓝蒲解毒片	Lanpu Jiedu Pian	Oral
CPM04050	蓝芩颗粒	Lanqin Keli	Oral
CPM04051	蓝芩口服液	Lanqin Koufuye	Oral
CPM04052	蓝芷安脑胶囊	Lanzhi Annao Jiaonang	Oral
CPM04053	榄葱茶	Lancong Cha	Oral
CPM04054	烂积丸	LanJi Wan（Shuiwan）	Oral
CPM04055	狼疮丸	Langchuang Wan	Oral
CPM04056	老范志万应神曲	Laofanzhi Wanying Shenqu	Oral
CPM04057	老鹳草膏	Laoguancao Gao	Oral
CPM04058	老鹳草软膏	Laoguancao Ruangao	Topical
CPM04059	老蔻丸	Laokou Wan	Oral
CPM04060	老年咳喘胶囊	Laonian Kechuan Jiaonang	Oral
CPM04061	老年咳喘片	Laonian Kechuan Pian	Oral
CPM04062	乐儿康颗粒	Le' erkang Keli	Oral
CPM04063	乐儿康糖浆	Le'erkang Tangjiang	Oral
CPM04064	乐脉分散片	Lemai Fensanpian	Oral
CPM04065	乐脉胶囊	Lemai Jiaonang	Oral
CPM04066	乐脉颗粒	Lemai Keli	Oral
CPM04067	乐脉片	Lemai Pian	Oral
CPM04068	乐脉丸	Lemai Wan	Oral
CPM04069	乐孕宁颗粒	Leyunning Keli	Oral
CPM04070	乐孕宁口服液	Leyunning Koufuye	Oral
CPM04071	了哥王胶囊	Liaogewang Jiaonang	Oral
CPM04072	了哥王咀嚼片	Liaogewang Jujue Pian	Oral
CPM04073	了哥王颗粒	Liaogewang Keli	Oral
CPM04074	了哥王片	Liaogewang Pian（Baomoyi Pian）	Oral
CPM04075	勒马回注射液	Lemahui Zhusheye	Injection
CPM04076	雷公藤多甙片	Leigongtengduodai Pian	Oral
CPM04077	雷公藤多苷片	Leigongtengduogan Pian	Oral
CPM04078	雷公藤片	Leigongteng Pian	Oral
CPM04079	雷公藤双层片	Leigongteng Shuangcengpian	Oral
CPM04080	雷公藤提取物	Leigongteng Tiquwu	Topical
CPM04081	雷公藤总萜片	Leigongteng Zongtie Pian	Oral
CPM04082	雷龙片	Leilong Pian	Oral
CPM04083	肋柱花四味汤散	Leizhuhua Siweitang San	Oral
CPM04084	黎峒丸	Litong Wan	Topical
CPM04085	理气定喘丸	Liqi Dingchuan Wan	Oral
CPM04086	理气化瘀口服液	Liqi Huayu Koufuye	Oral
CPM04087	理气活血滴丸	Liqi Huoxue Diwan	Oral
CPM04088	理气暖胃颗粒	Liqi Nuanwei Keli	Oral
CPM04089	理气舒心片	Liqi Shuxin Pian	Oral
CPM04090	理中片	Lizhong Pian	Oral
CPM04091	理中丸	Lizhong Wan	Oral
CPM04092	力补金秋胶囊	Libu Jinqiu Jiaonang	Oral
CPM04093	力加寿片	Lijiashou Pian	Oral
CPM04094	利胆解毒胶囊	Lidan Jiedu Jiaonang	Oral
CPM04095	利胆排石胶囊	Lidan Paishi Jiaonang	Oral
CPM04096	利胆排石颗粒	Lidan Paishi Keli	Oral
CPM04097	利胆排石片	Lidan Paishi Pian	Oral
CPM04098	利胆片	Lidan Pian	Oral
CPM04099	利胆清丸	Lidanqing Wan	Oral
CPM04100	利胆石颗粒	Lidanshi Keli	Oral
CPM04101	利胆舒胶囊	Lidanshu Jiaonang	Oral
CPM04102	利胆止痛胶囊	Lidan Zhitong Jiaonang	Oral
CPM04103	利胆止痛片	Lidan Zhitong Pian	Oral
CPM04104	利儿康合剂	Li'erkang Heji	Oral
CPM04105	利儿康口服液	Li’erkang Koufuye	Oral
CPM04106	利尔眠胶囊	Li'ermian Jiaonang	Oral
CPM04107	利尔眠片	Li’ermian Pian	Oral
CPM04108	利肺胶囊	Lifei Jiaonang	Oral
CPM04109	利肺片	Lifei Pian	Oral
CPM04110	利夫康洗剂	Lifukang Xiji	Topical
CPM04111	利肝和胃丸	Ligan Hewei Wan	Oral
CPM04112	利肝康片	Ligankang Pian	Oral
CPM04113	利肝隆颗粒	Liganlong Keli	Oral
CPM04114	利肝隆片	Liganlong Pian	Oral
CPM04115	利肝片	Ligan pian	Oral
CPM04116	利膈丸	Lige Wan	Oral
CPM04117	利口清含漱液	Likouqing Hanshuye	Topical
CPM04118	利脑心胶囊	Linaoxin Jiaonang	Oral
CPM04119	利脑心片	Linaoxin Pian	Oral
CPM04120	利尿八味散	Liniao Bawei San	Oral
CPM04121	利石通口服液	Lishitong Koufuye	Oral
CPM04122	利舒康胶囊	Lishukang Jiaonang	Oral
CPM04123	利心丸	Lixin Wan	Oral
CPM04124	利咽含片	Liyan Hanpian	Oral
CPM04125	利咽解毒颗粒	Liyan Jiedu Keli	Oral
CPM04126	利咽颗粒	Liyan Keli	Oral
CPM04127	利咽灵片	Liyanling Pian	Oral
CPM04128	沥水调脂胶囊	Lishui Tiaozhi Jiaonang	Oral
CPM04129	荔花鼻窦炎片	Lihua bidouyan Pian	Oral
CPM04130	痢必灵片	Libiling Pian	Oral
CPM04131	痢速宁片	Lisuning Pian	Oral
CPM04132	痢特敏胶囊	Litemin Jiaonang	Oral
CPM04133	痢特敏颗粒	Litemin Keli	Oral
CPM04134	痢特敏片	Litemin Pian	Oral
CPM04135	痢泻灵片	Lixieling Pian	Oral
CPM04136	连柏烧伤软膏	Lianbai Shaoshang Ruangao	Topical
CPM04137	连参通淋片	Lianshen Tonglin Pian	Oral
CPM04138	连番止泻胶囊	Lianfan Zhixie Jiaonang	Oral
CPM04139	连花清瘟胶囊	Lianhua Qingwen Jiaonang	Oral
CPM04140	连花清瘟颗粒	Lianhua Qingwen Keli	Oral
CPM04141	连花清瘟片	Lianhua Qingwen Pian	Oral
CPM04142	连蒲双清胶囊	Lianpu Shuangqing Jiaonang	Oral
CPM04143	连蒲双清片	Lianpu Shuangqing Pian	Oral
CPM04144	连翘败毒膏	Lianqiao Baidu Gao	Oral
CPM04145	连翘败毒片	Lianqiao Baidu Pian	Oral
CPM04146	连翘败毒丸	Lianqiao Baidu Wan	Oral
CPM04147	连翘四味胶囊	Lianqiao Siwei Jiaonang	Oral
CPM04148	连翘四味汤散	Lianqiao Siweitang San	Oral
CPM04149	连芩珍珠滴丸	Lianqin Zhenzhu Diwan	Oral
CPM04150	连知解毒胶囊	Lianzhi Jiedu Jiaonang	Oral
CPM04151	莲必治注射液	Lianbizhi Zhusheye	Injection
CPM04152	莲胆消炎滴丸	Liandan Xiaoyan Diwan	Oral
CPM04153	莲胆消炎胶囊	Liandan Xiaoyan Jiaonang	Oral
CPM04154	莲胆消炎颗粒	Liandan Xiaoyan Keli	Oral
CPM04155	莲胆消炎片	Liandan Xiaoyan Pian	Oral
CPM04156	莲花峰茶	Lianhuafeng Cha	Oral
CPM04157	莲芪胶囊	Lianqi Jiaonang	Oral
CPM04158	莲芝消炎滴丸	Lianzhi Xiaoyan Diwan	Oral
CPM04159	莲芝消炎分散片	Lianzhi Xiaoyan Fensanpian	Oral
CPM04160	莲芝消炎胶囊	Lianzhi Xiaoyan Jiaonang	Oral
CPM04161	莲芝消炎片	Lianzhi Xiaoyan Pian	Oral
CPM04162	莲芝消炎软胶囊	Lianzhi Xiaoyan Ruanjiaonang	Oral
CPM04163	良附滴丸	Liangfu Diwan	Oral
CPM04164	良附软胶囊	Liangfu Ruanjiaonang	Oral
CPM04165	良附丸	Liangfu Wan	Oral
CPM04166	良姜胃疡胶囊	Liangjiang Weiyang Jiaonang	Oral
CPM04167	良园枇杷叶膏	Liangyuan Pipaye Gao	Oral
CPM04168	凉膈丸	Liangge Wan	Oral
CPM04169	凉解感冒合剂	Liangjie Ganmao Heji	Oral
CPM04170	凉血祛风糖浆	Liangxue Qufeng Tangjiang	Oral
CPM04171	凉血十味片	Liangxue Shiweipian	Oral
CPM04172	凉血十味散	Liangxue Shiwei San	Oral
CPM04173	凉血退热排毒丸	Liangxue Tuire Paidu Wan	Oral
CPM04174	梁财信跌打丸	Liangcaixin Dieda Wan	Oral
CPM04175	两面针镇痛片	Liangmianzhen Zhentong Pian	Oral
CPM04176	两仪膏	Liangyi Gao	Oral
CPM04177	两只老虎关节止痛膏	Guanjie Zhitong Gao	Topical
CPM04178	辽源七厘散	Liaoyuan Qili San	Oral
CPM04179	疗肺宁片	Liaofeining Pian	Oral
CPM04180	疗癣卡西甫散	Liaoxuankaxifu San	Oral
CPM04181	疗癣卡西甫丸	Liaoxuankaxi Puwan	Oral
CPM04182	疗痔胶囊	Liaozhi Jiaonang	Oral
CPM04183	蓼参胶囊	Liaoshen Jiaonang	Oral
CPM04184	临江风药	Linjiang Fengyao	Oral
CPM04185	灵宝护心丹	Lingbao Huxin Dan	Oral
CPM04186	灵宝如意丸	Lingbao Ruyi Wan	Oral
CPM04187	灵丹草合剂	Lingdancao Heji	Oral
CPM04188	灵丹草胶囊	Lingdancao Jiaonang	Oral
CPM04189	灵丹草颗粒	Lingdancao Keli	Oral
CPM04190	灵丹草片	Lingdancao Pian	Oral
CPM04191	灵莲花颗粒	Linglianhua Keli	Oral
CPM04192	灵苓胶囊	Lingling Jiaonang	Oral
CPM04193	灵龙感冒胶囊	Linglong Ganmao Jiaonang	Oral
CPM04194	灵猫香解毒丸	Lingmaoxiang Jiedu Wan	Oral
CPM04195	灵芪茶	Lingqi Cha	Oral
CPM04196	灵芪红胶囊	Lingqihong Jiaonang	Oral
CPM04197	灵芪加口服液	Lingqijia Koufuye	Oral
CPM04198	灵芪养心胶囊	Lingqi Yangxin Jiaonang	Oral
CPM04199	灵芪养心口服液	Lingqi Yangxin Koufuye	Oral
CPM04200	灵杞益肝口服液	Lingqi Yigan Koufuye	Oral
CPM04201	灵仙跌打胶囊	Lingxian Dieda Jiaonang	Oral
CPM04202	灵仙跌打片	Lingxian Dieda Pian	Oral
CPM04203	灵源万应茶	Lingyuan Wanying Cha	Oral
CPM04204	灵泽片	Lingze Pian	Oral
CPM04205	灵芝孢子粉胶囊	Lingzhi Baozifen Jiaonang	Oral
CPM04206	灵芝北芪胶囊	Lingzhi Beiqi Jiaonang	Oral
CPM04207	灵芝北芪片	Lingzhi Beiqi Pian	Oral
CPM04208	灵芝袋泡茶	Lingzhi Daipaocha	Oral
CPM04209	灵芝滴丸	Lingzhi Diwan	Oral
CPM04210	灵芝分散片	Lingzhi Fensan Pian	Oral
CPM04211	灵芝桂圆酒	Lingzhi Guiyuan Jiu	Oral
CPM04212	灵芝胶囊	Lingzhi Jiaonang	Oral
CPM04213	灵芝颗粒	Lingzhi Keli	Oral
CPM04214	灵芝口服液	Lingzhi Koufuye	Oral
CPM04215	灵芝片	Lingzhi Pian	Oral
CPM04216	灵芝双参口服液	Lingzhi Shuangshen Koufuye	Oral
CPM04217	灵芝糖浆	Lingzhi Tangjiang	Oral
CPM04218	灵芝益寿胶囊	Lingzhi Yishou Jiaonang	Oral
CPM04219	灵芝茵陈胶囊	Lingzhi Yinchen Jiaonang	Oral
CPM04220	苓桂咳喘宁胶囊	Linggui Kechuanning Jiaonang	Oral
CPM04221	苓麦消食颗粒	Lingmai Xiaoshi Keli	Oral
CPM04222	羚贝止咳糖浆	Lingbei Zhike Tangjiang	Oral
CPM04223	羚黄宝儿丸	Linghuangbao’er Wan	Oral
CPM04224	羚翘解毒颗粒	Lingqiao Jiedu Keli	Oral
CPM04225	羚翘解毒口服液	Lingqiao Jiedu Koufuye	Oral
CPM04226	羚翘解毒片	Lingqiao Jiedu Pian	Oral
CPM04227	羚翘解毒丸	Lingqiao Jiedu Wan	Oral
CPM04228	羚芎胶囊	Lingxiong Jiaonang	Oral
CPM04229	羚羊感冒胶囊	lingyang Ganmao Jiaonang	Oral
CPM04230	羚羊感冒颗粒	Lingyang Ganmao Keli	Oral
CPM04231	羚羊感冒口服液	Lingyang Ganmao Koufuye	Oral
CPM04232	羚羊感冒片	Lingyang Ganmao Pian	Oral
CPM04233	羚羊感冒软胶囊	Lingyang Ganmao Ruanjiaonang	Oral
CPM04234	羚羊角滴丸	Lingyangjiao Diwan	Oral
CPM04235	羚羊角胶囊	Lingyangjiao Jiaonang	Oral
CPM04236	羚羊角颗粒	Lingyangjiao Keli	Oral
CPM04237	羚羊角口服液	Lingyangjiao Koufuye	Oral
CPM04238	羚羊角散	Lingyangjiao San	Oral
CPM04239	羚羊角注射液	Lingyangjiao Zhusheye	Injection
CPM04240	羚羊清肺胶囊	Lingyang Qingfei Jiaonang	Oral
CPM04241	羚羊清肺颗粒	Lingyang Qingfei Keli	Oral
CPM04242	羚羊清肺散	Lingyang Qingfei San	Oral
CPM04243	羚羊清肺丸	Lingyang Qingfei Wan	Oral
CPM04244	羚珠散	Lingzhu San	Oral
CPM04245	羚竺散	Lingzhu San	Oral
CPM04246	岭南万应止痛膏	Lingnan Wanying Zhitong Gao	Topical
CPM04247	流感茶	Liugan Cha	Oral
CPM04248	流感丸	Liugan Wan	Oral
CPM04249	柳条膏	Liutiao Gao	Topical
CPM04250	六合定中丸	Liuhe Dingzhong Wan	Oral
CPM04251	六和茶	Liuhe Cha	Oral
CPM04252	六经头痛片	Liujing Toutong Pian	Oral
CPM04253	六君生发胶囊	Liujun Shengfa Jiaonang	Oral
CPM04254	六君子丸	Liujunzi Wan	Oral
CPM04255	六灵含片	Liuling Hanpian	Oral
CPM04256	六灵解毒丸	Liuling Jiedu Wan	Oral
CPM04257	六灵丸	LiuLing Wan	Topical
CPM04258	六锐胶囊	Liurui Jiaonang	Oral
CPM04259	六神胶囊	Liushen Jiaonang	Oral
CPM04260	六神凝胶	Liushen Ningjiao	Topical
CPM04261	六神曲	Liushen Qu	Oral
CPM04262	六神祛暑水	Liushen Qushu Shui	Oral
CPM04263	六神丸	Liushen Wan	Oral
CPM04264	六味安神胶囊	Liuwei Anshen Jiaonang	Oral
CPM04265	六味安消胶囊	Liuwei Anxiao Jiaonang	Oral
CPM04266	六味安消片	Liuwei Anxiao Pian	Oral
CPM04267	六味安消散	Liuwei Anxiao San	Oral
CPM04268	六味安消丸	Liuwei Anxiao Wan	Oral
CPM04269	六味白莲酊	Liuwei Bailian Ding	Topical
CPM04270	六味补血胶囊	Liuwei Buxue Jiaonang	Oral
CPM04271	六味补血颗粒	Liuwei Buxue Keli	Oral
CPM04272	六味大托叶云实散	Liuwei Datuoyeyunshi San	Oral
CPM04273	六味地黄滴丸	Liuwei Dihuang Diwan	Oral
CPM04274	六味地黄膏	Liuwei Dihuang Gao	Oral
CPM04275	六味地黄胶囊	Liuwei Dihuang Jiaonang	Oral
CPM04276	六味地黄咀嚼片	Liuwei Dihuang Jujuepian	Oral
CPM04277	六味地黄颗粒	Liuwei Dihuang Keli	Oral
CPM04278	六味地黄口服液	Liuwei Dihuang Koufuye	Oral
CPM04279	六味地黄片	Liuwei Dihuang Pian	Oral
CPM04280	六味地黄软胶囊	Liuwei Dihuang Ruanjiaonang	Oral
CPM04281	六味地黄丸	Liuwei Dihuang Wan	Oral
CPM04282	六味丁香片	Liuwei Dingxiang Pian	Oral
CPM04283	六味枸杞口服液	Liuwei Gouqi Koufuye	Oral
CPM04284	六味寒水石散	Liuwei Hanshuishi San	Oral
CPM04285	六味锦鸡儿汤散	Liuwei Jinjiertang San	Oral
CPM04286	六味明目丸	Liuwei Mingmu Wan	Oral
CPM04287	六味木香胶囊	Liuwei Muxiang Jiaonang	Oral
CPM04288	六味木香散	Liuwei Muxiang San	Oral
CPM04289	六味木香丸	Liuwei Muxiang Wan	Oral
CPM04290	六味能消胶囊	Liuwei Nengxiao Jiaonang	Oral
CPM04291	六味能消片	Liuwei Nengxiao Pian	Oral
CPM04292	六味能消丸	Liuwei Nengxiao Wan	Oral
CPM04293	六味伤复宁酊	Liuwei Shangfuning Ding	Topical
CPM04294	六味生脉片	Liuwei shengmai Pian	Oral
CPM04295	六味石榴胶囊	Liuwei Shiliu Jiaonang	Oral
CPM04296	六味丸	Liuwei Wan	Oral
CPM04297	六味五灵片	Liuwei Wuling Pian	Oral
CPM04298	六味西红花口服液	Liuwei Xihonghua Koufuye	Oral
CPM04299	六味香连胶囊	Liuwei Xianglian Jiaoniang	Oral
CPM04300	六味消痔胶囊	Liuwei Xiaozhi Jiaonang	Oral
CPM04301	六味消痔片	Liuwei Xiaozhi Pian	Oral
CPM04302	六味增食合剂	Liuwei Zengshi Heji	Oral
CPM04303	六味壮骨颗粒	Liuwei Zhuanggu Ke Li	Oral
CPM04304	六一散	Liuyi San	Topical
CPM04305	六应丸	Liuying Wan	Topical
CPM04306	龙参补益膏	Longshen Buyi Gao	Oral
CPM04307	龙参补益颗粒	Longshen Buyi Keli	Oral
CPM04308	龙丹通络胶囊	Longdan Tongluo Jiaonang	Oral
CPM04309	龙胆酊	Longdan Ding	Oral
CPM04310	龙胆泻肝胶囊	Longdan Xiegan Jiaonang	Oral
CPM04311	龙胆泻肝颗粒	Longdan Xiegan Keli	Oral
CPM04312	龙胆泻肝口服液	Longdan Xiegan Koufuye	Oral
CPM04313	龙胆泻肝片	Longdan Xiegan Pian	Oral
CPM04314	龙胆泻肝软胶囊	Longdan Xiegan Ruanjiaonang	Oral
CPM04315	龙胆泻肝丸	Longdan Xiegan Wan（Shui Wan）	Oral
CPM04316	龙胆总苷	Longdan Zonggan	Oral
CPM04317	龙灯胶囊	Longdeng Jiaonang	Oral
CPM04318	龙蛾酒	Long'e Jiu	Oral
CPM04319	龙凤宝胶囊	Longfengbao Jiaonang	Oral
CPM04320	龙凤宝片	Longfengbao Pian	Oral
CPM04321	龙骨颈椎胶囊	Longgu Jingzhui Jiaonang	Oral
CPM04322	龙虎人丹	Longhu Rendan	Oral
CPM04323	龙黄补血口服液	Longhuang Buxue Koufuye	Oral
CPM04324	龙荟丸	Longhui Wan	Oral
CPM04325	龙加通络胶囊	Longjia Tongluo Jiaonang	Oral
CPM04326	龙金通淋胶囊	Longjin Tonglin Jiaonang	Oral
CPM04327	龙菊清肝胶囊	Longju Qinggan Jiaonang	Oral
CPM04328	龙苓春合剂	Longlingchun Heji	Oral
CPM04329	龙苓春药酒	Longlingchun Yaojiu	Oral
CPM04330	龙鹿胶囊	Longlu Jiaonang	Oral
CPM04331	龙鹿丸	Longlu Wan	Oral
CPM04332	龙牡壮骨咀嚼片	Longmu Zhuanggu Jujuepian	Oral
CPM04333	龙牡壮骨颗粒	Longmu Zhuanggu Keli	Oral
CPM04334	龙脑安神丸	Longnao Anshen Wan	Oral
CPM04335	龙七胃康片	Longqi Weikang Pian	Oral
CPM04336	龙芪颗粒	Longqi Keli	Oral
CPM04337	龙生蛭胶囊	Longshengzhi Jiaonang	Oral
CPM04338	龙虱补肾酒	Longshi Bushen Jiu	Oral
CPM04339	龙香平喘胶囊	Longxiang Pingchuan Jiaonang	Oral
CPM04340	龙心素胶囊	Longxinsu Jiaonang	Oral
CPM04341	龙血竭	Longxuejie	Oral
CPM04342	龙牙肝泰胶囊	Longya Gantai Jiaonang	Oral
CPM04343	龙燕补肾酒	Longyan Bushen Jiu	Oral
CPM04344	龙枣胶囊	Longzao Jiaonang	Oral
CPM04345	龙泽熊胆胶囊	Longze Xiongdan Jiaonang（Xiongdan Wan）	Oral
CPM04346	龙掌口含液	Longzhang Kouhanye	Topical
CPM04347	龙掌泡腾颗粒	Longzhang Paoteng Keli	Topical
CPM04348	龙珠平亢丸	Longzhu Pingkang Wan	Oral
CPM04349	龙珠软膏	Longzhu Ruangao	Topical
CPM04350	癃闭舒胶囊	Longbishu Jiaonang	Oral
CPM04351	癃闭舒片	Longbishu Pian	Oral
CPM04352	癃开颗粒	Longkai Keli	Oral
CPM04353	癃清胶囊	Longqing Jiaonang	Oral
CPM04354	癃清片	Longqing Pian	Oral
CPM04355	癃疏清颗粒	Longshuqing Keli	Oral
CPM04356	陇马陆胃药胶囊	Longmalu Weiyao Jiaonang	Oral
CPM04357	陇马陆胃药片	Longmalu Weiyao Pian	Oral
CPM04358	楼莲胶囊	Loulian Jiaonang	Oral
CPM04359	芦根枇杷叶颗粒	Lugen Pipaye Keli	Oral
CPM04360	芦荟珍珠胶囊	Luhui Zhenzhu Jiaonang	Oral
CPM04361	鸬鹚涎丸	Lucixian Wan	Oral
CPM04362	颅痛宁颗粒	Lutongning Keli	Oral
CPM04363	陆氏润字丸	Lushi Runzi Wan	Oral
CPM04364	陆英胶囊	Luying Jiaonang	Oral
CPM04365	陆英颗粒	Luying Keli	Oral
CPM04366	陆英糖浆	Luying Tangjiang	Oral
CPM04367	鹿鞭补酒	Lubian Bujiu	Oral
CPM04368	鹿鞭回春胶囊	Lubian Huichun Jiaonang	Oral
CPM04369	鹿川活络胶囊	Luchuan Huoluo Jiaonang	Oral
CPM04370	鹿地益元酒	Ludi Yiyuan Jiu	Oral
CPM04371	鹿骨雪莲酒	Lugu Xuelian Jiu	Oral
CPM04372	鹿角胶	Lujiao Jiao	Oral
CPM04373	鹿角胶颗粒	Lujiaojiao Keli	Oral
CPM04374	鹿筋壮骨酒	Lujin Zhuanggu Jiu	Oral
CPM04375	鹿精培元胶囊	Lujing Peiyuan Jiaonang	Oral
CPM04376	鹿精培元酒	Lujingpeiyuan Jiu	Oral
CPM04377	鹿茸参鞭酒	Lurong Shenbian Jiu	Oral
CPM04378	鹿茸胶囊	Lurong Jiaonang	Oral
CPM04379	鹿茸精注射液	Lurongjing Zhusheye	Injection
CPM04380	鹿茸口服液	Lurong Koufuye	Oral
CPM04381	鹿茸片	Lurong Pian	Oral
CPM04382	鹿茸洋参片	Lurong Yangshen Pian	Oral
CPM04383	鹿蓉颗粒	Lurong Keli	Oral
CPM04384	鹿首安神颗粒	Lushou Anshen Keli	Oral
CPM04385	鹿胎膏	Lutai Gao	Oral
CPM04386	鹿胎胶囊	Lutai Jiaonang	Oral
CPM04387	鹿胎颗粒	Lutai Keli（Wutang）	Oral
CPM04388	鹿胎软胶囊	Lutai Ruanjiaonang	Oral
CPM04389	鹿尾鞭酒	Luweibian Jiu	Oral
CPM04390	鹿尾补肾丸	Luweibushen Wan	Oral
CPM04391	鹿仙补肾片	Luxian Bushen Pian	Oral
CPM04392	鹿阳强肾胶囊	Luyang Qiangshen Jiaonang	Oral
CPM04393	路路通益母膏	Lulutong Yimu Gao	Oral
CPM04394	潞党参膏滋	Ludangshen Gaozi	Oral
CPM04395	潞党参口服液	Ludangshen Koufuye	Oral
CPM04396	鹭鸶咯丸	Lusika Wan	Oral
CPM04397	露水草胶囊	Lushuicao Jiaonang	Oral
CPM04398	罗补甫克比日丸	Luobufukebiri Wan	Oral
CPM04399	罗布麻茶	Luobuma Cha	Oral
CPM04400	罗布麻降压胶囊	Luobuma Jiangya Jiaonang	Oral
CPM04401	罗布麻降压片	Luobuma Jiangya Pian	Oral
CPM04402	罗布麻叶冲剂	Luobumaye Chongji	Oral
CPM04403	罗布麻叶胶囊	Luobumaye Jiaonang	Oral
CPM04404	罗布麻叶颗粒	Luobumaye Keli	Oral
CPM04405	罗布麻叶片	Luobumaye Pian	Oral
CPM04406	罗浮山百草油	Luofushan Baicao You	Topical
CPM04407	罗浮山风湿膏药	Luofushan Fengshi Gaoyao	Topical
CPM04408	罗浮山凉茶颗粒	Luofushan Liangcha Keli	Oral
CPM04409	罗汉茶化浊颗粒	Luohancha Huazhuo Keli	Oral
CPM04410	罗汉果银花含片	Luohanguo Yinhua Hanpian	Oral
CPM04411	罗汉果玉竹冲剂	Luohanguo Yuzhu Chongji	Oral
CPM04412	罗汉果玉竹颗粒	Luohanguo Yuzhu Keli	Oral
CPM04413	罗汉果止咳胶囊	Luohanguo Zhike Jiaonang	Oral
CPM04414	罗汉果止咳片	Luohanguo Zhike Pian	Oral
CPM04415	罗汉果止咳糖浆	Luohanguo Zhike Tangjiang	Oral
CPM04416	罗黄降压片	Luohuang Jiangya Pian	Oral
CPM04417	罗己降压片	Luoji Jiangya pian	Oral
CPM04418	罗珍胶囊	Luozhen Jiaonang	Oral
CPM04419	裸花紫珠分散片	Luohuazizhu Fensanpian	Oral
CPM04420	裸花紫珠合剂	Luohua Zizhu Heji	Oral
CPM04421	裸花紫珠胶囊	Luohua Zizhu Jiaonang	Oral
CPM04422	裸花紫珠颗粒	Luohuazizhu Keli	Oral
CPM04423	裸花紫珠片	Luohuazizhu Pian	Oral
CPM04424	裸花紫珠软胶囊	Luohuazizhu Ruanjiaonang	Oral
CPM04425	裸花紫珠栓	Luohua Zizhu Shuan	Topical
CPM04426	洛布桑胶囊	Luobusang Jiaonang	Oral
CPM04427	络通酊	Luotong Ding	Topical
CPM04428	落花参片	Luohua Shen Pian	Oral
CPM04429	驴胶补血颗粒	Lvjiao Buxue Keli	Oral
CPM04430	驴胶补血丸	LvJiao Buxue Wan	Oral
CPM04431	绿及咳喘颗粒	Lvji Kechuan Keli	Oral
CPM04432	绿梅止泻颗粒	Lümei Zhixie Keli	Oral
CPM04433	绿袍散	Lvpao San	Topical
CPM04434	绿茸益血胶囊	Lürong Yixue Jiaonang	Oral
CPM04435	绿雪	Lvxue	Oral
CPM04436	绿雪胶囊	Lvxue Jiaonang	Oral
CPM04437	麻桂感冒丸	Magui Ganmao Wan	Oral
CPM04438	麻黄止嗽胶囊	Mahuang Zhisou Jiaonang	Oral
CPM04439	麻黄止嗽丸	Mahuang Zhisou Wan	Oral
CPM04440	麻姜胶囊	Majiang Jiaonang	Oral
CPM04441	麻姜颗粒	Majiang Keli	Oral
CPM04442	麻芩消咳颗粒	Maqin Xiaoke Keli	Oral
CPM04443	麻芩止咳糖浆	Maqin Zhike Tangjiang	Oral
CPM04444	麻仁合剂	Maren Heji	Oral
CPM04445	麻仁胶囊	Maren Jiaonang	Oral
CPM04446	麻仁软胶囊	Maren Ruanjiaonang	Oral
CPM04447	麻仁润肠软胶囊	Maren Runchang Ruanjiaonang	Oral
CPM04448	麻仁润肠丸	Maren Runchang Wan	Oral
CPM04449	麻仁丸	Maren Wan	Oral
CPM04450	麻仁滋脾丸	Maren Zipi Wan	Oral
CPM04451	麻苏止咳颗粒	Masu Zhike Keli	Oral
CPM04452	麻杏甘石合剂	Maxing Ganshi Heji	Oral
CPM04453	麻杏宣肺颗粒	Maxing Xuanfei Keli	Oral
CPM04454	麻杏止咳膏	Maxing Zhike Gao	Oral
CPM04455	麻杏止咳胶囊	Maxing Zhike Jiaonang	Oral
CPM04456	麻杏止咳颗粒	Maxing Zhike Keli	Oral
CPM04457	麻杏止咳片	Maxing Zhike Pian	Oral
CPM04458	麻杏止咳糖浆	Maxing Zhike Tangjiang	Oral
CPM04459	麻杏止咳糖丸	Maxing Zhike Tangwan	Oral
CPM04460	马兰感寒胶囊	Malan Ganhan Jiaonang	Oral
CPM04461	马钱子散	Maqianzi San	Oral
CPM04462	马应龙八宝眼粉	Mayinglong Babao Yanfen	Topical
CPM04463	马应龙八宝眼膏	Mayinglong Babao Yangao	Topical
CPM04464	马应龙麝香痔疮膏	Mayinglong Shexiang Zhichuang Gao	Topical
CPM04465	马鬃蛇药酒	Mazongshe Yaojiu	Oral
CPM04466	玛木然止泻胶囊	Mamuran Zhixie Jiaonang	Oral
CPM04467	蚂蚁双参通痹丸	Mayi Shuangshen Tongbi Wan	Oral
CPM04468	麦当乳通颗粒	Maidang Rutong Keli	Oral
CPM04469	麦冬十三味丸	Maidong Shisanwei Wan	Oral
CPM04470	麦芪降糖丸	Maiqi Jiangtang Wan	Oral
CPM04471	麦味地黄合剂	Maiweidihuang Heji	Oral
CPM04472	麦味地黄胶囊	Maiwei Dihuang Jiaonang	Oral
CPM04473	麦味地黄口服液	Maiwei Dihuang Koufuye	Oral
CPM04474	麦味地黄片	Maiwei Dihuang Pian	Oral
CPM04475	麦味地黄丸	Maiwei Dihuang Wan	Oral
CPM04476	麦芽片	Maiya Pian	Oral
CPM04477	脉安冲剂	Mai'an Chongji	Oral
CPM04478	脉安颗粒	Mai´an Keli	Oral
CPM04479	脉管复康胶囊	Maiguan Fukang Jiaonang	Oral
CPM04480	脉管复康片	Maiguan Fukang Pian	Oral
CPM04481	脉君安片	Maijun’an Pian	Oral
CPM04482	脉康合剂	Maikang Heji	Oral
CPM04483	脉络宁颗粒	Mailuoning Keli	Oral
CPM04484	脉络宁口服液	Mailuoning Koufuye	Oral
CPM04485	脉络宁注射液	Mailuoning Zhusheye	Injection
CPM04486	脉络舒通颗粒	Mailuo Shutong Keli	Oral
CPM04487	脉络舒通丸	Mailuo Shutong Wan	Oral
CPM04488	脉络通	Mailuo Tong	Oral
CPM04489	脉络通胶囊	Mailuotong Jiaonang	Oral
CPM04490	脉络通颗粒	Mailuotong Keli	Oral
CPM04491	脉络通片	Mailuotong Pian	Oral
CPM04492	脉平片	Maiping Pian	Oral
CPM04493	脉舒胶囊	Maishu Jiaonang	Oral
CPM04494	脉舒平袋泡茶	Maishuping Daipaocha	Oral
CPM04495	脉血康肠溶片	Maixuekang Changrongpian	Oral
CPM04496	脉血康胶囊	Maixuekang Jiaonang	Oral
CPM04497	蛮龙液	Manlong Ye	Oral
CPM04498	满金止咳片	Manjin Zhike Pian	Oral
CPM04499	满山白颗粒	Manshanbai Keli	Oral
CPM04500	满山白片	Manshanbai Pian	Oral
CPM04501	满山白糖浆	Manshanbai Tangjiang	Oral
CPM04502	满山红油胶丸	Manshanhongyou Jiaowan	Oral
CPM04503	满山香片	Manshanxiang Pian	Oral
CPM04504	慢肝解郁胶囊	Mangan Jieyu Jiaonang	Oral
CPM04505	慢肝解郁丸	Mangan Jieyu Wan	Oral
CPM04506	慢肝宁胶囊	Manganning Jiaonang	Oral
CPM04507	慢肝宁片	Manganning Pian	Oral
CPM04508	慢肝养阴胶囊	Mangan Yangyin Jiaonang	Oral
CPM04509	慢肝养阴片	Mangan Yangyin Pian	Oral
CPM04510	慢惊丸	Manjing Wan	Oral
CPM04511	慢肾宝合剂	Manshenbao Heji	Oral
CPM04512	慢咽宁袋泡茶	Manyanning Daipaocha	Oral
CPM04513	慢支固本颗粒	Manzhi Guben Keli	Oral
CPM04514	慢支紫红丸	Manzhi Zihong Wan	Oral
CPM04515	芒果止咳片	Mangguo Zhike Pian	Oral
CPM04516	猫爪草胶囊	Maozhaocao Jiaonang	Oral
CPM04517	毛冬青胶囊	Maodongqing Jiaonang	Oral
CPM04518	毛冬青片	Maodongqing Pian	Oral
CPM04519	毛冬青注射液	Maodongqing Zhusheye	Injection
CPM04520	毛萼香茶菜清热利咽片	Mao‘exiangchacai Qingre Liyan Pian	Oral
CPM04521	毛鸡补血酒	Maoji Buxue Jiu	Oral
CPM04522	毛鸡药酒	Maoji Yaojiu	Oral
CPM04523	玫参补肾口服液	Meishen Bushen Koufuye	Oral
CPM04524	玫瑰花	Meiguihua	Oral
CPM04525	玫瑰花口服液	Meiguihua Koufuye	Oral
CPM04526	玫瑰花糖膏	Meiguihua Tanggao	Oral
CPM04527	玫果口服液	Meiguo Koufuye	Oral
CPM04528	玫芦消痤膏	Meilu Xiaocuo Gao	Topical
CPM04529	梅花点舌胶囊	Meihua Dianshe Jiaonang	Oral
CPM04530	梅花点舌片	Meihua Dianshe Pian	Oral
CPM04531	梅花点舌丸	Meihua Dianshe Wan	Oral
CPM04532	梅苏颗粒	Meisu Keli	Oral
CPM04533	梅苏丸	Meisu Wan	Oral
CPM04534	梅翁退热颗粒	Meiweng Tuire Keli	Oral
CPM04535	梅翁退热片	Meiweng Tuire Pian	Oral
CPM04536	美诺平颗粒	Meinuoping Keli	Oral
CPM04537	美声喉泰含片	Meisheng Houtai Hanpian	Oral
CPM04538	媚灵丸	Meiling Wan	Oral
CPM04539	蒙花锚肝宁片	Menghuamao Ganning Pian	Oral
CPM04540	礞石滚痰片	Mengshi Guntan Pian	Oral
CPM04541	礞石滚痰丸	Mengshi Guntan Wan	Oral
CPM04542	猕猴桃颗粒	Mihoutao Keli	Oral
CPM04543	泌感颗粒	Migan Keli	Oral
CPM04544	泌淋胶囊	Mi Lin Jiao Nang	Oral
CPM04545	泌淋颗粒	Milin Keli	Oral
CPM04546	泌淋清胶囊	Milinqing Jiaonang	Oral
CPM04547	泌尿宁胶囊	Miniaoning Jiaonang	Oral
CPM04548	泌尿宁颗粒	Miniaoning Keli	Oral
CPM04549	泌宁胶囊	Mining Jiaonang	Oral
CPM04550	泌石通胶囊	Mishitong Jiaonang	Oral
CPM04551	秘诀清凉胶囊	Mijue Qingliang Jiaonang	Oral
CPM04552	秘诀清凉散	Mijue Qingliang San	Oral
CPM04553	秘制舒肝丸	Mizhi Shugan Wan	Oral
CPM04554	秘治胶囊	Bizhi Jiaonang	Oral
CPM04555	蜜炼川贝枇杷膏	Milian Chuanbei Pipa Gao	Oral
CPM04556	蜜桶花胶囊	Mitonghua Jiaonang	Oral
CPM04557	蜜桶花颗粒	Mitonghua Keli	Oral
CPM04558	眠安康口服液	Mian´ankang Koufuye	Oral
CPM04559	眠安宁合剂	Miananning Heji	Oral
CPM04560	眠安宁胶囊	Mian'anning Jiaonang	Oral
CPM04561	眠安宁颗粒	Mian’anning Keli	Oral
CPM04562	眠安宁口服液	Miananning Koufuye	Oral
CPM04563	妙济丸	Miaoji Wan	Oral
CPM04564	妙灵丸	Miaoling Wan	Oral
CPM04565	灭滴栓	Miedi Shuan	Topical
CPM04566	闽东建曲	Mindong Jianqu	Oral
CPM04567	明藿降脂颗粒	Minghuo Jiangzhi Keli	Oral
CPM04568	明目拨云散	Mingmu Boyun San	Topical
CPM04569	明目地黄胶囊	Mingmu Dihuang Jiaonang	Oral
CPM04570	明目地黄丸	Mingmu Dihuang Wan	Oral
CPM04571	明目二十五味丸	Mingmu Ershiwuwei Wan	Oral
CPM04572	明目蒺藜丸	Mingmu Jili Wan	Oral
CPM04573	明目六味汤散	Mingmu Liuwei Tangsan	Oral
CPM04574	明目上清片	Mingmu Shangqing Pian	Oral
CPM04575	明目上清丸	Mingmu Shangqing Wan	Oral
CPM04576	明目十六味丸	Mingmu Shiliuwei Wan （Salajide-16）	Oral
CPM04577	明目羊肝丸	Mingmu Yanggan Wan	Oral
CPM04578	明目滋肾片	Mingmu Zishen Pian	Oral
CPM04579	明珠口服液	Mingzhu Koufuye	Oral
CPM04580	摩罗丹	Moluo Dan	Oral
CPM04581	摩罗口服液	Moluo Koufuye	Oral
CPM04582	磨积散	Moji San	Oral
CPM04583	莫家清宁丸	Mojiaqingning Wan	Oral
CPM04584	母乳多颗粒	Muruduo Keli	Oral
CPM04585	牡荆油胶丸	Mujingyou Jiaowan	Oral
CPM04586	牡荆油乳	Mujingyou Ru	Oral
CPM04587	木丹颗粒	Mudan Keli	Oral
CPM04588	木耳舒筋丸	Muer Shujin Wan	Oral
CPM04589	木瓜酒	Mugua Jiu	Oral
CPM04590	木瓜片	Mugua Pian	Oral
CPM04591	木瓜丸	Mugua Wan	Oral
CPM04592	木瓜壮骨丸	Mugua Zhuanggu Wan	Oral
CPM04593	木竭胶囊	Mujie Jiaonang	Oral
CPM04594	木香槟榔丸	Muxiang Binglang Wan	Oral
CPM04595	木香分气丸	Muxiang Fenqi Wan	Oral
CPM04596	木香理气片	Muxiang Liqi Pian	Oral
CPM04597	木香理气丸	Muxiang Liqi Wan	Oral
CPM04598	木香顺气颗粒	Muxiang Shunqi Keli	Oral
CPM04599	木香顺气丸	Muxiang Shunqi Wan	Oral
CPM04600	木香通气丸	Muxiang Tongqi Wan	Oral
CPM04601	那如八味丸	Naru Bawei Wan	Oral
CPM04602	那如三味片	Naru Sanwei Pian	Oral
CPM04603	那如三味丸	Naru Sanwei Wan	Oral
CPM04604	男宝胶囊	Nanbao Jiaonang	Oral
CPM04605	男春宝胶囊	Nanchunbao Jiaonang	Oral
CPM04606	男康片	Nankang Pian	Oral
CPM04607	南板蓝根冲剂	Nanbanlangen Chongji	Oral
CPM04608	南板蓝根颗粒	Nanbanlangen Keli	Oral
CPM04609	囊虫丸	Nangchong Wan	Oral
CPM04610	蛲虫药膏	Naochong Yaogao	Topical
CPM04611	脑安滴丸	Nao’an Diwan	Oral
CPM04612	脑安胶囊	Nao’an Jiaonang	Oral
CPM04613	脑安颗粒	Naoan Keli	Oral
CPM04614	脑安片	Nao’an Pian	Oral
CPM04615	脑得生袋泡茶	Naodesheng Daipaocha	Oral
CPM04616	脑得生胶囊	Naodesheng Jiaonang	Oral
CPM04617	脑得生咀嚼片	Naodesheng Jujuepian	Oral
CPM04618	脑得生颗粒	Naodesheng Keli	Oral
CPM04619	脑得生片	Naodesheng Pian	Oral
CPM04620	脑得生丸	Naodesheng Wan（Nongsuowan）	Oral
CPM04621	脑康泰胶囊	Naokangtai Jiaonang	Oral
CPM04622	脑乐静	Naole Jing	Oral
CPM04623	脑乐静颗粒	Naolejing Keli	Oral
CPM04624	脑乐静口服液	Naolejing Koufuye	Oral
CPM04625	脑乐静片	Naolejing Pian	Oral
CPM04626	脑力宝丸	Naolibao Wan（Nongsuo Wan）	Oral
CPM04627	脑力静胶囊	Naolijing Jiaonang	Oral
CPM04628	脑力静颗粒	Naolijing Keli	Oral
CPM04629	脑力静糖浆	Naolijing Tangjiang	Oral
CPM04630	脑立清胶囊	Naoliqing Jiaonang	Oral
CPM04631	脑立清片	Naoliqing Pian	Oral
CPM04632	脑立清丸	Naoliqing Wan	Oral
CPM04633	脑灵胶囊	Naoling Jiaonang	Oral
CPM04634	脑灵片	Naoling Pian	Oral
CPM04635	脑灵素胶囊	Naolingsu Jiaonang	Oral
CPM04636	脑灵素片	Naolingsu Pian	Oral
CPM04637	脑络通胶囊	Naoluotong Jiaonang	Oral
CPM04638	脑脉利颗粒	Naomaili Keli	Oral
CPM04639	脑脉泰胶囊	Naomaitai Jiaonang	Oral
CPM04640	脑脉泰口服液	Naomaitai Koufuye	Oral
CPM04641	脑宁糖浆	Naoning Tangjiang	Oral
CPM04642	脑塞安胶囊	Naosaian Jiaonang	Oral
CPM04643	脑塞通丸	Naosaitong Wan	Oral
CPM04644	脑栓康复胶囊	Naoshuan Kangfu Jiaonang	Oral
CPM04645	脑栓通胶囊	Naoshuantong Jiaonang	Oral
CPM04646	脑肽胶囊	Naotai Jiaonang	Oral
CPM04647	脑心安胶囊	Naoxin'an Jiaonang	Oral
CPM04648	脑心清胶囊	Naoxinqing Jiaonang	Oral
CPM04649	脑心清片	Naoxinqing Pian	Oral
CPM04650	脑心舒口服液	Naoxinshu Koufuye	Oral
CPM04651	脑心通胶囊	Naoxintong Jiaonang	Oral
CPM04652	脑心通片	Naoxintong Pian	Oral
CPM04653	脑心通丸	Naoxintong Wan	Oral
CPM04654	脑血康滴丸	Naoxuekang Diwan	Oral
CPM04655	脑血康胶囊	Naoxuekang Jiaonang	Oral
CPM04656	脑血康颗粒	Naoxuekang Keli	Oral
CPM04657	脑血康片	Naoxuekang Pian	Oral
CPM04658	脑血康丸	Naoxuekang Wan	Oral
CPM04659	脑血疏口服液	Naoxueshu Koufuye	Oral
CPM04660	脑血栓片	Naoxueshuan Pian	Oral
CPM04661	脑震宁颗粒	Naozhenning Keli	Oral
CPM04662	内补养荣丸	Neibu Yangrong Wan	Oral
CPM04663	内消瘰疬片	Neixiaoluoli Pian	Oral
CPM04664	内消瘰疬丸	Neixiao Luoli Wan	Oral
CPM04665	能安均宁胶囊	Neng’an Junning Jiaonang	Oral
CPM04666	能安均宁散	Neng'an Junning San	Oral
CPM04667	尿毒灵灌肠液	Niaoduling Guanchang Ye	Topical
CPM04668	尿毒灵软膏	Niaoduling Ruangao	Topical
CPM04669	尿毒排析散	Niaodu Paixi San	Oral
CPM04670	尿毒清颗粒	Niaoduqing Keli	Oral
CPM04671	尿感宁颗粒	Niaoganning Keli（Wutang）	Oral
CPM04672	尿路康颗粒	Niaolukang Keli	Oral
CPM04673	尿路通胶囊	Niaolutong Jiaonang	Oral
CPM04674	尿路通片	Niaolutong Pian	Oral
CPM04675	尿清舒颗粒	Niaoqingshu Keli	Oral
CPM04676	尿塞通片	Niaosaitong Pian	Oral
CPM04677	尿石通丸	Niaoshitong Wan	Oral
CPM04678	尿通卡克乃其片	Niaotong Kakenaiqi Pian	Oral
CPM04679	宁坤丸	Ningkun Wan	Oral
CPM04680	宁坤养血丸	Ningkun Yangxue Wan	Oral
CPM04681	宁泌泰胶囊	Ningmitai Jiaonang	Oral
CPM04682	宁清泰颗粒	Ningqingtai Keli	Oral
CPM04683	宁神补心胶囊	Ningshen Buxin Jiaonang	Oral
CPM04684	宁神补心片	Ningshen Buxin Pian	Oral
CPM04685	宁神定志丸	Ningshen Dingzhi Wan	Oral
CPM04686	宁神灵胶囊	Ningshenling Jiaonang	Oral
CPM04687	宁神灵颗粒	Ningshenling Keli	Oral
CPM04688	宁神丸	Ningshen Wan	Oral
CPM04689	宁嗽化痰丸	Ningsou Huatan Wan	Oral
CPM04690	宁嗽露	Ningsoulu	Oral
CPM04691	宁嗽丸	Ningsou Wan	Oral
CPM04692	宁心安神胶囊	Ningxin Anshen Jiaonang	Oral
CPM04693	宁心安神颗粒	Ningxin Anshen Keli	Oral
CPM04694	宁心宝胶囊	Ningxinbao Jiaonang	Oral
CPM04695	宁心补肾丸	Ningxin Bushen Wan	Oral
CPM04696	宁心益肾口服液	Ningxin Yishen Koufuye	Oral
CPM04697	宁心益智胶囊	Ningxin Yizhi Jiaonang	Oral
CPM04698	宁心益智口服液	Ningxin Yizhi Koufuye	Oral
CPM04699	牛黄安心丸	Niuhuang Anxin Wan	Oral
CPM04700	牛黄抱龙片	Niuhuang Baolong Pian	Oral
CPM04701	牛黄抱龙丸	Niuhuang Baolong Wan	Oral
CPM04702	牛黄化毒片	Niuhuang Huadu Pian	Oral
CPM04703	牛黄降压胶囊	Niuhuang Jiangya Jiaonang	Oral
CPM04704	牛黄降压片	Niuhuang Jiangya Pian	Oral
CPM04705	牛黄降压丸	Niuhuang Jiangya Wan	Oral
CPM04706	牛黄解毒胶囊	Niuhuang Jiedu Jiaonang	Oral
CPM04707	牛黄解毒片	Niuhuang Jiedu Pian	Oral
CPM04708	牛黄解毒软胶囊	Niuhuang Jiedu Ruanjiaonang	Oral
CPM04709	牛黄解毒丸	Niuhuang Jiedu Wan	Oral
CPM04710	牛黄净脑片	Niuhuang Jingnao Pian	Oral
CPM04711	牛黄宁宫片	Niuhuang Ninggong Pian	Oral
CPM04712	牛黄千金散	Niuhuang Qianjin San	Oral
CPM04713	牛黄噙化丸	Niuhuang Qinhua Wan	Oral
CPM04714	牛黄清肺片	Niuhuang Qingfei Pian	Oral
CPM04715	牛黄清肺散	Niuhuang Qingfei San	Oral
CPM04716	牛黄清感胶囊	Niuhuang Qinggan Jiaonang	Oral
CPM04717	牛黄清宫丸	Niuhuang Qinggong Wan	Oral
CPM04718	牛黄清火丸	Niuhuang Qinghuo Wan	Oral
CPM04719	牛黄清脑开窍丸	Niuhuang Qingnao Kaiqiao Wan	Oral
CPM04720	牛黄清脑丸	Niuhuang Qingnao Wan	Oral
CPM04721	牛黄清热胶囊	Niuhuang Qingre Jiaonang	Oral
CPM04722	牛黄清热散	Niuhuang Qingre San	Oral
CPM04723	牛黄清胃丸	Niuhuang Qingwei Wan	Oral
CPM04724	牛黄清心丸	Niuhuang Qingxin Wan	Oral
CPM04725	牛黄上清胶囊	Niuhuang Shangqing Jiaonang	Oral
CPM04726	牛黄上清片	Niuhuang Shangqing Pian	Oral
CPM04727	牛黄上清软胶囊	Niuhuang Shangqing Ruanjiaonang	Oral
CPM04728	牛黄上清丸	Niuhuang Shangqing Wan	Oral
CPM04729	牛黄蛇胆川贝胶囊	Niuhuang Shesan Chuanbei Jiaonang	Oral
CPM04730	牛黄蛇胆川贝片	Niuhuang Shedan Chuanbei Pian	Oral
CPM04731	牛黄蛇胆川贝软胶囊	Niuhuang Shedan Chuanbei Ruanjiaonang	Oral
CPM04732	牛黄蛇胆川贝散	Niuhuang Shedan Chuanbei San	Oral
CPM04733	牛黄蛇胆川贝液	Niuhuang Shedan Chuanbeiye	Oral
CPM04734	牛黄十三味丸	Niuhuang Shisanwei Wan	Oral
CPM04735	牛黄西羚丸	Niuhuang Xiling Wan	Oral
CPM04736	牛黄消炎灵胶囊	Niuhuang Xiaoyanling Jiaonang	Oral
CPM04737	牛黄消炎灵丸	Niuhuang Xiaoyanling Wan	Oral
CPM04738	牛黄消炎片	Niuhuang Xiaoyan Pian	Oral
CPM04739	牛黄消炎丸	Niuhuang Xiaoyan Wan	Oral
CPM04740	牛黄醒脑丸	Niuhuang Xingnao Wan	Oral
CPM04741	牛黄醒消丸	Niuhuang Xingxiao Wan	Oral
CPM04742	牛黄益金片	Niuhuang Yijin Pian	Oral
CPM04743	牛黄镇惊丸	Niuhuang Zhenjing Wan	Oral
CPM04744	牛黄至宝丸	Niuhuang Zhibao Wan	Oral
CPM04745	牛黄痔清栓	Niuhuang Zhiqing Shuan	Topical
CPM04746	牛尾蒿油滴丸	Niuwei Haoyou Diwan	Oral
CPM04747	牛鲜茶	Niuxian Cha	Oral
CPM04748	牛至肝康丸	Niuzhi Gankang Wan	Oral
CPM04749	扭伤膏	Niushang Gao	Topical
CPM04750	扭伤归胶囊	Niushanggui Jiaonang	Oral
CPM04751	浓缩当归丸	Nongsuo Dangguiwan	Oral
CPM04752	浓缩水牛角颗粒	Nongsuo Shuiniujiao Keli	Oral
CPM04753	浓缩水牛角片	Nongsuo Shuiniujiao Pian	Oral
CPM04754	浓缩养荣丸	Nongsuo Yangrong Wan	Oral
CPM04755	暖宫七味散	Nuangong Qiwei San	Oral
CPM04756	暖宫七味丸	Nuangong Qiwei Wan （Sugemule -7）	Oral
CPM04757	暖宫孕子胶囊	Nuangong Yunzi Jiaonang	Oral
CPM04758	暖宫孕子片	Nuangong Yunzi Pian	Oral
CPM04759	暖宫孕子丸	Nuangong Yunzi Wan	Oral
CPM04760	暖脐膏	Nuanqi Gao	Topical
CPM04761	暖胃舒乐胶囊	Nuanwei Shule Jiaonang	Oral
CPM04762	暖胃舒乐颗粒	Nuanwei Shule Keli	Oral
CPM04763	暖胃舒乐片	Nuanwei Shule Pian	Oral
CPM04764	诺迪康胶囊	Nuodikang Jiaonang	Oral
CPM04765	诺迪康颗粒	Nuodikang Keli	Oral
CPM04766	诺迪康口服液	Nuodikang Koufuye	Oral
CPM04767	诺迪康片	Nuodikang Pian	Oral
CPM04768	女宝胶囊	Nvbao Jiaonang	Oral
CPM04769	女金丹丸	Nvjindan Wan	Oral
CPM04770	女金胶囊	Nvjin Jiaonang	Oral
CPM04771	女金片	Nvjin Pian	Oral
CPM04772	女金糖浆	Nvjin Tangjiang	Oral
CPM04773	女金丸	Nvjin Wan	Oral
CPM04774	女科十珍丸	Nvke Shizhen Wan	Oral
CPM04775	女贞子膏	Nvzhenzi Gao	Oral
CPM04776	女贞子糖浆	Nvzhenzi Tangjiang	Oral
CPM04777	女珍颗粒	Nvzhen Keli	Oral
CPM04778	杷叶润肺止咳膏	Paye Runfei Zhike Gao	Oral
CPM04779	帕朱胶囊	Pazhu Jiaonang	Oral
CPM04780	帕朱丸	Pazhu Wan	Oral
CPM04781	排毒降脂胶囊	Paidu Jiangzhi Jiaonang	Oral
CPM04782	排毒清脂胶囊	Paidu Qingzhi Jiaonang	Oral
CPM04783	排毒清脂颗粒	Paidu Qingzhi Keli	Oral
CPM04784	排毒清脂片	Paidu Qingzhi Pian	Oral
CPM04785	排毒清脂软胶囊	Paidu Qingzhi Ruanjiaonang	Oral
CPM04786	排毒养颜胶囊	Paiduyangyan Jiaonang	Oral
CPM04787	排毒养颜片	Paidu Yangyan Pian	Oral
CPM04788	排石颗粒	Paishi Keli	Oral
CPM04789	排石利胆胶囊	Paishi Lidan Jiaonang	Oral
CPM04790	排石利胆颗粒	Paishi Lidan Keli	Oral
CPM04791	排石利胆片	Paishi Lidan Pian	Oral
CPM04792	排石通淋口服液	Paishi Tonglin Koufuye	Oral
CPM04793	盘龙七片	Panlongqi Pian	Oral
CPM04794	培坤丸	Peikun Wan	Oral
CPM04795	培元通脑胶囊	Peiyuan Tongnao Jiaonang	Oral
CPM04796	盆炎净胶囊	Penyanjing Jiaonang	Oral
CPM04797	盆炎净咀嚼片	Penyanjing Jujuepian	Oral
CPM04798	盆炎净颗粒	Penyanjing Keli（Wutang）	Oral
CPM04799	盆炎净口服液	Penyanjing Koufuye	Oral
CPM04800	盆炎净片	Penyanjing Pian	Oral
CPM04801	盆炎清栓	Penyanqing Shuan	Topical
CPM04802	皮肤病血毒片	Pifubingxuedu Pian	Oral
CPM04803	皮肤病血毒丸	Pifubing Xuedu Wan	Oral
CPM04804	皮肤康洗液	Pifukang Xiye	Topical
CPM04805	皮敏消胶囊	Piminxiao Jiaonang	Oral
CPM04806	枇杷叶膏	Pipaye Gao	Oral
CPM04807	枇杷叶糖浆	Pipaye Tangjiang	Oral
CPM04808	枇杷止咳胶囊	Pipa Zhike Jiaonang	Oral
CPM04809	枇杷止咳颗粒	Pipa Zhike Keli	Oral
CPM04810	枇杷止咳软胶囊	Pipa Zhike Ruanjiaonang	Oral
CPM04811	枇杷止咳糖浆	Qiangli Pipa Lu	Oral
CPM04812	脾肾两助丸	Pishen Liangzhu Wan	Oral
CPM04813	脾肾双补丸	Pishen Shuangbu Wan	Oral
CPM04814	脾舒宁颗粒	Pishuning Keli	Oral
CPM04815	脾胃健口服液	Piweijian Koufuye	Oral
CPM04816	脾胃舒丸	Piweishu Wan	Oral
CPM04817	辟瘟片	Biwen Pian	Oral
CPM04818	偏瘫复原丸	piantan Fuyuan Wan	Oral
CPM04819	片仔癀	Pian Zai Huang	Oral
CPM04820	片仔癀胶囊	Pianzaihuang Jiaonang	Oral
CPM04821	平安丸	Ping'an Wan	Oral
CPM04822	平贝胶囊	Pingbei Jiaonang	Oral
CPM04823	平喘抗炎胶囊	Pingchuan Kangyan Jiaonang	Oral
CPM04824	平喘益气颗粒	Pingchuan Yiqi Keli	Oral
CPM04825	平肝舒络丸	Pinggan Shuluo Wan	Oral
CPM04826	平渴颗粒	Pingke Keli	Oral
CPM04827	平溃散	Pingkui San	Oral
CPM04828	平纳糖膏	Pingna Tanggao	Oral
CPM04829	平胃片	Pingwei Pian	Oral
CPM04830	平胃丸	Pingwei Wan	Oral
CPM04831	平消胶囊	Pingxiao Jiaonang	Oral
CPM04832	平消片	Pingxiao Pian	Oral
CPM04833	平眩胶囊	Pingxuan Jiaonang	Oral
CPM04834	平痔胶囊	Pingzhi Jiaonang	Oral
CPM04835	屏风生脉胶囊	Pingfeng Shengmai Jiaonang	Oral
CPM04836	扑感片	Pugan Pian	Oral
CPM04837	蒲参胶囊	Pushen Jiaonang	Oral
CPM04838	蒲地蓝消炎胶囊	Pudilan Xiaoyan Jiaonang	Oral
CPM04839	蒲地蓝消炎口服液	Pudilan Xiaoyan Koufuye	Oral
CPM04840	蒲地蓝消炎片	Pudilan Xiaoyan Pian（Tangyi）	Oral
CPM04841	蒲公英胶囊	Pugongying Jiaonang	Oral
CPM04842	蒲公英颗粒	Pugongying Keli	Oral
CPM04843	蒲公英片	Pugongying Pian	Oral
CPM04844	蒲黄胶囊	Puhuang Jiaonang	Oral
CPM04845	蒲苓盆炎康颗粒	Puling Penyankang Keli	Oral
CPM04846	蒲郁胶囊	Puyu Jiaonang	Oral
CPM04847	蒲元和胃胶囊	Puyuan Hewei Jiaonang	Oral
CPM04848	朴沉化郁丸	Pochen Huayu Wan	Oral
CPM04849	普济丸	Puji Wan	Oral
CPM04850	普济痔疮栓	Puji Zhichuang Shuan	Topical
CPM04851	普乐安胶囊	Pulean Jiaonang	Oral
CPM04852	普乐安片	Pulean Pian	Oral
CPM04853	七宝美髯胶囊	Qibao Meiran Jiaonang	Oral
CPM04854	七宝美髯颗粒	Qibao Meiran Keli	Oral
CPM04855	七宝美髯口服液	Qibao Meiran Koufuye	Oral
CPM04856	七宝美髯丸	Qibaomeiran Wan	Oral
CPM04857	七鞭回春乐胶囊	Qibian Huichunle Jiaonang	Oral
CPM04858	七参连软膏	Qishenlian Ruangao	Topical
CPM04859	七厘胶囊	Qili Jiaonang	Oral
CPM04860	七厘散	Qili San	Oral
CPM04861	七生静片	Qishengjing Pian	Oral
CPM04862	七生力片	Qishengli Pian	Oral
CPM04863	七十味松石丸	Qishiwei Songshi Wan	Oral
CPM04864	七十味珍珠丸	Qishiwei Zhenzhu Wan	Oral
CPM04865	七味刺榆颗粒	Qiwei Ciyu Keli	Oral
CPM04866	七味苁蓉酒	Qiwei Congrong Jiu	Oral
CPM04867	七味地骨胶囊	Qiwei Digu Jiaonang	Oral
CPM04868	七味都气丸	Qiwei Duqi Wan	Oral
CPM04869	七味肝胆清胶囊	Qiwei Gandanqing Jiaonang	Oral
CPM04870	七味肝胆清颗粒	Qiwei Gandanqing Keli	Oral
CPM04871	七味广枣丸	Qiwei Guangzao Wan	Oral
CPM04872	七味诃子散	Qiwei Hezi San	Oral
CPM04873	七味红花殊胜散	Qiwei Honghua Shusheng San	Oral
CPM04874	七味红花殊胜丸	Qiwei Honghua Shusheng Wan	Oral
CPM04875	七味姜黄搽剂	Qiwei Janghuang Chaji	Topical
CPM04876	七味解毒活血膏	Qiwei Jiedu Huoxue Gao	Topical
CPM04877	七味解痛口服液	Qiwei Jietong Koufuye	Oral
CPM04878	七味榼藤子丸	Qiwei Ketengzi Wan	Oral
CPM04879	七味螃蟹甲丸	Qiwei Pangxiejia Wan	Oral
CPM04880	七味葡萄散	Qiwei Putao San	Oral
CPM04881	七味清咽气雾剂	Qiwei Qingyan Qiwuji	Topical
CPM04882	七味沙参汤散	Qiwei Shashen Tangsan	Oral
CPM04883	七味酸藤果丸	Qiwei Suantengguo Wan	Oral
CPM04884	七味糖脉舒胶囊	Qiwei Tangmaishu Jiaonang	Oral
CPM04885	七味糖脉舒片	Qiwei Tangmaishu Pian	Oral
CPM04886	七味天麻药酒	Qiwei Tianma Yaojiu	Oral
CPM04887	七味铁屑胶囊	Qiwei Tiexie Jiaonang	Oral
CPM04888	七味铁屑丸	Qiwei Tiexie Wan	Oral
CPM04889	七味通痹口服液	Qiwei Tongbi Koufuye	Oral
CPM04890	七味胃痛胶囊	Qiwei Weitong Jiaonang	Oral
CPM04891	七味温阳胶囊	Qiwei Wenyang Jiaonang	Oral
CPM04892	七味消渴胶囊	Qiwei Xiaoke Jiaonang	Oral
CPM04893	七味新消丸	Qiwei Xinxiao Wan	Oral
CPM04894	七味血病丸	Qiwei Xuebing Wan	Oral
CPM04895	七味养心健脾胶囊	Qiwei Yangxin Jianpi Jiaonang	Oral
CPM04896	七味益气胶囊	Qiwei Yiqi Jiaonang	Oral
CPM04897	七香止痛丸	Qixiang Zhitong Wan	Oral
CPM04898	七消丸	Qixao Wan	Oral
CPM04899	七星茶	Qixing Cha	Oral
CPM04900	七叶莲酊	Qiyelian Ding	Oral
CPM04901	七叶莲片	Qiyelian Pian	Oral
CPM04902	七叶神安分散片	Qiye Shenan Fensanpian	Oral
CPM04903	七叶神安片	Qiye Shen'an Pian	Oral
CPM04904	七珍丸	Qizhen Wan	Oral
CPM04905	七制香附丸	Qizhi Xiangfu Wan	Oral
CPM04906	七珠健胃茶	Qizhu Jianwei Cha	Oral
CPM04907	七子补肾酒	Qizi Bushen Jiu	Oral
CPM04908	七子填精口服液	Qizi Tianjing Koufuye	Oral
CPM04909	芪柏养心口服液	Qibai Yangxin Koufuye	Oral
CPM04910	芪贝胶囊	Qibei Jiaonang	Oral
CPM04911	芪参补血口服液	Qishen Buxue Koufuye	Oral
CPM04912	芪参虫草酒	Qishen Chongcao Jiu	Oral
CPM04913	芪参胶囊	Qishen Jiaonang	Oral
CPM04914	芪参益气滴丸	Qishen Yiqi Diwan	Oral
CPM04915	芪丹通络颗粒	Qidan Tongluo Keli	Oral
CPM04916	芪丹通脉片	Qidan Tongmai Pian	Oral
CPM04917	芪冬养血胶囊	Qidong Yangxue Jiaonang	Oral
CPM04918	芪冬颐心颗粒	Qidong Yixin Keli	Oral
CPM04919	芪冬颐心口服液	Qidong Yixin Koufuye	Oral
CPM04920	芪芳气血颗粒	Qifang Qixue Keli	Oral
CPM04921	芪风固表颗粒	Qifeng Gubiao Keli	Oral
CPM04922	芪风颗粒	Qifeng Keli	Oral
CPM04923	芪葛颗粒	Qige Keli	Oral
CPM04924	芪葛口服液	Qige Koufuye	Oral
CPM04925	芪归蝮蛇胶囊	Qigui Fushe Jiaonang	Oral
CPM04926	芪归胶囊	Qigui Jiaonang	Oral
CPM04927	芪归生血胶囊	Qigui Shengxue Jiaonang	Oral
CPM04928	芪斛楂颗粒	Qihuzha Keli	Oral
CPM04929	芪黄颗粒	Qihuang Keli	Oral
CPM04930	芪黄通秘软胶囊	Qihuang Tongmi Ruanjiaonang	Oral
CPM04931	芪黄消渴胶囊	Qihuang Xiaoke Jiaonang	Oral
CPM04932	芪甲利肺胶囊	Qijia lifei Jiaonang	Oral
CPM04933	芪胶升白胶囊	Qijiao Shengbai Jiaonang	Oral
CPM04934	芪蓝扶正颗粒	Qilan Fuzheng Keli	Oral
CPM04935	芪棱片	Qileng Pian	Oral
CPM04936	芪苈强心胶囊	Qili Qiangxin Jiaonang	Oral
CPM04937	芪连口服液	Qilian Koufuye	Oral
CPM04938	芪苓益气颗粒	Qiling Yiqi Keli	Oral
CPM04939	芪苓益气片	Qiling Yiqi Pian	Oral
CPM04940	芪龙胶囊	Qilong Jiaonang	Oral
CPM04941	芪鹿补血颗粒	Qilu Buxue Keli	Oral
CPM04942	芪鹿益肾片	Qilu Yishen Pian	Oral
CPM04943	芪明颗粒	Qiming Keli	Oral
CPM04944	芪蓉润肠口服液	Qirong Runchang Koufuye	Oral
CPM04945	芪三七活血颗粒	Qisanqi Huoxue Keli	Oral
CPM04946	芪桑益肝丸	Qisang Yigan Wan	Oral
CPM04947	芪麝丸	Qishe Wan	Oral
CPM04948	芪天扶正胶囊	Qitian Fuzheng Jiaonang	Oral
CPM04949	芪味糖平胶囊	Qiwei Tangping Jiaonang	Oral
CPM04950	芪仙补肾胶囊	Qixian Bushen Jiaonang	Oral
CPM04951	芪香益肾颗粒	Qixiang Yishen Keli	Oral
CPM04952	芪芎通络胶囊	Qixiong Tongluo Jiaonang。	Oral
CPM04953	芪药消渴胶囊	Qiyao Xiaoke Jiaonang	Oral
CPM04954	芪元益气补血口服液	Qiyuan Yiqi Buxue Koufuye	Oral
CPM04955	芪枣健胃茶	Qizao Jianwei Cha	Oral
CPM04956	芪枣颗粒	Qizao Keli	Oral
CPM04957	芪枣口服液	Qizao Koufuye	Oral
CPM04958	芪珍胶囊	Qizhen Jiaonang	Oral
CPM04959	芪蛭降糖胶囊	Qizhi Jiangtang Jiaonang	Oral
CPM04960	芪蛭降糖片	Qizhi Jiangtang Pian	Oral
CPM04961	芪蛭胶囊	Qizhi Jiaonang	Oral
CPM04962	奇应内消膏	Qiying Neixiao Gao	Topical
CPM04963	耆鹿逐痹胶囊	Qilu Zhubi Jiaonang	Oral
CPM04964	耆鹿逐痹口服液	Qilu Zhubi Koufuye	Oral
CPM04965	蕲蛇风湿酒	Qishe Fengshi Jiu	Oral
CPM04966	蕲蛇药酒	Qishe Yaojiu	Oral
CPM04967	麒麟丸	Qiin Wan	Oral
CPM04968	杞参补肾颗粒	Qishen Bushen Keli	Oral
CPM04969	杞黄益肾口服液	Qihuang Yishen Koufuye	Oral
CPM04970	杞菊地黄合剂	Qiju Dihuang Heji	Oral
CPM04971	杞菊地黄胶囊	Qiju Dihuang Jiaonang	Oral
CPM04972	杞菊地黄口服液	Qiju Dihuang Koufuye	Oral
CPM04973	杞菊地黄丸	Qiju Dihuang Wan	Oral
CPM04974	杞菊润目颗粒	Qiju Runmu Keli	Oral
CPM04975	杞鹿温肾胶囊	Qilu Wenshen Jiaonang	Oral
CPM04976	杞茸助阳口服液	Qirong Zhuyang Koufuye	Oral
CPM04977	杞蓉胶囊	Qirong Jiaonang	Oral
CPM04978	杞蓉片	Qirong Pian	Oral
CPM04979	杞蓉养血口服液	Qirong Yangxue Koufuye	Oral
CPM04980	杞蓉益精颗粒	Qirong Yijing Keli	Oral
CPM04981	杞天口服液	Qitian Koufuye	Oral
CPM04982	杞药消渴口服液	Qiyao Xiaoke Koufuye	Oral
CPM04983	杞枣口服液	Qizao Koufuye	Oral
CPM04984	启脾口服液	Qipi Koufuye	Oral
CPM04985	启脾丸	Qipi Wan	Oral
CPM04986	气管炎丸	Qiguanyan Wan	Oral
CPM04987	气管炎橡胶膏	Qiguanyan Xiangjiao Gao	Topical
CPM04988	气痛丸	Qitong Wan	Oral
CPM04989	气血春口服液	Qixuechun Koufuye	Oral
CPM04990	气血固本口服液	Qixue Guben Koufuye	Oral
CPM04991	气血和胶囊	Qixuehe Jiaonang	Oral
CPM04992	气血和片	Qixuehe Pian	Oral
CPM04993	气血康胶囊	Qixuekang Jiaonang	Oral
CPM04994	气血康口服液	Qixuekang Koufuye	Oral
CPM04995	气血康片	Qixuekang Pian	Oral
CPM04996	气血双补丸	Qixue Shuangbu Wan	Oral
CPM04997	气滞胃痛胶囊	Qizhi Weitong Jiaonang	Oral
CPM04998	气滞胃痛颗粒	Qizhi Weitong Keli	Oral
CPM04999	气滞胃痛片	Qizhi Weitong Pian	Oral
CPM05000	千柏鼻炎胶囊	Qianbai Biyan Jiaonang	Oral
CPM05001	千柏鼻炎片	Qianbai Biyan Pian	Oral
CPM05002	千斤肾安宁胶囊	Qianjin Shen'anning Jiaonang	Oral
CPM05003	千金保孕丸	Qianjin Baoyun Wan	Oral
CPM05004	千金茶	Qianjin Cha	Oral
CPM05005	千金散	Qianjin San	Oral
CPM05006	千金藤素片	Qianjin Tengsu Pian	Oral
CPM05007	千金止带丸	Qianjin Zhidai Wan	Oral
CPM05008	千里光胶囊	Qianliguang Jiaonang	Oral
CPM05009	千里光片	Qianliguang Pian	Oral
CPM05010	千山活血膏	Qian Shan Huo Xue Gao	Topical
CPM05011	千喜胶囊	Qianxi Jiaonang	Oral
CPM05012	千喜片	Qianxi Pian	Oral
CPM05013	千紫红胶囊	Qianzihong Jiaonang	Oral
CPM05014	千紫红颗粒	Qianzihong Keli	Oral
CPM05015	千紫红片	Qianzihong Pian	Oral
CPM05016	前列安栓	Qianliean Shuan	Topical
CPM05017	前列安通胶囊	Qianlieantong Jiaonang	Oral
CPM05018	前列安通片	Qian Lie An Tong Pian	Oral
CPM05019	前列倍喜胶囊	Qianlie Beixi Jiaonang	Oral
CPM05020	前列闭尔通栓	Qianlie Bi’ertong Shuan	Topical
CPM05021	前列桂黄片	Qianlie Guihuang Pian	Oral
CPM05022	前列回春胶囊	Qianliehuichun Jiaonang	Oral
CPM05023	前列回春片	Qianlie Huichun Pian	Oral
CPM05024	前列回春丸	Qianlie Huichun Wan	Oral
CPM05025	前列解毒胶囊	Qianliejiedu Jiaonang	Oral
CPM05026	前列金丹胶囊	Qianlie Jindan Jiaonang	Oral
CPM05027	前列癃闭通胶囊	Qianlie Longbitong Jiaonang	Oral
CPM05028	前列癃闭通颗粒	Qianlie Longbitong Keli	Oral
CPM05029	前列癃闭通片	Qianlie Longbitong Pian	Oral
CPM05030	前列宁胶囊	Qianliening Jiaonang	Oral
CPM05031	前列平胶囊	Qian Lie Ping Jiao Nang	Oral
CPM05032	前列舒胶囊	Qianlieshu Jiaonang	Oral
CPM05033	前列舒乐胶囊	Qianlie Shule Jiaonang	Oral
CPM05034	前列舒乐颗粒	Qianlie Shule Keli	Oral
CPM05035	前列舒乐泡腾片	Qianlieshule Paoteng Pian	Oral
CPM05036	前列舒乐片	Qianlie Shule Pian	Oral
CPM05037	前列舒乐软胶囊	Qianlieshule Ruanjiaonang	Oral
CPM05038	前列舒乐丸	Qianlieshule Wan	Oral
CPM05039	前列舒通胶囊	Qianlie Shutong Jiaonang	Oral
CPM05040	前列舒丸	Qianlieshu Wan	Oral
CPM05041	前列泰胶囊	Qianlietai Jiaonang	Oral
CPM05042	前列泰颗粒	Qianlietai Keli	Oral
CPM05043	前列泰片	Qianlietai Pian	Oral
CPM05044	前列泰丸	Qianlietai Wan	Oral
CPM05045	前列通胶囊	Qianlietong Jiaonang	Oral
CPM05046	前列通片	Qianlietong Pian	Oral
CPM05047	前列通栓	Qianlietong Shuan	Topical
CPM05048	前列通瘀胶囊	Qianlie Tongyu Jiangnang	Oral
CPM05049	前列通瘀片	Qianlie Tongyu Pian	Oral
CPM05050	前列消胶囊	Qianliexiao Jiaonang	Oral
CPM05051	前列欣胶囊	Qianliexin Jiaonang	Oral
CPM05052	茜女胶囊	Qiannv Jiaonang	Oral
CPM05053	茜芷胶囊	Qianzhi Jiaonang	Oral
CPM05054	茜芷片	Qianzhi Pian	Oral
CPM05055	羌黄祛痹颗粒	Qianghuang Qubi Keli	Oral
CPM05056	羌月乳膏	Qiangyue Rugao	Topical
CPM05057	强肝胶囊	Qianggan Jiaonang	Oral
CPM05058	强肝口服液	Qianggan Koufuye	Oral
CPM05059	强肝片	Qianggan Pian	Oral
CPM05060	强肝丸	Qianggan Wan	Oral
CPM05061	强骨胶囊	Qianggu Jiaonang	Oral
CPM05062	强骨生血口服液	Qianggu Shengxue Koufuye	Oral
CPM05063	强筋健骨胶囊	Qiangjin Jiangu Jiaonang	Oral
CPM05064	强筋健骨片	Qiangjin Jiangu Pian	Oral
CPM05065	强筋健骨丸	Qiangjin Jiangu Wan	Oral
CPM05066	强力定眩胶囊	Qiangli Dingxuan Jiaonang	Oral
CPM05067	强力定眩片	Qiangli Dingxuan Pian	Oral
CPM05068	强力蜂乳浆胶丸	Qiangli Fengrujiang Jiaowan	Oral
CPM05069	强力感冒片	Qiangli Ganmao Pian	Oral
CPM05070	强力健身胶囊	Qiangli Jianshen Jiaonang	Oral
CPM05071	强力康颗粒	Qianglikang Keli	Oral
CPM05072	强力脑清素片	Qiangli Naoqingsu Pian	Oral
CPM05073	强力脑心康胶囊	Qiangli Naoxinkang Jiaonang	Oral
CPM05074	强力脑心康口服液	Qiangli Naoxinkang Koufuye	Oral
CPM05075	强力脑心康片	Qiangli Naoxinkang Pian	Oral
CPM05076	强力宁胶囊	Qianglining Jiaonang	Oral
CPM05077	强力宁片	Qianglining Pian	Oral
CPM05078	强力枇杷膏	Qiangli Pipa Gao	Oral
CPM05079	强力枇杷胶囊	Qiangli Pipa Jiaonang	Oral
CPM05080	强力枇杷颗粒	Qiangli Pipa Keli	Oral
CPM05081	强力枇杷露	Qiangli Pipa Lu	Oral
CPM05082	强力枇杷软胶囊	Qiangli Pipa Ruanjiaonang	Oral
CPM05083	强力天麻杜仲胶囊	Qiangli Tianma Duzhong Jiaonang	Oral
CPM05084	强力天麻杜仲丸	Qiangli Tianma Duzhong Wan	Oral
CPM05085	强力止咳宁胶囊	Qiangli Zhikening Jiaonang	Oral
CPM05086	强力止咳宁片	Qiangli Zhikening Pian	Oral
CPM05087	强龙益肾胶囊	Qianglong Yishen Jiaonang	Oral
CPM05088	强龙益肾片	Qianglong Yishen Pian	Oral
CPM05089	强身合剂	Qiangshen Heji	Oral
CPM05090	强身健脑胶囊	Qiangshen Jiannao Jiaonang	Oral
CPM05091	强身健脑片	Qiangshen Jiannao Pian	Oral
CPM05092	强身胶囊	Qiangshen Jiaonang	Oral
CPM05093	强身酒	Qiangshen Jiu	Oral
CPM05094	强身颗粒	Qiangshen Keli	Oral
CPM05095	强身口服液	Qiangshen Koufuye	Oral
CPM05096	强身萝菠甫赛河里蜜膏	Qiangshen Luobopu Saiheli Migao	Oral
CPM05097	强身追风酒	Qiangshen Zhuifeng Jiu	Oral
CPM05098	强肾颗粒	Qiangshen Keli	Oral
CPM05099	强肾片	Qiangshen Pian	Oral
CPM05100	强肾养心胶囊	Qiangshen Yangxin Jiaonang	Oral
CPM05101	强肾镇痛丸	Qiangshen Zhentong Wan	Oral
CPM05102	强阳保肾丸	Qiangyang Baoshen Wan	Oral
CPM05103	强腰壮骨膏	Qiangyao Zhuanggu Gao	Topical
CPM05104	鞘蕊苏胶囊	Qiaoruisu Jiaonang	Oral
CPM05105	鞘蕊苏口服液	Qiaoruisu Koufuye	Oral
CPM05106	芩暴红止咳分散片	Qinbaohong Zhike Fensanpian	Oral
CPM05107	芩暴红止咳合剂	Qinbaohong Zhike Heji	Oral
CPM05108	芩暴红止咳胶囊	Qinbaohong Zhike Jiaonang	Oral
CPM05109	芩暴红止咳颗粒	Qinbaohong Zhike Keli	Oral
CPM05110	芩暴红止咳口服液	Qinbaohong Zhike Koufuye	Oral
CPM05111	芩暴红止咳糖浆	Qinbaohong Zhike Tangjiang	Oral
CPM05112	芩草止痢片	Qincao Zhili Pian	Oral
CPM05113	芩胆止咳片	Qindan Zhike Pian	Oral
CPM05114	芩黄喉症胶囊	Qinhuang Houzheng Jiaonang	Oral
CPM05115	芩连颗粒	Qinlian Keli	Oral
CPM05116	芩连片	Qinlian Pian	Oral
CPM05117	芩连丸	Qinlian Wan	Oral
CPM05118	芩苓子阴道灌注液	Qinlingzi Yindao Guanzhuye	Topical
CPM05119	芩翘口服液	Qinqiao Koufuye	Oral
CPM05120	芩桑金海颗粒	Qinsang Jinhai Keli	Oral
CPM05121	芩石利咽口服液	Qinshi Liyan Koufuye	Oral
CPM05122	芩玄解毒口服液	Qinxuan Jiedu Koufuye	Oral
CPM05123	芩芷鼻炎糖浆	Qinzhi Biyan Tangjiang	Oral
CPM05124	秦川通痹胶囊	Qinchuan Tongbi Jiaonang	Oral
CPM05125	秦川通痹片	Qinchuan Tongbi Pian	Oral
CPM05126	秦归活络口服液	Qingui Huoluo Koufuye	Oral
CPM05127	秦皮接骨胶囊	Qinpi Jiegu Jiaonang	Oral
CPM05128	秦皮接骨片	Qinpi Jiegu Pian	Oral
CPM05129	噙化上清片	Qinhua Shangqing Pian	Oral
CPM05130	噙化上清丸	Qinhua Shangqing Wan	Oral
CPM05131	青柏洁身洗液	Qingbai Jieshen Xiye	Topical
CPM05132	青黛	Qing Dai	Topical
CPM05133	青黛散	Qingdai San	Topical
CPM05134	青娥丸	Qing’e Wan	Oral
CPM05135	青果颗粒	Qingguo Keli	Oral
CPM05136	青果片	Qingguo Pian	Oral
CPM05137	青果丸	Qingguo Wan	Oral
CPM05138	青果止嗽丸	Qingguo Zhisou Wan	Oral
CPM05139	青蛤散	Qingge San	Topical
CPM05140	青蒿鳖甲片	Qinghao Biejia Pian	Oral
CPM05141	青蒿油软胶囊	Qinghaoyou Ruanjiaonang	Oral
CPM05142	青兰浸膏片	Qinglan Jingao Pian	Oral
CPM05143	青六散	Qingliu San	Oral
CPM05144	青龙蛇药片	Qinglong Sheyao Pian	Oral
CPM05145	青梅感冒颗粒	Qingmei Ganmao Keli	Oral
CPM05146	青鹏膏剂	Qingpeng Gaoji	Topical
CPM05147	青鹏软膏	Qingpeng Ruangao	Topical
CPM05148	青乳消颗粒	Qingruxiao Keli	Oral
CPM05149	青石颗粒	Qingshi Keli	Oral
CPM05150	青藤风湿酒	Qingteng Fengshi Jiu	Oral
CPM05151	青叶胆胶囊	Qingyedan Jiaonang	Oral
CPM05152	轻身减肥胶囊	Qingshen Jianfei Jiaonang	Oral
CPM05153	轻身消胖丸	Qingshen Xiaopang Wan	Oral
CPM05154	轻舒颗粒	Qingshu Keli	Oral
CPM05155	清艾条	Qingai Tiao	Topical
CPM05156	清痹通络药酒	Qingbi Tongluo Yaojiu	Oral
CPM05157	清便丸	Qingbian Wan	Oral
CPM05158	清肠通便胶囊	Qingchang Tongbian Jiaonang	Oral
CPM05159	清肺化痰丸	Qingfei Huatan Wan	Oral
CPM05160	清肺宁嗽丸	Qingfei Ningsou Wan	Oral
CPM05161	清肺散结丸	Qingfei Sanjie Wan	Oral
CPM05162	清肺十八味丸	Qingfei Shibawei Wan	Oral
CPM05163	清肺十三味散	Qingfei Shisanwei San	Oral
CPM05164	清肺消炎丸	Qingfei Xiaoyan Wan	Oral
CPM05165	清肺抑火膏	Qingfei Yihuo Gao	Oral
CPM05166	清肺抑火片	Qingfei Yihuo Pian	Oral
CPM05167	清肺抑火丸	Qingfei Yihuo Wan	Oral
CPM05168	清肺止咳丸	Qingfei Zhike Wan	Oral
CPM05169	清风油	Qingfeng You	Topical
CPM05170	清肤止痒酊	Qingfu Zhiyang Ding	Topical
CPM05171	清肝败毒丸	Qinggan Baidu Wan	Oral
CPM05172	清肝毒胶囊	Qinggandu Jiaonang	Oral
CPM05173	清肝二十七味丸	Qinggan Ershiqiwei Wan	Oral
CPM05174	清肝扶正胶囊	Qinggan Fuzheng Jiaonang	Oral
CPM05175	清肝健脾口服液	Qinggan Jianpi Koufuye	Oral
CPM05176	清肝降压胶囊	Qinggan Jiangya Jiaonang	Oral
CPM05177	清肝解毒片	Qinggan Jiedu Pian	Oral
CPM05178	清肝九味散	Qinggan Jiuwei San	Oral
CPM05179	清肝颗粒	Qinggan Keli	Oral
CPM05180	清肝利胆胶囊	Qinggan Lidan Jiaonang	Oral
CPM05181	清肝利胆颗粒	Qinggan Lidan Keli	Oral
CPM05182	清肝利胆口服液	Qinggan Lidan Koufuye	Oral
CPM05183	清肝片	Qinggan Pian	Oral
CPM05184	清肝七味散	Qinggan Qiwei San	Oral
CPM05185	清肝祛黄胶囊	Qinggan Quhuang Jiaonang	Oral
CPM05186	清肝注射液	Qinggan Zhusheye	Injection
CPM05187	清感穿心莲胶囊	Qinggan Chuanxinlian Jiaonang	Oral
CPM05188	清感穿心莲片	Qinggan Chuanxinlian Pian	Oral
CPM05189	清感九味丸	Qinggan Jiuwei Wan	Oral
CPM05190	清感丸	Qinggan Wan	Oral
CPM05191	清膈丸	Qingge Wan	Oral
CPM05192	清宫寿桃丸	Qinggong Shoutao Wan	Oral
CPM05193	清宫长春胶囊	Qinggong Changchun Jiaonang	Oral
CPM05194	清宫长春片	Qinggong Changchun Pian	Oral
CPM05195	清咳散	Qingke San	Topical
CPM05196	清喉利咽颗粒	Qinghou Liyan Keli	Oral
CPM05197	清喉散	Qinghou San	Topical
CPM05198	清喉咽冲剂	Qinghouyan Chongji	Oral
CPM05199	清喉咽合剂	Qinghouyan Heji	Oral
CPM05200	清喉咽颗粒	Qinghouyan Keli	Oral
CPM05201	清火胶囊	Qinghuo Jiaonang	Oral
CPM05202	清火片	Qinghuo Pian	Oral
CPM05203	清火爽口颗粒	Qinghuoshuangkou Keli	Oral
CPM05204	清火养元胶囊	Qinghuo Yangyuan Jiaonang	Oral
CPM05205	清火养元片	Qinghuo Yangyuan Pian	Oral
CPM05206	清火栀麦胶囊	Qinghuo Zhimai Jiaonang	Oral
CPM05207	清火栀麦片	Qinghuo Zhimai Pian	Oral
CPM05208	清火栀麦丸	Qinghuo Zhimai Wan	Oral
CPM05209	清降片	Qingjiang Pian（Baomoyi）	Oral
CPM05210	清降丸	Qingjiang Wan	Oral
CPM05211	清解颗粒	Qingjie Keli	Oral
CPM05212	清解片	Qingjie Pian	Oral
CPM05213	清解退热颗粒	Qingjie Tuire Keli	Oral
CPM05214	清金理嗽丸	Qingjin Lisou Wan	Oral
CPM05215	清金糖浆	Qingjin Tangjiang	Oral
CPM05216	清金止嗽化痰丸	Qingjin Zhisou Huatan Wan	Oral
CPM05217	清金止嗽西瓜膏	Qingjin Zhisou Xigua Gao	Oral
CPM05218	清经胶囊	Qingjing Jiaonang	Oral
CPM05219	清开灵滴丸	Qingkailing Diwan	Oral
CPM05220	清开灵分散片	Qingkailing Fensanpian	Oral
CPM05221	清开灵胶囊	Qingkailing jiaonang	Oral
CPM05222	清开灵颗粒	Qingkailing Keli	Oral
CPM05223	清开灵口服液	Qingkailing Koufuye	Oral
CPM05224	清开灵泡腾片	Qingkailing Paotengpian	Oral
CPM05225	清开灵片	Qingkailing Pian	Oral
CPM05226	清开灵软胶囊	Qingkailing Ruanjiaonang	Oral
CPM05227	清开灵注射液	Qingkailing Zhusheye	Injection
CPM05228	清凉防暑颗粒	Qingliang Fangshu Keli	Oral
CPM05229	清凉含片	Qingliang Hanpian	Oral
CPM05230	清凉喉片	Qingliang Houpian	Oral
CPM05231	清凉眼药膏	Qingliang Yanyao Gao	Topical
CPM05232	清凉油	Qingliang You	Topical
CPM05233	清凉止痒搽剂	Qingliang Zhiyang Chaji	Topical
CPM05234	清淋颗粒	Qinglin Keli	Oral
CPM05235	清淋片	Qinglin Pian	Oral
CPM05236	清脑复神液	Qingnao Fushen Ye	Oral
CPM05237	清脑降压胶囊	Qingnao Jiangya Jiaonang	Oral
CPM05238	清脑降压颗粒	Qingnao Jiangya Keli	Oral
CPM05239	清脑降压片	Qingnao Jiangya Pian	Oral
CPM05240	清脑止痛胶囊	Qingnao Zhitong Jiaonang	Oral
CPM05241	清宁丸	Qingning Wan（Nongsuo Wan）	Oral
CPM05242	清平颗粒	Qingping Keli	Oral
CPM05243	清气化痰丸	Qingqi Huatan Wan（Nongsuo Wan）	Oral
CPM05244	清热安宫丸	Qingre Angong Wan	Oral
CPM05245	清热暗疮胶囊	Qingre Anchuang Jiaonang	Oral
CPM05246	清热暗疮片	Qingre Anchuang Pian	Oral
CPM05247	清热暗疮丸	Qingre Anchuang Wan	Oral
CPM05248	清热八味胶囊	Qingre Bawei Jiaonang	Oral
CPM05249	清热八味散	Qingre Bawei San	Oral
CPM05250	清热八味丸	Qingre Bawei Wan	Oral
CPM05251	清热除湿止泻合剂	Qingre Chushi Zhixie Heji	Oral
CPM05252	清热除湿止泻颗粒	Qingre Chushi Zhixie Keli	Oral
CPM05253	清热导滞散	Qingre Daozhi San	Oral
CPM05254	清热地黄丸	Qingre Dihuang Wan	Oral
CPM05255	清热定惊散	Qingre Dingjing San	Oral
CPM05256	清热二十三味散	Qingre Ershisanwei San	Oral
CPM05257	清热二十五味丸	Qingre Ershiwuwei Wan	Oral
CPM05258	清热感冒颗粒	Qingre Ganmao Keli	Oral
CPM05259	清热化毒丸	Qingre Huadu Wan	Oral
CPM05260	清热化湿口服液	Qingre Huashi Koufuye	Oral
CPM05261	清热解毒合剂	Qingre Jiedu Heji	Oral
CPM05262	清热解毒胶囊	Qingre Jiedu Jiaonang	Oral
CPM05263	清热解毒颗粒	Qingre Jiedu Keli	Oral
CPM05264	清热解毒口服液	Qingre Jiedu Koufuye	Oral
CPM05265	清热解毒泡腾片	Qingre Jiedu Paoteng Pian	Oral
CPM05266	清热解毒片	Qingre Jiedu Pian	Oral
CPM05267	清热解毒软胶囊	Qingre Jiedu Ruanjiaonang	Oral
CPM05268	清热解毒糖浆	Qingre Jiedu Tangjiang	Oral
CPM05269	清热解毒注射液	Qingre Jiedu Zhusheye	Injection
CPM05270	清热卡森胶囊	Qingre Kasen Jiaonang	Oral
CPM05271	清热卡森颗粒	Qingre Kasen Keli	Oral
CPM05272	清热利胆颗粒	Qingre Lidan Keli	Oral
CPM05273	清热利咽茶	Qingre Liyan Cha	Oral
CPM05274	清热凉茶	Qingre Liangcha	Oral
CPM05275	清热凉血丸	Qingre Liangxue Wan	Oral
CPM05276	清热灵颗粒	Qingreling Keli	Oral
CPM05277	清热明目茶	Qingre Mingmu Cha	Oral
CPM05278	清热祛湿颗粒	Qingre Qushi Keli	Oral
CPM05279	清热去湿茶	Qingre Qushi Cha	Oral
CPM05280	清热去湿胶囊	Qingre Qushi Jiaonang	Oral
CPM05281	清热去湿片	Qingre Qushi Pian	Oral
CPM05282	清热散结胶囊	Qingre Sanjie Jiaonang	Oral
CPM05283	清热散结片		Oral
CPM05284	清热神芎丸	Qingre Shenxiong Wan	Oral
CPM05285	清热通淋胶囊	Qingre Tonglin Jiaonang	Oral
CPM05286	清热通淋片	Qingre Tonglin Pian	Oral
CPM05287	清热通淋丸	Qingre Tonglin Wan	Oral
CPM05288	清热丸	Qingre Wan	Oral
CPM05289	清热消炎宁片	Qingre Xiaoyanning Pian	Oral
CPM05290	清热消炎宁软胶囊	Qingre Xiaoyanning Ruanjiaonang	Oral
CPM05291	清热醒脑灵片	Qingre Xingnaoling Pian	Oral
CPM05292	清热银花糖浆	Qingre Yinhua Tangjiang	Oral
CPM05293	清热镇咳糖浆	Qingre Zhenke Tangjiang	Oral
CPM05294	清热镇惊散	Qingre Zhenjing San	Oral
CPM05295	清热止咳颗粒	Qingre Zhike Keli	Oral
CPM05296	清热止痛三味汤散	Qingre Zhitong Sanweitang San	Oral
CPM05297	清热止痒洗剂	Qingre Zhiyang Xiji	Topical
CPM05298	清热治痢丸	Qingre Zhili Wan	Oral
CPM05299	清润丸	Qingrun Wan	Oral
CPM05300	清身饮颗粒	Qingshenyin Keli	Oral
CPM05301	清舒油软膏	Qingshuyou Ruangao	Topical
CPM05302	清暑解毒颗粒	Qingshu Jiedu Keli	Oral
CPM05303	清暑益气丸	Qingshu Yiqi Wan	Oral
CPM05304	清胃和中丸	Qingwei Hezhong Wan	Oral
CPM05305	清胃黄连片	Qingwei Huanglian Pian	Oral
CPM05306	清胃黄连丸	Qingwei Huanglian Wan	Oral
CPM05307	清胃丸	Qingwei Wan	Oral
CPM05308	清胃消渴胶囊	Qingwei Xiaoke Jiaonang	Oral
CPM05309	清胃止痛微丸	Qingwei Zhitong Weiwan	Oral
CPM05310	清瘟解毒片	Qingwen Jiedu Pian	Oral
CPM05311	清瘟解毒丸	Qingwen Jiedu Wan	Oral
CPM05312	清瘟消肿九味丸	Qingwen Xiaozhong Jiuwei Wan	Oral
CPM05313	清瘟止痛十一味丸	Qingwen Zhitong Shiyiwei Wan	Oral
CPM05314	清涎快膈丸	Qingxian Kuaige Wan	Oral
CPM05315	清泻丸	Qingxie Wan	Oral
CPM05316	清心沉香八味散	Qingxin Chenxiang Bawei San	Oral
CPM05317	清心沉香八味丸	Qingxin Chenxiang Bawei Wan	Oral
CPM05318	清心滚痰丸	Qingxin Guntan Wan	Oral
CPM05319	清心明目上清丸	Qingxin Mingmu Shangqing Wan	Oral
CPM05320	清心牛黄片	Qingxin Niuhuang Pian	Oral
CPM05321	清心丸	Qingxin Wan	Oral
CPM05322	清宣止咳颗粒	Qingxuan Zhike Keli	Oral
CPM05323	清眩片	Qingxuan Pian	Oral
CPM05324	清眩丸	Qingxuan Wan	Oral
CPM05325	清眩治瘫丸	Qingxuan Zhitan Wan	Oral
CPM05326	清血八味胶囊	Qingxue Bawei Jiaonang	Oral
CPM05327	清血八味片	Qingxue Bawei Pian	Oral
CPM05328	清血内消丸	Qingxue Neixiao Wan	Oral
CPM05329	清咽滴丸	Qingyan Diwan	Oral
CPM05330	清咽利膈丸	Qingyan Lige Wan	Oral
CPM05331	清咽利喉茶	Qingyan Lihou Cha	Oral
CPM05332	清咽六味散	Qingyan Liuwei San	Oral
CPM05333	清咽片	Qingyan Pian	Oral
CPM05334	清咽润喉丸	Qingyan Runhou Wan	Oral
CPM05335	清咽舒茶	Qingyanshu Cha	Oral
CPM05336	清咽丸	Qingyan Wan（Damiwan）	Oral
CPM05337	清咽抑火丸	Qingyan Yihuo Wan	Oral
CPM05338	清咽饮茶	Qingyanyin Cha	Oral
CPM05339	清胰利胆颗粒	Qingyi Lidan Keli	Oral
CPM05340	清胰利胆片	Qingyi Lidan Pian	Oral
CPM05341	清胰利胆丸	Qingyi Lidan Wan	Oral
CPM05342	清音丸	Qingyin Wan	Oral
CPM05343	清燥润肺合剂	Qingzao Runfei Heji	Oral
CPM05344	清脂胶囊	Qingzhi Jiaonang	Oral
CPM05345	清浊祛毒丸	Qingzhuo Qudu Wan	Oral
CPM05346	情安喘定片	Qing’an Chuanding Pian	Oral
CPM05347	琼玉膏	Qiongyu Gao	Oral
CPM05348	秋梨润肺膏	Qiuli Runfei Gao	Oral
CPM05349	秋水健脾散	Qiushui Jianpi San	Oral
CPM05350	秋泻灵合剂	Qiuxieling Heji	Oral
CPM05351	秋泻灵颗粒	Qiuxieling Keli	Oral
CPM05352	秋燥感冒颗粒	Qiuzao Ganmao Keli	Oral
CPM05353	曲麦枳术丸	Qumai Zhizhu Wan	Oral
CPM05354	驱白巴布期片	Qubai Babuqi pian	Oral
CPM05355	驱白马日白热斯丸	Qubaimari Bairesi Wan	Oral
CPM05356	驱虫斑鸠菊注射液	Quchongbanjiuju Zhusheye	Injection
CPM05357	驱虫消食片	Quchong Xiaoshi Pian	Oral
CPM05358	驱毒养颜口服液	Qudu Yangyan Koufuye	Oral
CPM05359	驱风保济油	Qufeng Baoji You	Topical
CPM05360	驱风蛇酒	Qufeng Shenjiu	Oral
CPM05361	驱风苏合丸	Qufeng Suhe Wan	Oral
CPM05362	驱风通络药酒	Qufeng Tongluo Yaojiu	Oral
CPM05363	驱风痛片	Qufengtong Pian	Oral
CPM05364	驱风药酒	Qufeng Yaojiu	Oral
CPM05365	驱风液	Qufeng Ye	Oral
CPM05366	驱风油	Qufeng You	Topical
CPM05367	祛斑调经胶囊	Quban Tiaojing Jiaonang	Oral
CPM05368	祛痹舒肩丸	Qubi Shujian Wan	Oral
CPM05369	祛风除湿药酒	Qufeng Chushi Yaojiu	Oral
CPM05370	祛风骨痛巴布膏	Qufeng Gutong Babugao	Topical
CPM05371	祛风化痰丸	Qufeng Huatan Wan	Oral
CPM05372	祛风湿膏	Qufengshi Gao	Topical
CPM05373	祛风湿药酒	Qufengshi Yaojiu	Oral
CPM05374	祛风湿止痛散	Qufengshi Zhitong San	Topical
CPM05375	祛风舒筋丸	Qufeng Shujin Wan	Oral
CPM05376	祛风通络酒	Qufeng Tongluo Jiu	Oral
CPM05377	祛风息痛丸	Qufeng Xitong Wan	Oral
CPM05378	祛风止痛胶囊	Qufeng Zhitong Jiaonang	Oral
CPM05379	祛风止痛片	Qufeng Zhitong Pian	Oral
CPM05380	祛风止痛丸	Qufeng Zhitong Wan	Oral
CPM05381	祛风止痒口服液	Qufeng Zhiyang Koufuye	Oral
CPM05382	祛腐二香栓	Qufu Erxiang Shuan	Topical
CPM05383	祛伤消肿酊	Qushang Xiaozhong Ding	Topical
CPM05384	祛暑露	Qushu Lu	Oral
CPM05385	祛暑片	Qushu Pian	Oral
CPM05386	祛暑丸	Qushu Wan	Oral
CPM05387	祛痰灵口服液	Qutanling Koufuye	Oral
CPM05388	祛痰平喘片	Qutan Pingchuan Pian	Oral
CPM05389	祛痰止咳胶囊	Qutan Zhike Jiaonang	Oral
CPM05390	祛痰止咳颗粒	Qutan Zhike Keli	Oral
CPM05391	祛痛健身膏	Qutong Jianshen Gao	Topical
CPM05392	祛痛橡胶膏	Qutong Xiangjiaogao	Topical
CPM05393	祛瘀健脾茶	Quyu Jianpi Cha	Oral
CPM05394	祛瘀散结胶囊	Quyusanjie Jiaonang	Oral
CPM05395	祛瘀散结片	Quyu Sanjie Pian	Oral
CPM05396	祛瘀益胃胶囊	Quyu Yiwei Jiaonang	Oral
CPM05397	祛瘀益胃片	Quyu Yiwei Pian	Oral
CPM05398	祛瘀止痛酒	Quyu Zhitong Jiu	Topical
CPM05399	祛浊茶	Quzhuo Cha	Oral
CPM05400	祛浊降脂茶	Quzhuo Jiangzhi Cha	Oral
CPM05401	祛浊胶囊	Quzhuo Jiaonang	Oral
CPM05402	龋齿宁含片	Quchining Hanpian	Oral
CPM05403	去感热口服液	Quganre Koufuye	Oral
CPM05404	全杜仲胶囊	Quanduzhong Jiaonang	Oral
CPM05405	全龟胶囊	Quangui Jiaonang	Oral
CPM05406	全龟片	Quangui Pian	Oral
CPM05407	全鸡拔毒膏	Quanji Badu Gao	Topical
CPM05408	全甲鱼胶囊	Quanjiayu Jiaonang	Oral
CPM05409	全鹿大补丸	Quanlu Dabu Wan	Oral
CPM05410	全鹿片	Quanlu Pian	Oral
CPM05411	全鹿丸	Quanlu Wan	Oral
CPM05412	全天麻胶囊	Quantianma Jiaonang	Oral
CPM05413	全天麻咀嚼片	Quantianma Jujuepian	Oral
CPM05414	全天麻片	Quantianma Pian	Oral
CPM05415	泉州百草曲	Quanzhou Baicao Qu	Oral
CPM05416	泉州茶饼	Quanzhou Chabing	Oral
CPM05417	热毒宁注射液	Reduning Zhusheye	Injection
CPM05418	热毒平胶囊	Reduping Jiaonang	Oral
CPM05419	热毒平颗粒	Reduping Keli	Oral
CPM05420	热毒清锭	Reduqing Ding	Oral
CPM05421	热毒清片	Reduqing Pian	Oral
CPM05422	热痱搽剂	Refei Chaji	Topical
CPM05423	热感清喷雾剂	Reganqing Penwuji	Topical
CPM05424	热感赛比斯坦颗粒	Regan Saibisitan Keli	Oral
CPM05425	热可平注射液	Rekeping Zhusheye	Injection
CPM05426	热淋清咀嚼片	Relinqing Jujue Pian	Oral
CPM05427	热淋清糖浆	Relinqing Tangjiang	Oral
CPM05428	热炎宁合剂	Reyanning Heji	Oral
CPM05429	热炎宁胶囊	Reyanning Jiaonang	Oral
CPM05430	热炎宁颗粒	Reyanning Keli	Oral
CPM05431	热炎宁片	Reyanning Pian	Oral
CPM05432	人参败毒胶囊	Renshen Baidu Jiaonang	Oral
CPM05433	人参保肺丸	Renshen Baofei Wan	Oral
CPM05434	人参北芪胶囊	Renshen Beiqi Jiaonang	Oral
CPM05435	人参北芪片	Renshen Beiqi Pian	Oral
CPM05436	人参鳖甲煎丸	Renshen Biejiajian Wan	Oral
CPM05437	人参补膏	Renshenbugao	Oral
CPM05438	人参补气胶囊	Renshen Buqi Jiaonang	Oral
CPM05439	人参补丸	Renshen Buwan	Oral
CPM05440	人参袋泡茶	Renshen Daipaocha	Oral
CPM05441	人参当归颗粒	Renshen Danggui Keli	Oral
CPM05442	人参蜂王浆胶囊	Renshen Fengwangjiang Jiaonang	Oral
CPM05443	人参蜂王浆咀嚼片	Renshen Fengwangjiang Jujuepian	Oral
CPM05444	人参固本口服液	Renshen Guben Koufuye	Oral
CPM05445	人参固本丸	Renshen Guben Wan（Shuimiwan）	Oral
CPM05446	人参归脾丸	Renshen Guipi Wan	Oral
CPM05447	人参合剂	Renshen Koufuye	Oral
CPM05448	人参健脾片	Renshen Jianpi Pian	Oral
CPM05449	人参健脾丸	Renshen Jianpi Wan	Oral
CPM05450	人参茎叶皂苷胶囊	Renshenjingyezaogan Jiaonang	Oral
CPM05451	人参茎叶皂苷片	Renshen Jingye Zaogan Pian	Oral
CPM05452	人参茎叶总皂苷片	Renshen Jingye Zongzaogan Pian	Oral
CPM05453	人参灵芝胶囊	Renshen Lingzhi Jiaonang	Oral
CPM05454	人参鹿茸丸	Renshen Lurong Wan	Oral
CPM05455	人参女金丸	Renshen Nvjin Wan	Oral
CPM05456	人参片	Renshen Pian	Oral
CPM05457	人参首乌胶囊	Renshen Shouwu Jiaonang	Oral
CPM05458	人参首乌精	Renshen Shouwu Jing	Oral
CPM05459	人参首乌片	Renshen Shouwu Pian	Oral
CPM05460	人参糖肽	Renshen Tangtai	Injection
CPM05461	人参天麻蜂王浆口服液	Renshen Tianma Fengwangjiang Koufuye	Oral
CPM05462	人参天麻药酒	Renshen Tianma Yaojiu	Oral
CPM05463	人参卫生丸	Renshen Weisheng Wan	Oral
CPM05464	人参五味子颗粒	Renshen Wuweizi Keli	Oral
CPM05465	人参五味子糖浆	Renshen Wuweizi Tangjiang	Oral
CPM05466	人参养荣膏	Renshen Yangrong Gao	Oral
CPM05467	人参养荣丸	Renshen Yangrong Wan	Oral
CPM05468	人参药酒	Renshen Yaojiu	Oral
CPM05469	人参益母丸	Renshen Yimu Wan	Oral
CPM05470	人参再造丸	Renshen Zaizao Wan（Nongsuo Wan ）	Oral
CPM05471	人参珍珠口服液	Renshen Zhenzhu Koufuye	Oral
CPM05472	人丹	Ren Dan	Oral
CPM05473	人工虎骨粉	Rengong Hugu Fen	Oral
CPM05474	人工牛黄	Rengong Niuhuang	Oral
CPM05475	人工牛黄片	Rengong Niuhuang Pian	Oral
CPM05476	人工麝香	Rengong Shexiang	Oral
CPM05477	人知降糖胶囊	Renzhi Jiangtang Jiaonang	Oral
CPM05478	仁丹	Rendan	Oral
CPM05479	仁青常觉	Renqingchangjue	Oral
CPM05480	仁青芒觉	Renqingmangjue	Oral
CPM05481	仁青芒觉胶囊	Renqing Mangjue Jiaonang	Oral
CPM05482	忍冬感冒颗粒	Rendong Ganmao Keli	Oral
CPM05483	日晒防治膏	Rishai Fangzhi Gao	Topical
CPM05484	日舒安湿巾	Rishu'an Shijin	Topical
CPM05485	日舒安洗液	Rishu'an Xiye	Topical
CPM05486	茸参补肾胶囊	Rongshen Bushen Jiaonang	Oral
CPM05487	茸参益肾胶囊	Rongshen Yishen Jiaonang	Oral
CPM05488	茸地益肾胶囊	Rongdi Yishen Jiaonang	Oral
CPM05489	茸地益肾口服液	Rongdi Yishen Koufuye	Oral
CPM05490	茸桂补肾口服液	Ronggui Bushen Koufuye	Oral
CPM05491	茸蛤益肾合剂	Rongge Yishen Heji	Oral
CPM05492	茸坤丸	Rongkun Wan	Oral
CPM05493	茸芪益肾口服液	Rongqi Yishen Koufuye	Oral
CPM05494	茸杞补肾健脾茶	Rongqi Bushen Jianpi Cha	Oral
CPM05495	茸蓉补肾口服液	Rongrong Bushen Koufuye	Oral
CPM05496	茸术口服液	Rongzhu Koufuye	Oral
CPM05497	茸血安神丸	Rongxue Anshen Wan	Oral
CPM05498	茸血补脑液	Rongxue Bunao Ye	Oral
CPM05499	茸血补心丸	Rongxue Buxin Wan	Oral
CPM05500	茸萸补肾口服液	Rongyu Bushen Koufuye	Oral
CPM05501	荣发胶囊	Rongfa Jiaonang	Oral
CPM05502	荣心丸	Rongxin Wan	Oral
CPM05503	蓉丹口服液	Rongdan Koufuye	Oral
CPM05504	蓉蛾益肾口服液	Rong'e Yishen Koufuye	Oral
CPM05505	蓉杞参胶囊	Rongqishen Jiaonang	Oral
CPM05506	蓉仙口服液	Rongxian Koufuye	Oral
CPM05507	蓉芝益肾合剂	Rongzhi Yishen Heji	Oral
CPM05508	溶栓胶囊	Rongshuan Jiaonang	Oral
CPM05509	溶栓脑通胶囊	Rongshuan Naotong Jiaonang	Oral
CPM05510	溶栓片	Rongshuan Pian	Oral
CPM05511	柔肝健脾口服液	Rougan Jianpi Koufuye	Oral
CPM05512	柔肝解毒口服液	Rougan Jiedu Koufuye	Oral
CPM05513	柔肝解毒片	Rougan Jiedu Pian	Oral
CPM05514	柔肝顺气丸	Rougan Shunqi Wan	Oral
CPM05515	肉桂油	Rougui You	Oral
CPM05516	肉蔻四神丸	Roukou Sishen Wan	Oral
CPM05517	肉蔻五味丸	Roukou Wuwei Wan	Oral
CPM05518	如意定喘片	Ruyi Dingchuan Pian	Oral
CPM05519	如意定喘丸	Ruyi Dingchuan Wan	Oral
CPM05520	如意金黄散	Ruyi Jinhuang San	Topical
CPM05521	如意油	Ruyi You	Topical
CPM05522	如意珍宝胶囊	Ruyi Zhenbao Jiaonang	Oral
CPM05523	如意珍宝片	Ruyi Zhenbao Pian	Oral
CPM05524	如意珍宝丸	Ruyi Zhenbao Wan	Oral
CPM05525	乳安胶囊	Ru‘an Jiaonang	Oral
CPM05526	乳安片	Ru'an Pian	Oral
CPM05527	乳安丸	Ru'an Wan	Oral
CPM05528	乳疮丸	Ruchuang Wan	Oral
CPM05529	乳核内消胶囊	Ruhe Neixiao Jiaonang	Oral
CPM05530	乳核内消颗粒	Ruhe Neixiao Keli	Oral
CPM05531	乳核内消片	Ruhe Neixiao Pian	Oral
CPM05532	乳核内消丸	Ruhe Neixiao Wan	Oral
CPM05533	乳核内消液	Ruhe Neixiao Ye	Oral
CPM05534	乳核散结胶囊	Ruhe Sanjie Jiaonang	Oral
CPM05535	乳核散结片	Ruhe Sanjie Pian	Oral
CPM05536	乳疾灵胶囊	Rujiling Jiaonang	Oral
CPM05537	乳疾灵颗粒	Rujiling Keli	Oral
CPM05538	乳结康丸	Rujiekang Wan	Oral
CPM05539	乳结泰胶囊	Rujietai Jiaonang	Oral
CPM05540	乳康胶囊	Rukang Jiaonang	Oral
CPM05541	乳康颗粒	Rukang Keli	Oral
CPM05542	乳康片	Rukang Pian	Oral
CPM05543	乳康软胶囊	Rukang Ruanjiaonang	Oral
CPM05544	乳康舒胶囊	Rukangshu Jiaonang	Oral
CPM05545	乳康丸	Rukang Wan	Oral
CPM05546	乳块消胶囊	Rukuaixiao Jiaonang	Oral
CPM05547	乳块消颗粒	Rukuaixiao Keli	Oral
CPM05548	乳块消口服液	Rukuaixiao Koufuye	Oral
CPM05549	乳块消浓缩丸	Rukuaixiao Nongsuo Wan	Oral
CPM05550	乳块消片	Rukuaixiao Pian	Oral
CPM05551	乳块消软胶囊	Rukuaixiao Ruanjiaonang	Oral
CPM05552	乳块消糖浆	Rukuaixiao Tangjiang	Oral
CPM05553	乳块消贴膏	Rukuaixiao Tiegao	Topical
CPM05554	乳块消丸	Rukuaixiao Wan	Oral
CPM05555	乳鹿膏	Rulu Gao	Oral
CPM05556	乳宁胶囊	Runing Jiaonang	Oral
CPM05557	乳宁颗粒		Oral
CPM05558	乳宁片	Runing Pian	Oral
CPM05559	乳宁丸	Runing Wan	Oral
CPM05560	乳癖康胶囊	Rupikang Jiaonang	Oral
CPM05561	乳癖康片	Rupikang Pian	Oral
CPM05562	乳癖清胶囊	Rupiqing Jiaonang	Oral
CPM05563	乳癖清片	Rupiqing Pian	Oral
CPM05564	乳癖散结胶囊	Rupi Sanjie Jiaonang	Oral
CPM05565	乳癖散结颗粒	Rupi Sanjie Keli	Oral
CPM05566	乳癖散结片	Rupi Sanjie Pian	Oral
CPM05567	乳癖舒胶囊	Rupishu Jiaonang	Oral
CPM05568	乳癖舒片	Rupishu Pian	Oral
CPM05569	乳癖消胶囊	Rupixiao Jiaonang	Oral
CPM05570	乳癖消颗粒	Rupixiao Keli	Oral
CPM05571	乳癖消片	Rupixiao Pian	Oral
CPM05572	乳癖消贴膏	Rupixiao Tiegao	Topical
CPM05573	乳癖消丸	Rupixiao Wan	Oral
CPM05574	乳泉颗粒	Ruquan Keli	Oral
CPM05575	乳泰胶囊	Rutai Jiaonang	Oral
CPM05576	乳腺康注射液	Ruxiankang Zhusheye	Injection
CPM05577	乳香风湿气雾剂	Ruxiang Fengshi Qiwuji	Topical
CPM05578	乳增宁胶囊	Ruzengning Jiaonang	Oral
CPM05579	乳增宁片	Ruzengning Pian	Oral
CPM05580	阮氏上清丸	Ruanshi Shangqing Wan	Oral
CPM05581	软坚口服液	Ruanjian Koufuye	Oral
CPM05582	软坚药水	Ruanjian Yaoshui	Topical
CPM05583	软脉灵口服液	Ruanmailing Koufuye	Oral
CPM05584	瑞草油	Ruicao You	Topical
CPM05585	瑞花油	Ruihua You	Topical
CPM05586	润肠胶囊	Runchang Jiaonang	Oral
CPM05587	润肠宁神膏	Runchang Ningshen Gao	Oral
CPM05588	润肠软胶囊	Runchang Ruanjiaonang	Oral
CPM05589	润肠通秘茶	Runchang Tongbi Cha	Oral
CPM05590	润肠丸	Runchang Wan（Nongsuo Wan）	Oral
CPM05591	润肠丸浓缩丸	Runchang Wan Nongsuo Wan	Oral
CPM05592	润畅胶囊	Runchang Jiaonang	Oral
CPM05593	润肺膏	Runfei Gao	Oral
CPM05594	润肺化核膏	Runfei Huahe Gao	Topical
CPM05595	润肺化痰丸		Oral
CPM05596	润肺止咳合剂	Runfei Zhike Heji	Oral
CPM05597	润肺止咳胶囊	Runfei Zhike Jiaonang	Oral
CPM05598	润肺止嗽丸	Runfei Zhisou Wan	Oral
CPM05599	润喉丸	Runhou Wan	Oral
CPM05600	润喉药茶	Runhou Yaocha	Oral
CPM05601	润肌皮肤膏	Runji Pifu Gao	Topical
CPM05602	润通丸	Runtong Wan	Oral
CPM05603	润伊容胶囊	Runyirong Jiaonang	Oral
CPM05604	润伊容口服液	Runyirong Koufuye	Oral
CPM05605	润燥止痒胶囊	Runzao Zhiyang Jiaonang	Oral
CPM05606	萨热大鹏丸	Sare Dapeng Wan	Oral
CPM05607	萨热十三味鹏鸟丸	Sare Shisanwei Pengniao Wan	Oral
CPM05608	腮腺宁糊剂	Saixianning Huji	Topical
CPM05609	腮腺炎片	Saixianyan Pian	Oral
CPM05610	塞隆风湿酒	Sailong Fengshi Jiu	Oral
CPM05611	塞隆风湿软胶囊	Sailong Fengshi Ruanjiaonang	Oral
CPM05612	塞雪风湿胶囊	Saixue Fengshi Jiaonang	Oral
CPM05613	赛金化毒散	Saijin Huadu San	Oral
CPM05614	赛空青眼药	Saikongqing Yanyao	Topical
CPM05615	赛霉安乳膏	Saimeian Rugao	Topical
CPM05616	赛霉安散	Saimeian San	Topical
CPM05617	赛胃安胶囊	Saiwei'an Jiaonang	Oral
CPM05618	三拗片	Sanao Pian	Oral
CPM05619	三白草肝炎糖浆	Sanbaicao Ganyan Tangjiang	Oral
CPM05620	三宝胶囊	Sanbao Jiaonang	Oral
CPM05621	三宝片	Sanbao Pian	Oral
CPM05622	三痹热宝熨剂	Sanbi Rebao Yunji	Topical
CPM05623	三鞭补酒	Sanbian Bujiu	Oral
CPM05624	三鞭参茸固本丸	Sanbian Shenrong Guben Wan	Oral
CPM05625	三鞭胶囊	Sanbian Jiaonang	Oral
CPM05626	三鞭酒	Sanbian Jiu	Oral
CPM05627	三鞭温阳胶囊	Sanbian Wenyang Jiaonang	Oral
CPM05628	三才封髓丸	Sancai Fengsui Wan	Oral
CPM05629	三参降脂液	Sanshen Jiangzhi Ye	Oral
CPM05630	三参芪口服液	Sanshenqi Koufuye	Oral
CPM05631	三参通脉合剂	Sanshen Tongmai Heji	Oral
CPM05632	三参益气口服液	Sanshen Yiqi Koufuye	Oral
CPM05633	三层茴香丸	Sanceng Huixiang Wan	Oral
CPM05634	三臣胶囊	Sanchen Jiaonang	Oral
CPM05635	三臣散	Sanchen San	Oral
CPM05636	三臣丸	Sanchen Wan	Oral
CPM05637	三分三浸膏片	Sanfensan Jingao Pian	Oral
CPM05638	三果汤含片	Sanguotang Hanpian	Oral
CPM05639	三果汤散	Sanguotang San	Oral
CPM05640	三号蛇胆川贝片	Sanhao Shedan Chuanbei Pian	Oral
CPM05641	三花茶	Sanhua Cha	Oral
CPM05642	三花接骨散	Sanhua Jiegu San	Oral
CPM05643	三黄膏	Sanhuang Gao	Topical
CPM05644	三黄片	Sanhuang Pian	Oral
CPM05645	三黄清解胶囊	Sanhuang Qingjie Jiaonang	Oral
CPM05646	三黄清解片	Sanhuang Qingjie Pian	Oral
CPM05647	三黄丸	Sanhuang Wan	Oral
CPM05648	三黄益血胶囊	Sanhuang Yixue Jiaonang	Oral
CPM05649	三黄珍珠膏	Sanhuang Zhengzhu Gao	Topical
CPM05650	三甲散	Sanjia San	Oral
CPM05651	三胶颗粒	Sanjiao Keli	Oral
CPM05652	三金冻疮酊	Sanjin Dongchuang Ding	Topical
CPM05653	三金感冒片	Sanjin Ganmao Pian	Oral
CPM05654	三金胶囊	Sanjin Jiaonang	Oral
CPM05655	三金颗粒	Sanjin Keli	Oral
CPM05656	三金片	Sanjin Pian	Oral
CPM05657	三九胃泰胶囊	Sanjiu Weitai Jiaonang	Oral
CPM05658	三九胃泰颗粒	Sanjiu Weitai Keli	Oral
CPM05659	三勒浆口服液	Sanlejiang Koufuye	Oral
CPM05660	三两半药酒	Sanliangban Yaojiu	Oral
CPM05661	三龙跌打酒	Sanlong Dieda Jiu	Topical
CPM05662	三鹿温肾丸	Sanlu Wenshen Wan	Oral
CPM05663	三妙丸	Sanmiao Wan	Oral
CPM05664	三七参蜂口服液	Sanqi Shenfeng Koufuye	Oral
CPM05665	三七丹参胶囊	Sanqi Danshen Jiaonang	Oral
CPM05666	三七丹参颗粒	Sanqi Danshen Keli	Oral
CPM05667	三七丹参片	Sangi Danshen Pian	Oral
CPM05668	三七冠心宁滴丸	Sanqi Guanxinning Diwan	Oral
CPM05669	三七冠心宁合剂	Sanqi Guanxinning Heji	Oral
CPM05670	三七冠心宁胶囊	Sanqi Guanxinning Jiaonang	Oral
CPM05671	三七冠心宁片	Sanqi Guanxinning Pian	Oral
CPM05672	三七花	Sanqi Hua	Oral
CPM05673	三七花冲剂	Sanqihua Chongji	Oral
CPM05674	三七花颗粒	Sanqihua Keli	Oral
CPM05675	三七化痔丸	Sanqi Huazhi Wan	Oral
CPM05676	三七活血丸	Sanqi Huoxue Wan	Oral
CPM05677	三七胶囊	Sanqi Jiaonang	Oral
CPM05678	三七蜜精	Sanqi Mijing	Oral
CPM05679	三七蜜精口服液	Sanqi Mijing Koufuye	Oral
CPM05680	三七片	Sanqi Pian	Oral
CPM05681	三七三醇皂苷	Sanqi Sanchun Zaogan	Oral
CPM05682	三七伤药胶囊	Sanqi Shangyao Jiaonang	Oral
CPM05683	三七伤药颗粒	Sanqi Shangyao Keli	Oral
CPM05684	三七伤药片	Sanqi Shangyao Pian	Oral
CPM05685	三七通舒胶囊	Sanqi Tongshu Jiaonang	Oral
CPM05686	三七血伤宁胶囊	Sanqi Xueshangning Jiaonang	Oral
CPM05687	三七血伤宁散	Sanqi Xueshangning San	Oral
CPM05688	三七养血胶囊	Sanqi Yangxue Jiaonang	Oral
CPM05689	三七药酒	Sanqi Yaojiu	Oral
CPM05690	三七脂肝颗粒	Sanqi Zhigan Keli	Oral
CPM05691	三七脂肝丸	Sanqi Zhigan Wan	Oral
CPM05692	三七止血胶囊	Sanqi Zhixue Jiaonang	Oral
CPM05693	三七止血咀嚼片	Sanqi Zhixue Jujuepian	Oral
CPM05694	三七止血片	Sanqi Zhixue Pian	Oral
CPM05695	三七总皂苷	Sanqi Zongzaogan	Oral
CPM05696	三清胶囊	Sanqing Jiaonang	Oral
CPM05697	三清片	Sanqing Pian	Oral
CPM05698	三仁合剂	Sanren Heji	Oral
CPM05699	三蛇胆川贝膏	Sanshedan Chuanbei Gao	Oral
CPM05700	三蛇胆川贝糖浆	Sanshedan Chuanbei Tangjiang	Oral
CPM05701	三蛇风湿药酒	Sanshe Fengshi Yaojiu	Oral
CPM05702	三蛇药酒	Sanshe Yaojiu	Oral
CPM05703	三肾丸	Sanshen Wan （Kelan Fang ）	Oral
CPM05704	三肾温阳酒	Sanshen Wenyang Jiu	Oral
CPM05705	三十五味沉香丸	Sanshiwuwei Chenxiang Wan	Oral
CPM05706	三十一味松石丸	Sanshiyiwei Songshi Wan	Oral
CPM05707	三味补肾养肝口服液	Sanwei Bushen Yanggan Koufuye	Oral
CPM05708	三味肤宝软膏	Sanwei Fubao Ruangao	Topical
CPM05709	三味甘露散	Sanwei Ganlu San	Oral
CPM05710	三味化瘀胶囊	Sanwei Huayu Jiaonang	Oral
CPM05711	三味蒺藜散	Sanwei Jili San	Oral
CPM05712	三味龙胆花片	Sanwei Longdanhua Pian	Oral
CPM05713	三味龙胆花丸	Sanwei Longdanhua Wan	Oral
CPM05714	三味檀香颗粒	Sanwei Tanxiang Keli	Oral
CPM05715	三味檀香汤散	Sanwei Tanxiangtang San	Oral
CPM05716	三味泻痢颗粒	Sanwei Xieli Keli	Oral
CPM05717	三味止咳片	Sanwei Zhike Pian	Oral
CPM05718	三味痔疮栓	Sanwei Zhichuang Shuan	Topical
CPM05719	三乌胶	Sanwu Jiao	Oral
CPM05720	三乌胶丸	Sanwu Jiaowan	Oral
CPM05721	三香跌打损伤酒	Sanxiang Dieda Sunshang Jiu	Oral
CPM05722	三香化瘀膏	Sanxiang Huayu Gao	Topical
CPM05723	三银芪丹颗粒	Sanyin Qidan Keli	Oral
CPM05724	三杖清肝膏	Sanzhang Qinggan Gao	Oral
CPM05725	三子颗粒	Sanzi Keli	Oral
CPM05726	三子强肾胶囊	Sanzi Qiangshen Jiaonang	Oral
CPM05727	三子茸肾片	Sanzi Rongshen Pian	Oral
CPM05728	三子散	Sanzi San	Oral
CPM05729	三子止咳膏	Sanzi Zhike Gao	Oral
CPM05730	三子止咳胶囊	Sanzi Zhike Jiaonang	Oral
CPM05731	散风活络丸	Sanfeng Huoluo Wan（Nongsuo Wan）	Oral
CPM05732	散风活血膏	Sanfeng Huoxue Gao	Topical
CPM05733	散风宁嗽糖浆	Sanfeng Ningsou Tangjiang	Oral
CPM05734	散风透热颗粒	Sanfeng Toure Keli	Oral
CPM05735	散寒感冒胶囊	Sanhan Ganmao Jiaonang	Oral
CPM05736	散寒感冒片	Sanhan Ganmao Pian	Oral
CPM05737	散寒活络丸	Sanhan Huoluo Wan	Oral
CPM05738	散寒解热口服液	Sanhan Jiere Koufuye	Oral
CPM05739	散寒药茶	Sanhan Yaocha	Oral
CPM05740	散结灵胶囊	Sanjieling Jiaonang	Oral
CPM05741	散结乳癖膏	Sanjie Rupi Gao	Topical
CPM05742	散结镇痛胶囊	Sanjie Zhentong Jiaonang	Oral
CPM05743	散结止痛膏	Sanjie Zhitong Gao	Topical
CPM05744	散痰宁滴丸	Santanning Diwan	Oral
CPM05745	散痰宁糖浆	Santanning Tangjiang	Oral
CPM05746	散痛舒胶囊	Santongshu Jiaonang	Oral
CPM05747	桑葛降脂丸	Sangge Jiangzhi Wan	Oral
CPM05748	桑姜感冒胶囊	Sanjiang Ganmao Jiaonang	Oral
CPM05749	桑姜感冒片	Sangjiang Ganmao Pian	Oral
CPM05750	桑姜感冒注射液	Sangjiang Ganmao Zhusheye	Injection
CPM05751	桑菊感冒冲剂	Sangju Ganmao Chongji	Oral
CPM05752	桑菊感冒合剂	Sangju Ganmao Heji	Oral
CPM05753	桑菊感冒颗粒	Sangju Ganmao Keli	Oral
CPM05754	桑菊感冒片	Sangju Ganmao Pian	Oral
CPM05755	桑菊感冒散	Sangju Ganmao San	Oral
CPM05756	桑菊感冒糖浆	Sangju Ganmao Tangjiang	Oral
CPM05757	桑菊感冒丸	Sangju Ganmao Wan	Oral
CPM05758	桑菊银翘散	Sangju Yinqiao San	Oral
CPM05759	桑龙利肝颗粒	Sanglong Ligan Keli	Oral
CPM05760	桑麻口服液	Sangma Koufuye	Oral
CPM05761	桑麻丸	Sangma Wan	Oral
CPM05762	桑杞脑康颗粒	Sangqi Naokang Keli	Oral
CPM05763	桑椹冲剂	Sangshen Chongji	Oral
CPM05764	桑椹膏	Sangshen Gao	Oral
CPM05765	桑椹颗粒	Sangshen Keli	Oral
CPM05766	桑枝颗粒	Sangzhi Keli	Oral
CPM05767	桑枝总生物碱片	Sangzhi Zongshengwujian Pian	Oral
CPM05768	扫日劳-4胶囊	Saorilao-4 Jiaonang	Oral
CPM05769	扫日劳清肺止咳胶囊	Saorilao Qingfei Zhike Jiaonang	Oral
CPM05770	森登四味汤散	Sendeng Siweitang San	Oral
CPM05771	杀虫丸	Shachong Wan	Oral
CPM05772	杀菌止痒洗剂	Shajun Zhiyang Xiji	Topical
CPM05773	沙参止咳胶囊	Shashen Zhike Jiaonang	Oral
CPM05774	沙参止咳汤散	Shashen Zhike Tangsan	Oral
CPM05775	沙棘分散片	Shaji Fensan Pian	Oral
CPM05776	沙棘干乳剂	Shajigan Ruji	Oral
CPM05777	沙棘颗粒	Shaji Keli	Oral
CPM05778	沙棘片	Shaji Pian	Oral
CPM05779	沙棘糖浆	Shaji Tangjiang	Oral
CPM05780	沙棘丸	Shaji Wan	Oral
CPM05781	沙棘籽油胶丸	Shajiziyou Jiaowan	Oral
CPM05782	沙棘籽油口服液	Shajiziyou Koufuye	Oral
CPM05783	沙棘籽油软胶囊	Shajiziyou Ruanjiaonang	Oral
CPM05784	沙梅消渴胶囊	Shamei Xiaoke Jiaonang	Oral
CPM05785	沙溪凉茶	Shaxi Liangcha	Oral
CPM05786	沙溪凉茶颗粒	Shaxi Liangcha Keli	Oral
CPM05787	沙苑子胶囊	Shayuanzi Jiaonang	Oral
CPM05788	沙苑子颗粒	Shayuanzi Keli	Oral
CPM05789	砂连和胃胶囊	Shalian Hewei Jiaonang	Oral
CPM05790	砂仁驱风油	Sharen Qufeng You	Oral
CPM05791	痧气丸	Shaqi Wan	Oral
CPM05792	痧药	Sha Yao	Oral
CPM05793	山白消食合剂	Shanbai Xiaoshi Heji	Oral
CPM05794	山地岗感冒颗粒	Shandigang Ganmao Keli	Oral
CPM05795	山东阿胶膏	Shandong Ejiao Gao	Oral
CPM05796	山葛开胃口服液	Shange Kaiwei Koufuye	Oral
CPM05797	山海丹胶囊	Shanhaidan Jiaonang	Oral
CPM05798	山海丹颗粒	Shanhaidan Keli	Oral
CPM05799	山海丹片	Shanhaidan Pian	Oral
CPM05800	山花晶	Shanhua Jing	Oral
CPM05801	山花晶颗粒	Shanhuajing Keli	Oral
CPM05802	山鸡大补酒	Shanji Dabu Jiu	Oral
CPM05803	山菊降压胶囊	Shanju Jiangya Jiaonang	Oral
CPM05804	山菊降压颗粒	Shanju Jiangya Keli	Oral
CPM05805	山菊降压片	Shanju Jiangya Pian	Oral
CPM05806	山菊颗粒	Shanju Keli	Oral
CPM05807	山腊梅叶颗粒	Shanlameiye Keli	Oral
CPM05808	山蜡梅叶胶囊	Shanlameiye Jiaonang	Oral
CPM05809	山蜡梅叶颗粒	Shanlameiye Keli	Oral
CPM05810	山莨菪麝香膏	Shanlangdang Shexiang Gao	Topical
CPM05811	山龙药酒	Shanlong Yaojiu	Oral
CPM05812	山绿茶降压片	Shanlücha Jiangya Pian	Oral
CPM05813	山麦健脾口服液	Shanmai Jianpi Koufuye	Oral
CPM05814	山玫胶囊	Shanmei Jiaonang	Oral
CPM05815	山玫片	Shanmei Pian	Oral
CPM05816	山牡丹胶囊	Shanmudan Jiaonang	Oral
CPM05817	山茄子清凉颗粒	Shanqiezi Qingliang Keli	Oral
CPM05818	山香圆含片	Shanxiangyuan Hanpian	Oral
CPM05819	山香圆颗粒	Shanxiangyuan Keli	Oral
CPM05820	山香圆片	Shanxiangyuan Pian	Oral
CPM05821	山药参芪丸	Shanyao Shenqi Wan	Oral
CPM05822	山药丸	Shanyao Wan	Oral
CPM05823	山楂调中丸	Shanzha Tiaozhong Wan	Oral
CPM05824	山楂茯苓颗粒	Shanzha Fuling Keli	Oral
CPM05825	山楂化滞丸	Shanzha Huazhi Wan	Oral
CPM05826	山楂降压袋泡茶	Shanzha Jiangya Daipao Cha	Oral
CPM05827	山楂降压颗粒	Shanzha Jiangya Keli	Oral
CPM05828	山楂降压丸	Shanzha Jiangya Wan	Oral
CPM05829	山楂精降脂滴丸	Shanzhajing Jiangzhi Diwan	Oral
CPM05830	山楂精降脂分散片	Shanzhajing Jiangzhi Fensanpian	Oral
CPM05831	山楂精降脂片	Shanzhajing Jiangzhi Pian	Oral
CPM05832	山楂精降脂软胶囊	Shanzhajing Jiangzhi Ruanjiaonang	Oral
CPM05833	山楂菊花颗粒	Shanzha Juhua Keli	Oral
CPM05834	山楂麦曲颗粒	Shanzha Maiqu Keli	Oral
CPM05835	山楂内金胶囊	Shanzha Neijin Jiaonang	Oral
CPM05836	山楂内金口服液	Shanzha Neijin Koufuye	Oral
CPM05837	山楂内消丸	Shanzha Neixiao Wan	Oral
CPM05838	山楂丸	Shanzha Wan	Oral
CPM05839	山芝胶囊	Shanzhi Jiaonang	Oral
CPM05840	山庄降脂颗粒	Shanzhuang Jiangzhi Keli	Oral
CPM05841	山庄降脂片	Shanzhuang Jiangzhi Pian	Oral
CPM05842	珊瑚七十味丸	Shanhu Qishiwei Wan	Oral
CPM05843	伤痹通酊	Shangbitong Ding	Topical
CPM05844	伤风感冒冲剂	Shangfeng Ganmao Chongji	Oral
CPM05845	伤风感冒颗粒	Shangfeng Ganmao Keli	Oral
CPM05846	伤风咳茶	Shangfengke Cha	Oral
CPM05847	伤风净喷雾剂	Shangfengjing Penwuji	Topical
CPM05848	伤风停胶囊	Shangfengting Jiaonang	Oral
CPM05849	伤风停片	Shangfengting Pian	Oral
CPM05850	伤复欣喷雾剂	Shangfuxin Penwuji	Topical
CPM05851	伤疖膏	Shangjie Gao	Topical
CPM05852	伤筋正骨酊	Shangjin Zhenggu Ding	Topical
CPM05853	伤科跌打胶囊	Shangke Dieda Jiaonang	Oral
CPM05854	伤科跌打片	ShangKe Dieda Pian	Oral
CPM05855	伤科跌打丸	Shangke Dieda Wan	Oral
CPM05856	伤科活血酊	Shangke Huoxue Ding	Topical
CPM05857	伤科接骨片	Shangke Jiegu Pian	Oral
CPM05858	伤科灵喷雾剂	Shang Ke Ling Pen Wu Ji	Topical
CPM05859	伤科七味片	Shangke Qiwei Pian	Oral
CPM05860	伤科万花油	Shangke Wanhua You	Topical
CPM05861	伤科壮骨膏	Shangke Zhuanggu Gao	Topical
CPM05862	伤可贴	Shangke Tie	Topical
CPM05863	伤乐气雾剂	Shangle Qiwuji	Topical
CPM05864	伤湿宝珍膏	Shangshi Baozhen Gao	Topical
CPM05865	伤湿解痛膏	Shangshi Jietong Gao	Topical
CPM05866	伤湿祛痛膏	Shangshi Qutong Gao	Topical
CPM05867	伤湿镇痛膏	Shangshi Zhentong Gao	Topical
CPM05868	伤湿止痛搽剂	Shangshi Zhitong Chaji	Topical
CPM05869	伤湿止痛膏	Shangshi Zhitong Gao	Topical
CPM05870	伤痛跌打丸	Shangtong Dieda Wan	Oral
CPM05871	伤痛克酊	Shangtongke Ding	Topical
CPM05872	伤痛宁膏	Shangtongning Gao	Topical
CPM05873	伤痛宁胶囊	Shangtongning Jiaonang	Oral
CPM05874	伤痛宁片	Shangtongning Pian	Oral
CPM05875	伤痛舒	Shangtong Shu	Topical
CPM05876	伤益气雾剂	Shangyi Qiwuji	Topical
CPM05877	上清胶囊	Shangqing Jiaonang	Oral
CPM05878	上清片	Shangqing Pian	Oral
CPM05879	上清丸	Shangqing Wan	Oral
CPM05880	烧伤肤康液	Shaoshang Fukang Ye	Topical
CPM05881	烧伤净喷雾剂	Shaoshangjing Penwuji	Topical
CPM05882	烧伤灵酊	Shaoshangling Ding	Topical
CPM05883	烧伤喷雾剂	Shaoshang Penwuji	Topical
CPM05884	烧伤止痛膏	Shaoshang Zhitong Gao	Topical
CPM05885	烧伤止痛药膏	Shaoshang Zhitong Yaogao	Topical
CPM05886	烧烫宁喷雾剂	Shaotangning Penwuji	Topical
CPM05887	烧烫伤膏	Shaotangshang Gao	Topical
CPM05888	芍杞颗粒	Shaoqi Keli	Oral
CPM05889	少腹逐瘀胶囊	Shaofu Zhuyu Jiaonang	Oral
CPM05890	少腹逐瘀颗粒	Shaofu Zhuyu Keli（Wutang）	Oral
CPM05891	少腹逐瘀丸	Shaofu Zhuyu Wan	Oral
CPM05892	少林跌打止痛膏	Shaolin Dieda Zhitong Gao	Topical
CPM05893	少林风湿跌打膏	Shaolin Fengshi Dieda Gao	Topical
CPM05894	少林风湿跌打凝胶膏	Shaolin Fengshi Dieda Ningjiaogao	Topical
CPM05895	少林正骨精	Shaolin Zhenggu Jing	Topical
CPM05896	少阳感冒颗粒	Shaoyang Ganmao Keli	Oral
CPM05897	绍兴大补酒	Shaoxing Dabu Jiu	Oral
CPM05898	舌慈解毒口服液	Sheci Jiedu Koufuye	Oral
CPM05899	蛇胆半夏片	Shedan Banxia Pian	Oral
CPM05900	蛇胆半夏散	Shedan Banxia San	Oral
CPM05901	蛇胆贝母片	Shedan Beimu Pian	Oral
CPM05902	蛇胆贝母散	Shedan Beimu San	Oral
CPM05903	蛇胆陈皮化痰散	Shedan Chenpi Huatan San	Oral
CPM05904	蛇胆陈皮胶囊	Shedan Chenpi Jiaonang	Oral
CPM05905	蛇胆陈皮口服液	Shedan Chenpi Koufuye	Oral
CPM05906	蛇胆陈皮片	Shedan Chenpi Pian	Oral
CPM05907	蛇胆陈皮散	Shedan Chenpi San	Oral
CPM05908	蛇胆陈皮液	Shedan Chenpi Ye	Oral
CPM05909	蛇胆川贝含片	Shedan Chuanbei Hanpian	Oral
CPM05910	蛇胆川贝胶囊	Shedan Chuanbei Jiaonang	Oral
CPM05911	蛇胆川贝枇杷膏	Shedan Chuanbei Pipa Gao	Oral
CPM05912	蛇胆川贝软胶囊	Shedan Chuanbei Ruanjiaonang	Oral
CPM05913	蛇胆川贝散	Shedan Chuanbei San	Oral
CPM05914	蛇胆川贝液	Shedan Chuanbei Ye	Oral
CPM05915	蛇胆姜粒	Shedan Jiangli	Oral
CPM05916	蛇胆南星散	Shedan Nanxing San	Oral
CPM05917	蛇胆追风丸	Shedan Zhuifeng Wan	Oral
CPM05918	蛇连川贝散	Shelian Chuanbei San	Oral
CPM05919	蛇莲胶囊	Shelian Jiaonang	Oral
CPM05920	蛇伤解毒片	Sheshang Jiedu Pian	Oral
CPM05921	蛇伤散	Sheshang San	Oral
CPM05922	蛇咬丸	Sheyao Wan	Oral
CPM05923	蛇脂参黄软膏	Shezhi Shenhuang Ruangao	Topical
CPM05924	射干抗病毒注射液	Shegan Kangbingdu Zhusheye	Injection
CPM05925	射干利咽口服液	Shegan Liyan Koufuye	Oral
CPM05926	射麻口服液	Shema Koufuye	Oral
CPM05927	麝香拔湿膏	Shexiang Bashi Gao	Topical
CPM05928	麝香保心丸	Shexiang Baoxin Wan	Oral
CPM05929	麝香跌打风湿膏	Shexiang Dieda Fengshi Gao	Topical
CPM05930	麝香跌打软膏	Shexiang Dieda Ruangao	Topical
CPM05931	麝香风湿跌打膏	Shexiang Fengshi Dieda Gao	Topical
CPM05932	麝香风湿胶囊	Shexiang Fengshi Jiaonang	Oral
CPM05933	麝香风湿片	Shexiang Fengshi Pian	Oral
CPM05934	麝香狗皮膏	Shexiang Goupi Gao	Topical
CPM05935	麝香关节止痛膏	Shexiang Guanjie Zhitong Gao	Topical
CPM05936	麝香海马追风膏	Shexiang Haima Zhuifeng Gao	Topical
CPM05937	麝香回阳膏	Shexiang Huiyang Gao	Topical
CPM05938	麝香活血化瘀膏	Shexiang Huoxue Huayu Gao	Topical
CPM05939	麝香接骨胶囊	Shexiang Jiegu Jiaonang	Oral
CPM05940	麝香解痛膏	Shexiang Jietong Gao	Topical
CPM05941	麝香抗栓胶囊	Shexiang Kangshuan Jiaonang	Oral
CPM05942	麝香抗栓丸	Shexiang Kangshuan Wan	Oral
CPM05943	麝香牛黄丸	Shexiang Niuhuang Wan	Oral
CPM05944	麝香暖脐膏	Shexiang Nuanqi Gao	Topical
CPM05945	麝香祛风湿膏	Shexiang Qufengshi Gao	Topical
CPM05946	麝香祛风湿油	Shexiang Qufengshi You	Topical
CPM05947	麝香祛痛搽剂	Shexiang Qutong Chaji	Topical
CPM05948	麝香祛痛喷雾剂	Shexiang Qutong Penwuji	Topical
CPM05949	麝香祛痛气雾剂	Shexiang Qutong Qiwuji	Topical
CPM05950	麝香伤湿解痛膏	Shexiang Shangshi Jietong Gao	Topical
CPM05951	麝香舒活搽剂	Shexiang Shuhuo Chaji	Topical
CPM05952	麝香舒活灵	Shexiang Shuhuoling	Topical
CPM05953	麝香通心滴丸	Shexiang Tongxin Diwan	Oral
CPM05954	麝香心脑乐胶囊	Shexiang Xinnaole Jiaonang	Oral
CPM05955	麝香心脑乐片	Shexiang Xinnaole Pian	Oral
CPM05956	麝香心脑通胶囊	Shexiang Xinnaotong Jiaonang	Oral
CPM05957	麝香心脑通片	Shexiang Xinnaotong Pian	Oral
CPM05958	麝香心痛膏	Shexiang Xintong Gao	Topical
CPM05959	麝香心痛宁片	Shexiang Xintongning Pian	Oral
CPM05960	麝香醒神搽剂	Shexiang Xingshen Chaji	Topical
CPM05961	麝香熊羚丸	Shexiang Xiongling Wan	Oral
CPM05962	麝香镇痛膏	Shexiang Zhentong Gao	Topical
CPM05963	麝香正骨酊	Shexiang Zhenggu Ding	Topical
CPM05964	麝香止痛贴膏	Shexiang Zhitong Tiegao	Topical
CPM05965	麝香痔疮栓	Shexiang Zhichuang Shuan	Topical
CPM05966	麝香壮骨巴布膏	Shexiang Zhuanggu Babugao	Topical
CPM05967	麝香壮骨膏	Shexiang Zhuanggu Gao	Topical
CPM05968	麝香追风膏	Shexiang Zhuifeng Gao	Topical
CPM05969	麝香追风止痛膏	Shexiang Zhuifeng Zhitong Gao	Topical
CPM05970	麝雄至宝丸	Shexiong Zhibao Wan	Oral
CPM05971	麝珠明目滴眼液	Shezhu Mingmu Diyanye	Topical
CPM05972	伸筋丹胶囊	Shenjindan Jiaonang	Oral
CPM05973	伸筋活络丸	Shenjin Huoluo Wan	Oral
CPM05974	伸筋片	Shenjin Pian	Oral
CPM05975	深海龙胶囊	Shenhailong Jiaonang	Oral
CPM05976	深海龙丸	Shenhailong Wan	Oral
CPM05977	神安胶囊	Shen'an Jiaonang	Oral
CPM05978	神康宁丸	Shenkangning Wan	Oral
CPM05979	神牡安神胶囊	Shenmu Anshen Jiaonang	Oral
CPM05980	神农茶颗粒	Shennongcha Keli	Oral
CPM05981	神农药酒	Shennong Yaojiu	Oral
CPM05982	神农镇痛膏	Shennong Zhentong Gao	Topical
CPM05983	神曲茶	Shenqu Cha	Oral
CPM05984	神曲胃痛胶囊	Shenqu Weitong Jiaonang	Oral
CPM05985	神曲胃痛片	Shenqu Weitong Pian	Oral
CPM05986	神衰康胶囊	Shenshuaikang Jiaonang	Oral
CPM05987	神衰康颗粒	Shenshuaikang Keli	Oral
CPM05988	神犀丹	Shenxi Dan	Oral
CPM05989	神州跌打丸	Shenzhou Dieda Wan	Oral
CPM05990	沈阳红药	Shenyang Hongyao	Oral
CPM05991	沈阳红药胶囊	Sheyang Hongyao Jiaonang	Oral
CPM05992	肾安胶囊	Shen'an Jiaonang	Oral
CPM05993	肾安片	Shen’an Pian	Oral
CPM05994	肾宝合剂	Shenbao Heji	Oral
CPM05995	肾宝胶囊	Shenbao Jiaonang	Oral
CPM05996	肾宝颗粒	Shenbo Keli	Oral
CPM05997	肾宝片	Shenbao Pian	Oral
CPM05998	肾宝糖浆	Shenbao Tangjiang	Oral
CPM05999	肾茶袋泡茶	Shencha Daipao Cha	Oral
CPM06000	肾复康胶囊	Shenfukang Jiaonang	Oral
CPM06001	肾复康片	Shenfukang Pian	Oral
CPM06002	肾骨胶囊	Shengu Jiaonang	Oral
CPM06003	肾骨咀嚼片	Shengu Jujue Pian	Oral
CPM06004	肾骨颗粒	Shengu Keli	Oral
CPM06005	肾骨片	Shengu Pian	Oral
CPM06006	肾骨散	Shengu San	Oral
CPM06007	肾康宁胶囊	Shenkangning Jiaonang	Oral
CPM06008	肾康宁颗粒	Shenkangning KeLi	Oral
CPM06009	肾康宁片	Shenkangning Pian	Oral
CPM06010	肾康栓	Shenkang Shuan	Topical
CPM06011	肾康注射液	Shenkang Zhusheye	Injection
CPM06012	肾苓颗粒	Shenling Keli	Oral
CPM06013	肾宁散胶囊	Shenningsan Jiaonang	Oral
CPM06014	肾脾双补口服液	Shenpishuangbu Koufuye	Oral
CPM06015	肾气归口服液	Shenqigui Koufuye	Oral
CPM06016	肾石通冲剂	Shenshitong Chongji	Oral
CPM06017	肾石通颗粒	Shenshitong Keli	Oral
CPM06018	肾石通片	Shenshitong Pian	Oral
CPM06019	肾石通丸	Shenshitong Wan	Oral
CPM06020	肾舒颗粒	Shenshu Keli	Oral
CPM06021	肾衰康灌肠液	Shenshuaikang Guanchangye	Topical
CPM06022	肾衰宁胶囊	Shenshuaining Jiaonang	Oral
CPM06023	肾衰宁颗粒	Shenshuaining Keli	Oral
CPM06024	肾衰宁片	Shen Shuai Ning Pian	Oral
CPM06025	肾炎安胶囊	Shenyan’an Jiaonang	Oral
CPM06026	肾炎安颗粒	Shenyan’an Keli	Oral
CPM06027	肾炎解热片	Shenyan Jiere Pian	Oral
CPM06028	肾炎康复片	Shenyan Kangfu Pian	Oral
CPM06029	肾炎灵胶囊	Shenyanling Jiaonang	Oral
CPM06030	肾炎灵颗粒	Shenyanling Keli	Oral
CPM06031	肾炎灵片	Shenyanling Pian	Oral
CPM06032	肾炎片	Shenyan Pian	Oral
CPM06033	肾炎平颗粒	Shenyanping Keli	Oral
CPM06034	肾炎舒胶囊	Shenyanshu Jiaonang	Oral
CPM06035	肾炎舒颗粒	Shenyanshu Keli	Oral
CPM06036	肾炎舒片	Shenyanshu Pian	Oral
CPM06037	肾炎四味胶囊	Shenyan Siwei Jiaonang	Oral
CPM06038	肾炎四味片	Shenyan Siwei Pian	Oral
CPM06039	肾炎四味丸	Shenyan Siwei Wan	Oral
CPM06040	肾炎温阳胶囊	Shenyan Wenyang Jiaonang	Oral
CPM06041	肾炎温阳片	Shenyan Wenyang Pian	Oral
CPM06042	肾炎消肿片	Shenyanxiaozhong Pian	Oral
CPM06043	肾阳胶囊	Shenyang Jiaonang	Oral
CPM06044	肾元胶囊	Shenyuan Jiaonang	Oral
CPM06045	升白康复口服液	Shengbai Kangfu Koufuye	Oral
CPM06046	升白康颗粒	Shengbaikang Keli	Oral
CPM06047	升华红黑丸	Shenghua Honghei Wan	Oral
CPM06048	升气血口服液	Shengqixue Koufuye	Oral
CPM06049	升气养元糖浆	Shengqi Yangyuan Tangjiang	Oral
CPM06050	升提胶囊	Shengti Jiaonang	Oral
CPM06051	升提颗粒	Shengti Keli	Oral
CPM06052	升血调元颗粒	Shengxue Tiaoyuan Keli	Oral
CPM06053	升血调元汤	Shengxue Tiaoyuan Tang	Oral
CPM06054	升血膏	Shengxue Gao	Oral
CPM06055	升血颗粒	Shengxue Keli	Oral
CPM06056	升血灵颗粒	Shengxueling Keli	Oral
CPM06057	升血小板胶囊	Sheng Xuexiaoban Jiaonang	Oral
CPM06058	升阳十一味丸	Shengyang Shiyiwei Wan	Oral
CPM06059	生白合剂	Shengbai Heji	Oral
CPM06060	生白口服液	Shengbai Koufuye	Oral
CPM06061	生尔发糖浆	Sheng’erfa Tangjiang	Oral
CPM06062	生发搽剂	Shengfa Chaji	Topical
CPM06063	生发酊	Shengfa Ding	Topical
CPM06064	生发片	Shengfa Pian	Oral
CPM06065	生发丸	Shengfa Wan	Oral
CPM06066	生桂口服液	Shenggui Koufuye	Oral
CPM06067	生化丸	Shenghua Wan	Oral
CPM06068	生肌八宝散	Shengji Babao San	Topical
CPM06069	生肌散	Shengji San	Topical
CPM06070	生肌玉红膏	Shengji Yuhong Gao	Topical
CPM06071	生肌愈皮膏	Shengji Yupi Gao	Topical
CPM06072	生肌愈皮软膏	Shengji Yupi Ruangao	Topical
CPM06073	生津消渴胶囊	Shengjin Xiaoke Jiaonang	Oral
CPM06074	生精胶囊	Shengjing Jiaonang	Oral
CPM06075	生精片	Shengjing Pian	Oral
CPM06076	生力胶囊	Shengli Jiaonang	Oral
CPM06077	生力片	Shengli Pian	Oral
CPM06078	生力雄丸	Shenglixiong Wan	Oral
CPM06079	生龙驱风药酒	Shenglong Qufeng Yaojiu	Oral
CPM06080	生脉袋泡茶	Shengmai Daipaocha	Oral
CPM06081	生脉胶囊	Shengmai Jiaonang	Oral
CPM06082	生脉颗粒	Shengmai Keli	Oral
CPM06083	生脉片	Shengmai Pian（Dangshen Fang）	Oral
CPM06084	生脉糖浆	Shengmai Tangjiang	Oral
CPM06085	生脉饮	Shengmai Yin	Oral
CPM06086	生脉饮口服液	Shengmaiyin Koufuye	Oral
CPM06087	生脉饮软胶囊	Shengmaiyin Ruanjiaonang	Oral
CPM06088	生脉增液通胶囊	Shengmai Zengyetong Jiaonang	Oral
CPM06089	生脉注射液	Shengmai Zhusheye	Injection
CPM06090	生茂午时茶	Shengmao Wushi Cha	Oral
CPM06091	生乳灵	Shengruling	Oral
CPM06092	生乳片	Shengru Pian	Oral
CPM06093	生乳汁	Shengruzhi	Oral
CPM06094	生三七散	Shengsanqi San	Oral
CPM06095	生田七粉	Shengtianqi Fen	Oral
CPM06096	生血宝合剂	Shengxuebao Heji	Oral
CPM06097	生血宝颗粒	Shengxuebao Keli	Oral
CPM06098	生血复元口服液	Shengxue Fuyuan Koufuye	Oral
CPM06099	生血康合剂	Shengxuekang Heji	Oral
CPM06100	生血康口服液	Shengxuekang Koufuye	Oral
CPM06101	生血宁片	Shengxuening Pian	Oral
CPM06102	生血片	Shengxue Pian	Oral
CPM06103	生血丸	Shengxue Wan	Oral
CPM06104	圣济鳖甲丸	Shengji Biejia Wan	Oral
CPM06105	胜红清热胶囊	Shenghong Qingre Jiaonang	Oral
CPM06106	胜红清热片	Shenghong Qingre Pian	Oral
CPM06107	失笑散	Shixiao San	Oral
CPM06108	湿毒清胶囊	Shiduqing Jiaonang	Oral
CPM06109	湿毒清片	Shiduqing Pian	Oral
CPM06110	湿热痹胶囊	Shirebi Jiaonang	Oral
CPM06111	湿热痹颗粒		Oral
CPM06112	湿热痹片	Shirebi Pian	Oral
CPM06113	湿热片	Shire Pian	Oral
CPM06114	湿润烧伤膏	Shirun Shaoshang Gao	Topical
CPM06115	湿消丸	Shixiao Wan	Oral
CPM06116	湿疡气雾剂	Shiyang Qiwuji	Topical
CPM06117	湿痒洗液	Shiyang Xiye	Topical
CPM06118	十八味补肾益气口服液	Shibawei Bushen Yiqi Koufuye	Oral
CPM06119	十八味党参丸	Shibawei Dangshen Wan	Oral
CPM06120	十八味杜鹃丸	Shibawei Dujuan Wan	Oral
CPM06121	十八味诃子利尿胶囊	Shibwei Hezi Liniao Jiaonang	Oral
CPM06122	十八味诃子利尿丸	Shibawei Hezi Liniao Wan	Oral
CPM06123	十八味诃子丸	Shibawei Hezi Wan	Oral
CPM06124	十八味降香丸	Shibawei Jiangxiang Wan	Oral
CPM06125	十八味欧曲丸	Shibawei Ouqu Wan	Oral
CPM06126	十八味欧曲珍宝丸	Shibawei Ouqu Zhenbao Wan	Oral
CPM06127	十八味人参补气膏	Shibawei Renshen Buqi Gao	Oral
CPM06128	十滴水	Shidi shui	Oral
CPM06129	十滴水胶丸	Shidishui Jiaowan	Oral
CPM06130	十滴水软胶囊	Shidishui Ruanjiaonang	Oral
CPM06131	十二太保丸	Shier Taibao Wan	Oral
CPM06132	十二味痹通搽剂	Shierwei Bitong Chaji	Topical
CPM06133	十二味翼首散	Shi´erwei Yishou San	Oral
CPM06134	十二温经丸	Shi'er Wenjing Wan	Oral
CPM06135	十二乌鸡白凤丸	Shi’er Wuji Baifeng Wan	Oral
CPM06136	十灰散	Shihui San	Oral
CPM06137	十灰丸	Shihui Wan	Oral
CPM06138	十灵油	Shiling You	Topical
CPM06139	十六味冬青丸	Shiliuwei Dongqing Wan	Oral
CPM06140	十六味杜鹃花丸	Shiliuwei Dujuanhua Wan	Oral
CPM06141	十六味马蔺子丸	Shiliuwei Malinzi Wan	Oral
CPM06142	十七味寒水石丸	Shiqiwei Hanshuishi Wan	Oral
CPM06143	十全大补膏	Shiquan Dabu Gao	Oral
CPM06144	十全大补合剂	Shiquan Dabu Heji	Oral
CPM06145	十全大补酒	Shiquan Dabu Jiu	Oral
CPM06146	十全大补颗粒	Shiquan Dabu Keli	Oral
CPM06147	十全大补口服液	Shiquan Dabu Koufuye	Oral
CPM06148	十全大补片	Shiquandabu Pian	Oral
CPM06149	十全大补糖浆	Shiquandabu Tangjiang	Oral
CPM06150	十全大补丸	Shiquan Dabu Wan	Oral
CPM06151	十三味榜嘎散	Shisanwei Bangga San	Oral
CPM06152	十三味红花丸	Shisanwei Honghua Wan	Oral
CPM06153	十三味解郁胶囊	Shisanwei Jieyu Jiaonang	Oral
CPM06154	十三味马钱子丸	Shisanwei Maqianzi Wan	Oral
CPM06155	十三味青兰散	Shisanwei Qinglan San	Oral
CPM06156	十三味疏肝胶囊	Shisanwei Shugan Jiaonang	Oral
CPM06157	十三味菥蓂胶囊	Shisanwei Ximing Jiaonang	Oral
CPM06158	十三味菥蓂丸	Shisanwei Ximing Wan	Oral
CPM06159	十四味羚牛角丸	Shisiwei Lingniujiao Wan	Oral
CPM06160	十四味羌活风湿酒	Shisiwei Qianghuo Fengshi Jiu	Oral
CPM06161	十四味疏肝胶囊	Shisiwei Shugan Jiaonang	Oral
CPM06162	十味蒂达胶囊	Shiwei Dida Jiangnang	Oral
CPM06163	十味豆蔻丸	Shiwei Doukou Wan	Oral
CPM06164	十味扶正颗粒	Shiwei Fuzheng Keli	Oral
CPM06165	十味龟鹿补肾合剂	Shiwei Guilu Bushen Heji	Oral
CPM06166	十味诃子片	Shiwei Hezi Pian	Oral
CPM06167	十味诃子散	Shiwei Hezi San	Oral
CPM06168	十味诃子汤散	Shiwei Hezitang San	Oral
CPM06169	十味诃子丸	Shiwei Hezi Wan	Oral
CPM06170	十味黑冰片丸	Shiwei Heibingpian Wan	Oral
CPM06171	十味活血丸	Shiwei Huoxue Wan	Oral
CPM06172	十味降糖颗粒	Shiwei Jiangtang Keli	Oral
CPM06173	十味龙胆花胶囊	Shiwei Longdanhua Jiaonang	Oral
CPM06174	十味龙胆花颗粒	Shiwei Longdanhua Keli	Oral
CPM06175	十味乳香胶囊	Shiwei Ruxiang Jiaonang	Oral
CPM06176	十味乳香散	Shiwei Ruxiang San	Oral
CPM06177	十味乳香丸	Shiwei Ruxiang Wan	Oral
CPM06178	十味手参散	Shiwei Shoushen San	Oral
CPM06179	十味香鹿胶囊	Shiwei Xianglu Jiaonang	Oral
CPM06180	十味消食散	Shiwei Xiaoshi San	Oral
CPM06181	十味益脾颗粒	Shiwei Yipi Keli	Oral
CPM06182	十味玉泉胶囊	Shiwei Yuquan Jiaonang	Oral
CPM06183	十味玉泉片	Shiwei Yuquan Pian	Oral
CPM06184	十味止咳片	Shiwei Zhike Pian	Oral
CPM06185	十五味沉香丸	Shiwuwei Chenxiang Wan	Oral
CPM06186	十五味黑药胶囊	Shiwuwei Heiyao Jiaonang	Oral
CPM06187	十五味黑药丸	Shiwuwei Heiyao Wan	Oral
CPM06188	十五味龙胆花丸	Shiwuwei Longdanhua Wan	Oral
CPM06189	十五味萝蒂明目片	Shiwuwei Luodi Mingmu Pian	Oral
CPM06190	十五味萝蒂明目丸	Shiwuwei Luodi Mingmu Wan	Oral
CPM06191	十五味气血双补口服液	Shiwuwei Qixue Shuangbu Koufuye	Oral
CPM06192	十五味乳鹏胶囊	Shiwuwei Rupeng Jiaonang	Oral
CPM06193	十五味乳鹏丸	Shiwuwei Rupeng Wan	Oral
CPM06194	十五味赛尔斗丸	Shiwuwei Sai’erdou Wan	Oral
CPM06195	十五制清宁丸	Shiwu Zhiqingning Wan	Oral
CPM06196	十香定痛丸	Shixiang Dingtong Wan	Oral
CPM06197	十香返生丸	Shixiang Fansheng Wan	Oral
CPM06198	十香暖脐膏	Shixiang Nuanqi Gao	Topical
CPM06199	十香丸	Shixiang Wan	Oral
CPM06200	十香止痛丸	Shixiang Zhitong Wan	Oral
CPM06201	十一味参芪胶囊	Shiyiwei Shenqi Jiaonang	Oral
CPM06202	十一味参芪片	Shiyiwei Shenqi Pian	Oral
CPM06203	十一味草果丸	Shiyiwei Caoguo Wan	Oral
CPM06204	十一味甘露胶囊	Shiyiwei Ganlu Jiaonang	Oral
CPM06205	十一味甘露丸	Shiyiwei Ganlu Wan	Oral
CPM06206	十一味黄精颗粒	Shiyiwei Huangjing Keli	Oral
CPM06207	十一味金色丸	Shiyiwei Jinse Wan	Oral
CPM06208	十一味能消胶囊	Shiyiwei Nengxiao Jiaonang	Oral
CPM06209	十一味能消丸	Shiyiwei Nengxiao Wan	Oral
CPM06210	十一味维命胶囊	Shiyiwei Weiming Jiaonang	Oral
CPM06211	十一味维命散	Shiyiwei Weiming San	Oral
CPM06212	十一味维命丸	Shiyiwei Weiming Wan	Oral
CPM06213	十枣丸	Shizao Wan	Oral
CPM06214	十珍香附丸	Shizhen Xiangfu Wan	Oral
CPM06215	十子强肾酒	Shizi Qiangshen Jiu	Oral
CPM06216	石吊兰片	Shidiaolan Pian	Oral
CPM06217	石膏二十五味散	Shigao Ershiwuwei San	Oral
CPM06218	石膏散	Shigao San	Topical
CPM06219	石斛明目丸	Shihu Mingmu Wan	Oral
CPM06220	石斛夜光颗粒	Shihu Yeguang Keli	Oral
CPM06221	石斛夜光丸	Shihu Yeguang Wan	Oral
CPM06222	石黄抗菌胶囊	Shihuang Kangjun Jiaonang	Oral
CPM06223	石椒草咳喘颗粒	Shijiaocao Kechuan Keli	Oral
CPM06224	石淋通冲剂	Shilintong Chongji	Oral
CPM06225	石淋通胶囊	Shilintong Jiaonang	Oral
CPM06226	石淋通颗粒	Shilintong Keli	Oral
CPM06227	石淋通片	Shilintong Pian	Oral
CPM06228	石榴补血糖浆	Shiliu Buxue Tangjiang	Oral
CPM06229	石榴健胃胶囊	Shiliu Jianwei Jiaonang	Oral
CPM06230	石榴健胃片	Shiliu Jianwei Pian	Oral
CPM06231	石榴健胃散	Shiluijianwei San	Oral
CPM06232	石榴健胃丸	Shiliu Jianwei Wan	Oral
CPM06233	石榴日轮丸	Shiliu Rilun Wan	Oral
CPM06234	石龙清血颗粒	Shilong Qingxue Keli	Oral
CPM06235	石麦清合剂	Shimaiqing Heji	Oral
CPM06236	石岐外感茶	Shiqi Waigan Cha	Oral
CPM06237	石岐外感颗粒	Shiqi Waigan Keli	Oral
CPM06238	石歧外感茶颗粒	Shiqi Waigancha Keli	Oral
CPM06239	石辛含片	Shixin Hanpian	Oral
CPM06240	石杏痰咳片	Shixing Tanke Pian	Oral
CPM06241	时疫救急丸	Shiyi Jiuji Wan	Oral
CPM06242	时疫清瘟丸	Shiyi Qingwen Wan	Oral
CPM06243	食道平散	Shidaoping San	Oral
CPM06244	食积口服液	Shiji Koufuye	Oral
CPM06245	食消饮	Shixiao Yin	Oral
CPM06246	史国公药酒	Shiguogong Yaojiu	Oral
CPM06247	使君子丸	Shijunzi Wan	Oral
CPM06248	手参肾宝胶囊	Shoushen Shenbao Jiaonang	Oral
CPM06249	手掌参三十七味丸	Shouzhangshen Sanshiqiwei Wan	Oral
CPM06250	首明山胶囊	Shoumingshan Jiaonang	Oral
CPM06251	首杞补肾口服液	Shouqi Bushen Koufuye	Oral
CPM06252	首乌补肾酒	Shouwu Bushen Jiu	Oral
CPM06253	首乌地黄丸	Shouwu Dihuang Wan	Oral
CPM06254	首乌片	Shouwu Pian	Oral
CPM06255	首乌丸	Shouwu Wan	Oral
CPM06256	首乌延寿胶囊	Shouwu Yanshou Jiaonang	Oral
CPM06257	首乌延寿颗粒	Shouwu Yanshou Keli	Oral
CPM06258	首乌延寿片	Shouwu Yanshou Pian	Oral
CPM06259	首志健脑颗粒	Shouzhi Jiannao Keli	Oral
CPM06260	寿星补汁	Shouxing Buzhi	Oral
CPM06261	舒安卫生栓	Shu'an Weisheng Shuan	Topical
CPM06262	舒肠口服液	Shuchang Koufuye	Oral
CPM06263	舒胆胶囊	Shudan Jiaonang	Oral
CPM06264	舒胆片	Shudan Pian	Oral
CPM06265	舒尔经胶囊	Shu´erjing Jiaonang	Oral
CPM06266	舒尔经片	Shu’erjing Pian	Oral
CPM06267	舒肺糖浆	Shufei Tangjiang	Oral
CPM06268	舒肤止痒酊	Shufu Zhiyang Ding	Topical
CPM06269	舒腹贴膏	Shufu Tiegao	Topical
CPM06270	舒肝调气丸	Shugan Tiaoqi Wan	Oral
CPM06271	舒肝和胃口服液	Shugan Hewei Koufuye	Oral
CPM06272	舒肝和胃丸	Shugan Hewei Wan	Oral
CPM06273	舒肝健胃丸	Shugan Jianwei Wan	Oral
CPM06274	舒肝解郁胶囊	Shugan Jieyu Jiaonang	Oral
CPM06275	舒肝康胶囊	Shugankang Jiaonang	Oral
CPM06276	舒肝颗粒	Shugan Keli	Oral
CPM06277	舒肝快胃丸	Shugan Kuaiwei Wan	Oral
CPM06278	舒肝理气丸	Shugan Liqi Wan	Oral
CPM06279	舒肝宁注射液	Shuganning Zhusheye	Injection
CPM06280	舒肝片	Shugan Pian	Oral
CPM06281	舒肝平胃丸	Shugan Pingwei Wan	Oral
CPM06282	舒肝散	Shugan San	Oral
CPM06283	舒肝顺气丸	Shugan Shunqi Wan	Oral
CPM06284	舒肝丸	Shuganwan（Nongsuowan）	Oral
CPM06285	舒肝消积丸	Shugan Xiaoji Wan	Oral
CPM06286	舒肝益脾胶囊	Shugan Yipi Jiaonang	Oral
CPM06287	舒肝益脾颗粒	Shugan Yipi Keli	Oral
CPM06288	舒肝益脾液	Shugan Yipi Ye	Oral
CPM06289	舒肝止痛丸	Shugan Zhitong Wan	Oral
CPM06290	舒更胶囊	Shu Geng Jiao Nang	Oral
CPM06291	舒更片	Shugeng Pian	Oral
CPM06292	舒冠胶囊	Shuguan Jiaonang	Oral
CPM06293	舒冠颗粒	Shuguan Keli	Oral
CPM06294	舒冠片	Shuguan Pian	Oral
CPM06295	舒冠通糖浆	Shuguantong Tangjiang	Oral
CPM06296	舒咳枇杷糖浆	Shuke Pipa Tangjiang	Oral
CPM06297	舒筋除湿胶囊	Shujin Chushi Jiaonang	Oral
CPM06298	舒筋跌打膏	Shujin Dieda Gao	Topical
CPM06299	舒筋定痛胶囊	Shujin Dingtong Jiaonang	Oral
CPM06300	舒筋定痛酒	Shujin Dingtong Jiu	Oral
CPM06301	舒筋定痛片	Shujin Dingtong Pian	Oral
CPM06302	舒筋风湿酒	Shujin Fengshi Jiu	Oral
CPM06303	舒筋活络酒	Shujin Huoluo Jiu	Oral
CPM06304	舒筋活络丸	Shujinhuoluo Wan	Oral
CPM06305	舒筋活络止痛膏	Shujin Huoluo Zhitong Gao	Topical
CPM06306	舒筋活血定痛散	Shujin Huoxue Dingtong San	Oral
CPM06307	舒筋活血胶囊	Shujin Huoxue Jiaonang	Oral
CPM06308	舒筋活血片	Shujin Huoxue Pian	Oral
CPM06309	舒筋活血丸	Shujin Huoxue Wan	Oral
CPM06310	舒筋健腰丸	Shujin Jianyao Wan	Oral
CPM06311	舒筋胶囊	Shujin Jiaonang	Oral
CPM06312	舒筋十二味丸	Shujin Shi’erwei Wan	Oral
CPM06313	舒筋通络颗粒	Shujin Tongluo Keli	Oral
CPM06314	舒筋丸	Shujin Wan	Oral
CPM06315	舒筋止痛酊	Shujin Zhitong Ding	Topical
CPM06316	舒颈合剂	Shujing Heji	Oral
CPM06317	舒康凝胶剂	Shukang Ningjiaoji	Topical
CPM06318	舒康贴膏	Shukang Tiegao	Topical
CPM06319	舒康洗液	Shukang Xiye	Topical
CPM06320	舒乐搽剂	Shule Chaji	Topical
CPM06321	舒乐康胶囊	Shulekang Jiaonang	Oral
CPM06322	舒乐热熨剂	Shule Reyun Ji	Topical
CPM06323	舒灵喉片	Shulinghou Pian	Oral
CPM06324	舒络片	Shuluo Pian	Oral
CPM06325	舒络养肝丸	Shuluo Yanggan Wan	Oral
CPM06326	舒泌通胶囊		Oral
CPM06327	舒泌通颗粒	Shumitong Keli	Oral
CPM06328	舒泌通片	Shumitong Pian	Oral
CPM06329	舒泌通丸	Shumitong Wan	Oral
CPM06330	舒秘胶囊	Shumi Jiaonang	Oral
CPM06331	舒眠胶囊	Shumian Jiaonang	Oral
CPM06332	舒眠片	Shumian Pian	Oral
CPM06333	舒脑欣滴丸	Shunaoxin Diwan	Oral
CPM06334	舒气丸	Shuqi Wan	Oral
CPM06335	舒神灵胶囊	Shushenling Jiaonang	Oral
CPM06336	舒泰丸	Shutai Wan	Oral
CPM06337	舒胃药酒	Shuwei Yaojiu	Oral
CPM06338	舒心安神口服液	Shuxin Anshen Koufuye	Oral
CPM06339	舒心降脂片	Shuxin Jiangzhi Pian	Oral
CPM06340	舒心颗粒	Shuxin Keli	Oral
CPM06341	舒心口服液	Shuxin Koufuye	Oral
CPM06342	舒心宁口服液	Shuxinning Koufuye	Oral
CPM06343	舒心宁片	Shuxinning Pian	Oral
CPM06344	舒心糖浆	Shuxin Tangjiang	Oral
CPM06345	舒心通脉胶囊	Shuxin Tongmai Jiaonang	Oral
CPM06346	舒胸胶囊	Shuxiong Jiaonang	Oral
CPM06347	舒胸颗粒	Shuxiong Keli	Oral
CPM06348	舒胸片	Shuxiong Pian	Oral
CPM06349	舒血宁注射液	Shuxuening Zhusheye	Injection
CPM06350	舒咽清喷雾剂	Shuyanqing Penwuji	Topical
CPM06351	舒阴洁洗剂	Shuyinjie Xiji	Topical
CPM06352	舒郁九宝丸	Shuyu Jiubao Wan	Oral
CPM06353	舒痔丸	Shuzhi Wan	Oral
CPM06354	疏风定痛丸	Shufeng Dingtong Wan	Oral
CPM06355	疏风活络片	Shufeng Huoluo Pian	Oral
CPM06356	疏风活络丸	Shufeng Huoluo Wan	Oral
CPM06357	疏风解毒胶囊	Shufeng Jiedu Jiaonang	Oral
CPM06358	疏风清热胶囊	Shufeng Qingre Jiaonang	Oral
CPM06359	疏风散热胶囊	Shufeng Sanre Jiaonang	Oral
CPM06360	疏风再造丸	Shufeng Zaizao Wan	Oral
CPM06361	疏肝益阳胶囊	Shugan Yiyang Jiaonang	Oral
CPM06362	疏清颗粒	Shuqing Keli	Oral
CPM06363	疏痛安涂膜剂	Shutong'an Tumoji	Topical
CPM06364	疏血通注射液	Shuxuetong Zhusheye	Injection
CPM06365	熟三七片	Shousanqi Pian	Oral
CPM06366	熟三七散	Shu Sanqi San	Oral
CPM06367	熟三七丸	Shusanqi Wan	Oral
CPM06368	暑热感冒颗粒	Shure Ganmao Keli	Oral
CPM06369	暑热康糖浆	Shurekang Tangjiang	Oral
CPM06370	暑湿感冒冲剂	Shushi Ganmao Chongji	Oral
CPM06371	暑湿感冒颗粒	Shushi Ganmao keli	Oral
CPM06372	暑症片	Shuzheng Pian	Oral
CPM06373	薯莨片	Shulang Pian	Oral
CPM06374	薯蓣丸	Shuyu Wan	Oral
CPM06375	术苓健脾胶囊	Zhuling Jianpi Jiaonang	Oral
CPM06376	双百口服液	Shuangbai Koufuye	Oral
CPM06377	双参安神合剂	Shuangshen Anshen Heji	Oral
CPM06378	双参安神糖浆	Shuangshen Anshen Tangjiang	Oral
CPM06379	双参补肾口服液	Shuangshen Bushen Koufuye	Oral
CPM06380	双参补肾助阳胶囊	Shuangshen Bushen Zhuyang Jiaonang	Oral
CPM06381	双参刺五加口服液	Shuangshen Ciwujia Koufuye	Oral
CPM06382	双参活血通络颗粒	Shuangshen Huoxue Tongluo Keli	Oral
CPM06383	双参颗粒	Shuangshen Keli	Oral
CPM06384	双参龙胶囊	Shuangshenlong Jiaonang	Oral
CPM06385	双参益神颗粒	Shuangshen Yishen Keli	Oral
CPM06386	双刺杞口服液	Shuangciqi Koufuye	Oral
CPM06387	双丹膏	Shuangdan Gao	Oral
CPM06388	双丹胶囊	Shuangdan Jiaonang	Oral
CPM06389	双丹颗粒	Shuangdan Keli	Oral
CPM06390	双丹口服液	Shuangdan Koufuye	Oral
CPM06391	双丹明目胶囊	Shuangdan Mingmu Jiaonang	Oral
CPM06392	双丹片	Shuangdan Pian	Oral
CPM06393	双冬胶囊	Shuangdong Jiaonang	Oral
CPM06394	双葛醒脾和胃胶囊	Shuangge Xingpi Hewei Jiaonang	Oral
CPM06395	双骨三子胶囊	Shuanggu Sanzi Jiaonang	Oral
CPM06396	双瓜糖安胶囊	Shuanggua Tang'an Jiaonang	Oral
CPM06397	双红活血胶囊	Shuanghong Huoxue Jiaonang	Oral
CPM06398	双红活血片	Shuanghong Huoxue Pian	Oral
CPM06399	双虎清肝颗粒	Shuanghu Qinggan Keli	Oral
CPM06400	双虎肿痛宁	Shuanghu Zhongtong Ning	Topical
CPM06401	双虎肿痛宁喷雾剂	Shuanghu Zhongtongning Penwuji	Topical
CPM06402	双花百合片	Shuanghua Baihe Pian	Oral
CPM06403	双花草珊瑚含片	Shuanghua Caoshanhu Hanpian	Oral
CPM06404	双黄肠炎分散片	Shuanghuang Changyan Fensan Pian	Oral
CPM06405	双黄连	Shuanghuanglian	Oral
CPM06406	双黄连滴剂	Shuanghuanglian Diji	Topical
CPM06407	双黄连滴丸	Shuanghuanglian Diwan	Oral
CPM06408	双黄连滴眼剂	Shuanghuanglian Diyanji	Topical
CPM06409	双黄连分散片	Shuanghuanglian Fensan Pian	Oral
CPM06410	双黄连粉针剂	Shuanghuanglian Fenzhenji	Injection
CPM06411	双黄连含片	Shuanghuanglian Hanpian	Oral
CPM06412	双黄连胶囊	Shuanghuanglian Jiaonang	Oral
CPM06413	双黄连咀嚼片	Shuanghuanglian Jujuepian	Oral
CPM06414	双黄连颗粒	Shuanghuanglian Keli	Oral
CPM06415	双黄连口服液	Shuanghuanglian Koufuye	Oral
CPM06416	双黄连泡腾片	Shuanghuanglian Paotengpian	Oral
CPM06417	双黄连片	Shuanghuanglian Pian	Oral
CPM06418	双黄连气雾剂	Shuanghuanglian Qiwuji	Topical
CPM06419	双黄连软胶囊	Shuanghuanglian Ruanjiaonang	Oral
CPM06420	双黄连栓	Shuanghuanglian Shuan	Topical
CPM06421	双黄连糖浆	Shuanghuanglian Tangjiang	Oral
CPM06422	双黄连注射液	Shuanghuanglian Zhusheye	Injection
CPM06423	双黄平喘颗粒	Shuanghuang Pingchuan Keli	Oral
CPM06424	双黄祛风丸	Shuanghuang Qufeng Wan	Oral
CPM06425	双黄消炎胶囊	Shuanghuang Xiaoyan Jiaonang	Oral
CPM06426	双黄消炎片	Shuanghuang Xiaoyan Pian	Oral
CPM06427	双活止痛酊	Shuanghuo Zhitong Ding	Topical
CPM06428	双姜胃痛丸	Shuangjiang Weitong Wan	Oral
CPM06429	双解胶囊	Shuangjie Jiaonang	Oral
CPM06430	双金颗粒	Shuangjin Keli	Oral
CPM06431	双金连合剂	Shuangjin Lian Heji	Oral
CPM06432	双金胃肠胶囊	Shuangjin Weichang Jiaonang	Oral
CPM06433	双金胃疡胶囊	Shuangjin Weiyang Jiaonang	Oral
CPM06434	双橘颗粒	Shuangju Keli	Oral
CPM06435	双料喉风含片	Shuangliao Houfeng Hanpian	Oral
CPM06436	双灵油	Shuangling You	Topical
CPM06437	双苓止泻口服液	Shuangling Zhixie Koufuye	Oral
CPM06438	双龙风湿跌打膏	Shuanglong Fengshi Dieda Gao	Topical
CPM06439	双梅喉片	Shuangmei Houpian	Oral
CPM06440	双清合剂	Shuangqing Heji	Oral
CPM06441	双清口服液	Shuangqing Koufuye	Oral
CPM06442	双仁润肠口服液	Shuangren Runchang Koufuye	Oral
CPM06443	双山胶囊	Shuangshan Jiaonang	Oral
CPM06444	双山颗粒	Shuangshan Keli	Oral
CPM06445	双石通淋胶囊	Shuangshi Tonglin Jiaonang	Oral
CPM06446	双虾标风湿油	Shuangxiabiao Fengshi You	Topical
CPM06447	双虾标青草油	Shuangxiabiao Qingcao You	Topical
CPM06448	双香顺气胶囊	Shuangxiang Shunqi Jiaonang	Oral
CPM06449	双辛鼻窦炎颗粒	Shuangxin Bidouyan Keli	Oral
CPM06450	双羊喉痹通颗粒	Shuangyang Houbitong Keli	Oral
CPM06451	双子参洗液	Shuangzishen Xiye	Topical
CPM06452	爽口托疮膜	Shuangkou Tuochuang Mo	Topical
CPM06453	水陆二味片	Shuilu Erwei Pian	Oral
CPM06454	水陆二味丸	Shuilu Erwei Wan	Oral
CPM06455	水牛角解毒丸	Shuiniujiao Jiedu Wan	Oral
CPM06456	水牛角浓缩粉	Shuiniujiao Nongsuo Fen	Oral
CPM06457	水蜈蚣颗粒	Shuiwugong Keli	Oral
CPM06458	水线和胃颗粒	Shuixian Hewei Keli	Oral
CPM06459	水杨梅片	Shuiyangmei Pian	Oral
CPM06460	睡安胶囊	Shui’an Jiaonang	Oral
CPM06461	睡安片	Shui´an Pian	Oral
CPM06462	顺气安神丸	Shunqi Anshen Wan	Oral
CPM06463	顺气补心十一味丸	Shunqi Buxin Shiyiwei Wan	Oral
CPM06464	顺气化痰颗粒	Shunqi Huatan Keli	Oral
CPM06465	顺气化痰片	Shunqi Huatan Pian	Oral
CPM06466	顺气十三味散	Shunqi Shisanwei San	Oral
CPM06467	顺气消食化痰丸	Shunqi Xiaoshi Huatan Wan	Oral
CPM06468	丝白祛斑软膏	Sibai Quban Ruangao	Topical
CPM06469	丝萸养血益肾颗粒	Siyu Yangxue Yishen Keli	Oral
CPM06470	四方胃胶囊	Sifangwei Jiaonang	Oral
CPM06471	四方胃片	Sifangwei Pian	Oral
CPM06472	四红丹	Sihong Dan	Oral
CPM06473	四虎散	Sihu San	Topical
CPM06474	四黄清心丸	Sihuang Qingxin Wan	Oral
CPM06475	四黄泻火片	Sihuang Xiehuo Pian	Oral
CPM06476	四季菜颗粒	Sijicai Keli	Oral
CPM06477	四季菜糖浆	Sijicai Tangjiang	Oral
CPM06478	四季草颗粒	Sijicao Keli	Oral
CPM06479	四季草片	Sijicao Pian	Oral
CPM06480	四季感冒胶囊	Siji Ganmao Jiaonang	Oral
CPM06481	四季感冒片	Siji Ganmao Pian	Oral
CPM06482	四季抗病毒合剂	Siji Kangbingdu Heji	Oral
CPM06483	四季抗病毒胶囊	Siji Kangbingdu Jiaonang	Oral
CPM06484	四季平安油	Siji Ping´an You	Topical
CPM06485	四季青胶囊	Sijiqing Jiaonang	Oral
CPM06486	四季青片	Sijiqing Pian	Oral
CPM06487	四季三黄片	Sijisanhuang Pian	Oral
CPM06488	四季三黄软胶囊	Siji Sanhuang Ruanjiaonang	Oral
CPM06489	四季三黄丸	Siji Sanhuang Wan	Oral
CPM06490	四季消炎喉片	Siji Xiaoyan Houpian	Oral
CPM06491	四季油	Siji You	Topical
CPM06492	四君子袋泡剂	Sijunzi Daipaoji	Oral
CPM06493	四君子合剂	Sijunzi Heji	Oral
CPM06494	四君子颗粒	Sijunzi Keli	Oral
CPM06495	四君子丸	Sijunzi Wan	Oral
CPM06496	四妙丸	Simiao Wan	Oral
CPM06497	四磨汤口服液	Simotang Koufuye	Oral
CPM06498	四逆颗粒	Sini Keli	Oral
CPM06499	四逆散	Sini San	Oral
CPM06500	四逆汤	Sini Tang	Oral
CPM06501	四神片	Sishen Pian	Oral
CPM06502	四神丸	Sishen Wan	Oral
CPM06503	四圣散	Sisheng San	Topical
CPM06504	四十二味疏肝胶囊	Sishi’erwei Shugan Jiaonang	Oral
CPM06505	四时甘和茶	Sishi Ganhe Cha	Oral
CPM06506	四藤片	Siteng Pian	Oral
CPM06507	四味光明盐汤散	Siwei Guangming Yantang San	Oral
CPM06508	四味姜黄汤散	Siwei Jianghuangtang San	Oral
CPM06509	四味脾胃舒颗粒	Siwei Piweishu Keli	Oral
CPM06510	四味脾胃舒片	Siwei Piweishu Pian	Oral
CPM06511	四味生精口服液	Siwei Shengjing Koufuye	Oral
CPM06512	四味通络胶囊	Siwei Tongluo Jiaonang	Oral
CPM06513	四味雪莲花颗粒	Siwei Xuelianhua Keli	Oral
CPM06514	四味益气胶囊	Siwei Yiqi Jiaonang	Oral
CPM06515	四味珍层冰硼滴眼液	Siwei Zhenceng Bingpeng Diyangye	Topical
CPM06516	四味止泻木汤散	Siwei Zhixie Mutang San	Oral
CPM06517	四物膏	Siwu Gao	Oral
CPM06518	四物合剂	Siwu Heji	Oral
CPM06519	四物胶囊	Siwu Jiaonang	Oral
CPM06520	四物颗粒	Siwu Keli	Oral
CPM06521	四物益母丸	Siwu Yimu Wan	Oral
CPM06522	四香祛湿丸	Sixiang Qushi Wan	Oral
CPM06523	四消丸	Sixiao Wan	Oral
CPM06524	四正丸	Sizheng Wan	Oral
CPM06525	四制香附丸	Sizhi Xiangfu Wan	Oral
CPM06526	四子填精胶囊	Sizi Tianjing Jiaonang	Oral
CPM06527	嗣育保胎丸	Siyu Baotai Wan	Oral
CPM06528	松补力胶囊	Songbuli Jiaonang	Oral
CPM06529	松补力口服液	Songbuli Koufuye	Oral
CPM06530	松胆元胡搽剂	Songdanyuanhu Chaji	Topical
CPM06531	松根油吸入剂	Songgenyou Xiruji	Topical
CPM06532	松花散	Songhua San	Topical
CPM06533	松龄血脉康胶囊	Songling Xuemaikang Jiaonang	Oral
CPM06534	松石散	Songshi San	Oral
CPM06535	松石丸	Songshi Wan	Oral
CPM06536	松栀丸	Songzhi Wan	Oral
CPM06537	搜风理肺丸	Soufeng Lifei Wan	Oral
CPM06538	搜风顺气丸	Soufeng Shunqi Wan	Oral
CPM06539	苏冰滴丸	Subing Diwan	Oral
CPM06540	苏菲咳糖浆	Sufeike Tangjiang	Oral
CPM06541	苏肝合剂	Sugan Heji	Oral
CPM06542	苏合丸	Suhe Wan	Oral
CPM06543	苏合香丸	Suhexiang Wan	Oral
CPM06544	苏红络通酊	Suhong Luotong Ding	Topical
CPM06545	苏黄止咳胶囊	Suhuang Zhike Jiaonang	Oral
CPM06546	苏梅爽含片	Sumeishuang Hanpian	Oral
CPM06547	苏南山肚痛丸	Sunanshan Dutong Wan	Oral
CPM06548	苏孜阿甫片	Suzi Afu Pian	Oral
CPM06549	苏子降气丸	Suzi Jiangqi Wan	Oral
CPM06550	苏子油软胶囊	Suziyou Ruanjiaonang	Oral
CPM06551	速感宁胶囊	Suganning Jiaonang	Oral
CPM06552	速克感冒胶囊	Suke Ganmao Jiaonang	Oral
CPM06553	速克感冒片	Suke Ganmao Pian	Oral
CPM06554	速溶阿胶颗粒	Surong Ejiao Keli	Oral
CPM06555	速效救心丸	Suxiao Jiuxin Wan	Oral
CPM06556	速效牛黄丸	Suxiao Niuhuang Wan	Oral
CPM06557	速效心痛滴丸	Suxiao Xintong Diwan	Oral
CPM06558	速效心痛喷雾剂	Suxiao Xintong Penwuji	Topical
CPM06559	速效心痛气雾剂	Suxiao Xintong Qiwuji	Topical
CPM06560	速效牙痛宁酊	Suxiao Yatongning Ding	Topical
CPM06561	速效止泻胶囊	Suxiao Zhixie Jiaonang	Oral
CPM06562	速止水泻颗粒	Suzhi Shuixie Keli	Oral
CPM06563	酸痛喷雾剂	Suantong Penwuji	Topical
CPM06564	酸枣仁合剂	Suanzaoren Heji	Oral
CPM06565	酸枣仁糖浆	Suanzaoren Tangjiang	Oral
CPM06566	酸枣仁油滴丸	Suanzaoren Youdiwan	Oral
CPM06567	缩泉胶囊	Suoquan Jiaonang	Oral
CPM06568	缩泉丸	Suoquan Wan	Oral
CPM06569	锁精丸	Suojing Wan	Oral
CPM06570	锁仙补肾口服液	Suoxian Bushen Koufuye	Oral
CPM06571	锁阳补肾胶囊	Suoyang Bushen Jiaonang	Oral
CPM06572	锁阳固精丸	Suoyang Gujing Wan	Oral
CPM06573	锁阳三味片	Suoyang Sanwei Pian	Oral
CPM06574	胎宝胶囊	Taibao Jiaonang	Oral
CPM06575	胎产金丸	Taichan Jinwan	Oral
CPM06576	太和妙灵丸	Taihe Miaoling Wan	Oral
CPM06577	太极升降丸	Taiji Shengjiang Wan	Oral
CPM06578	太极丸	Taiji Wan	Oral
CPM06579	太阳膏	Taiyang Gao	Topical
CPM06580	太子保心口服液	Taizi Baoxin Koufuye	Oral
CPM06581	太子金颗粒	Taizijin Keli	Oral
CPM06582	痰喘半夏颗粒	Tanchuan Banxia Keli	Oral
CPM06583	痰喘片	Tanchuan Pian	Oral
CPM06584	痰咳净	Tankejing	Oral
CPM06585	痰咳净滴丸	Tankejing Diwan	Oral
CPM06586	痰咳净片	Tankejing Pian	Oral
CPM06587	痰咳净散	Tankejing San	Oral
CPM06588	痰咳清片	Tankeqing Pian	Oral
CPM06589	痰净片	Tanjing Pian	Oral
CPM06590	痰热清注射液	Tanreqing Zhusheye	Injection
CPM06591	痰饮丸	Tanyin Wan	Oral
CPM06592	檀香清肺二十味丸	Tanxiang Qingfei Ershiwei Wan	Oral
CPM06593	唐草片	Tangcao Pian	Oral
CPM06594	糖乐胶囊	Tangle Jiaonang	Oral
CPM06595	糖乐片	Tangle Pian	Oral
CPM06596	糖脉康胶囊	Tangmaikang Jiaonang	Oral
CPM06597	糖脉康颗粒	Tangmaikang Keli	Oral
CPM06598	糖脉康片	Tangmaikang Pian	Oral
CPM06599	糖尿乐胶囊	Tangniaole Jiaonang	Oral
CPM06600	糖尿乐片	Tangniaole Pian	Oral
CPM06601	糖尿灵片	Tangniaoling Pian	Oral
CPM06602	糖泰得合剂	Tangtaide Heji	Oral
CPM06603	糖维胶囊	Tangwei Jiaonang	Oral
CPM06604	糖脂宁胶囊	Tangzhining Jiaonang	Oral
CPM06605	烫疮油	Tangchuang You	Topical
CPM06606	烫火散	Tanghuo San	Topical
CPM06607	烫伤油	Tangshang You	Topical
CPM06608	桃红清血片	Taohong Qingxue Pian	Oral
CPM06609	桃红清血丸	Taohong Qingxue Wan	Oral
CPM06610	桃花散	Taohua San	Oral
CPM06611	桃芪生血胶囊	Taoqi Shengxue Jiaonang	Oral
CPM06612	特灵眼药	Teling Yanyao	Topical
CPM06613	特制狗皮膏	Tezhi Goupi Gao	Topical
CPM06614	藤黄健骨片	Tenghuang Jiangu Pian	Oral
CPM06615	藤黄健骨丸	Tenghuang Jiangu Wan	Oral
CPM06616	藤络宁胶囊	Tengluoning Jiaonang	Oral
CPM06617	提毒散	Tidu San	Topical
CPM06618	体虚感冒合剂	Tixu Ganmao Heji	Oral
CPM06619	天参胶囊	Tianshen Jiaonang	Oral
CPM06620	天蚕胶囊	Tiancan Jiaonang	Oral
CPM06621	天蚕片	Tiancan Pian	Oral
CPM06622	天蟾胶囊	Tianchan Jiaonang	Oral
CPM06623	天丹通络胶囊	Tiandan Tongluo Jiaonang	Oral
CPM06624	天丹通络片	Tiandan Tongluo Pian	Oral
CPM06625	天蛾补肾口服液	Tian'e Bushen Koufuye	Oral
CPM06626	天凤胃痛散	Tianfeng Weitong San	Oral
CPM06627	天癸口服液	Tiangui Koufuye	Oral
CPM06628	天和追风膏	Tianhe Zhuifeng Gao	Topical
CPM06629	天胡荽愈肝片	Tianhusui Yugan Pian	Oral
CPM06630	天黄猴枣散	Tianhuang Houzao San	Oral
CPM06631	天龙拔毒膏	Tianlong Badu Gao	Topical
CPM06632	天麻钩藤颗粒	Tianma Gouteng Keli	Oral
CPM06633	天麻胶囊	Tianma Jiaonang	Oral
CPM06634	天麻灵芝合剂	Tianma Lingzhi Heji	Oral
CPM06635	天麻蜜环菌片	Tianmamihuanjun Pian	Oral
CPM06636	天麻片	Tianma Pian	Oral
CPM06637	天麻祛风补片	Tianma Qufeng Bupian	Oral
CPM06638	天麻首乌胶囊	Tianma Shouwu Jiaonang	Oral
CPM06639	天麻首乌片	Tianma Shouwu Pian	Oral
CPM06640	天麻头风灵胶囊	Tianma Toufengling Jiaonang	Oral
CPM06641	天麻头风灵片	Tianma Toufengling Pian	Oral
CPM06642	天麻头痛片	Tianma Toutong Pian	Oral
CPM06643	天麻丸	Tianma Wan	Oral
CPM06644	天麻醒脑胶囊	Tianma Zhuanggu Wan	Oral
CPM06645	天麻眩晕宁合剂	Tianma Xuanyunning Heji	Oral
CPM06646	天麻眩晕宁颗粒	Tianma Xuanyunning Keli	Oral
CPM06647	天麻壮骨丸	Tianma Zhuanggu Wan	Oral
CPM06648	天麻追风膏	Tianma Zhuifeng Gao	Topical
CPM06649	天麦消渴片	Tianmai Xiaoke Pian	Oral
CPM06650	天芪降糖胶囊	Tianqi Jiangtang Jiaonang	Oral
CPM06651	天杞补肾胶囊	Tianqi Bushen Jiaonang	Oral
CPM06652	天杞合剂	Tianqi Heji	Oral
CPM06653	天蓉益肾合剂	Tianrong Yishen Heji	Oral
CPM06654	天舒胶囊	Tianshu Jiaonang	Oral
CPM06655	天舒片	Tianshu Pian	Oral
CPM06656	天王补心丹	Tianwang Buxin Wan	Oral
CPM06657	天王补心片	Tianwang Buxin Pian	Oral
CPM06658	天王补心丸	Tianwang Buxin Wan	Oral
CPM06659	天王补心液	Tianwang Buxin Ye	Oral
CPM06660	天香酊	Tianxiang Ding	Topical
CPM06661	天一止咳糖浆	Tianyi Zhike Tangjiang	Oral
CPM06662	天芝草胶囊	Tianzhicao Jiaonang	Oral
CPM06663	天智颗粒	Tianzhi Keli	Oral
CPM06664	天紫红女金胶囊	Tianzihong Nvjin Jiaonang	Oral
CPM06665	添精补肾膏	Tianjing Bushen Gao	Oral
CPM06666	田基黄糖浆	Tianjihuang Tangjiang	Oral
CPM06667	田基黄注射液	Tianjihuang Zhusheye	Injection
CPM06668	田七补丸	Tianqi Buwan	Oral
CPM06669	田七跌打风湿软膏	Tianqi Dieda Fengshi Ruangao	Topical
CPM06670	田七花叶颗粒	Tianqi Huaye Keli	Oral
CPM06671	田七颗粒	Tianqi Keli	Oral
CPM06672	田七痛经胶囊	Tianqi Tongjing Jiaonang	Oral
CPM06673	田七痛经散	Tianqi Tongjing San	Oral
CPM06674	田七镇痛膏	Tianqi Zhentong Gao	Topical
CPM06675	甜梦胶囊	Tianmeng Jiaonang	Oral
CPM06676	甜梦口服液	Tianmeng Koufuye	Oral
CPM06677	跳骨片	Tiaogu Pian	Oral
CPM06678	铁棒锤止痛膏	Tiebangchui Zhitong Gao	Topical
CPM06679	铁笛片	Tiedi Pian	Oral
CPM06680	铁笛丸	Tiedi Wan	Oral
CPM06681	铁皮枫斗胶囊	Tiepi Fengdou Jiaonang	Oral
CPM06682	铁皮枫斗颗粒	Tiepi Fengdou Keli	Oral
CPM06683	铁帚清浊丸	Tiezhou Qingzhuo Wan	Oral
CPM06684	葶贝胶囊	Tingbei Jiaonang	Oral
CPM06685	葶苈草颗粒	Tinglicao Keli	Oral
CPM06686	葶苈降血脂胶囊	Tingli Jiangxuezhi Jiaonang	Oral
CPM06687	葶苈降血脂颗粒	Tingli Jiangxuezhi Keli	Oral
CPM06688	葶苈降血脂片	Tingli Jiangxuezhi Pian	Oral
CPM06689	通鼻抗感剂	Tongbi Kanggan Ji	Topical
CPM06690	通痹胶囊	Tongbi Jiaonang	Oral
CPM06691	通痹片	Tongbi Pian	Oral
CPM06692	通便灵茶	Tongbianling Cha	Oral
CPM06693	通便灵胶囊	Tingbianling Jiaonang	Oral
CPM06694	通便宁片	Tongbianning Pian	Oral
CPM06695	通便片	Tongbian Pian	Oral
CPM06696	通便消痤胶囊	Tongbian Xiaocuo Jiaonang	Oral
CPM06697	通达滴鼻剂	Tongda Dibiji	Topical
CPM06698	通迪胶囊	Tongdi Jiaonang	Oral
CPM06699	通关散	Tongguan San	Topical
CPM06700	通经甘露丸	Tongjng Ganlu Wan	Oral
CPM06701	通乐颗粒	Tongle Keli	Oral
CPM06702	通淋胶囊	Tonglin Jiaonang	Oral
CPM06703	通络骨质宁膏	Tongluo Guzhining Gao	Topical
CPM06704	通络活血胶囊	Tongluo Huoxue Jiaonang	Oral
CPM06705	通络活血丸	Tongluo Huoxue Wan	Oral
CPM06706	通络开痹片	Tongluo Kaibi Pian	Oral
CPM06707	通络祛痛膏	Tongluo Qutong Gao	Topical
CPM06708	通络生乳糖浆	Tongluo Shengru Tangjiang	Oral
CPM06709	通络下乳口服液	Tongluo Xiaru Koufuye	Oral
CPM06710	通络止痛胶囊	Tongluo Zhitong Jiaonang	Oral
CPM06711	通络止痛药酒	Tuoluozhitong Yaojiu	Oral
CPM06712	通脉冲剂	Tongmai Chongji	Oral
CPM06713	通脉刺五加胶囊	Tongmai Ciwujia Jiaonang	Oral
CPM06714	通脉降糖胶囊	Tongmai Jiangtang Jiaonang	Oral
CPM06715	通脉降脂胶囊	Tongmai Jiangzhi Jiaonang	Oral
CPM06716	通脉降脂片	Tongmai Jiangzhi Pian	Oral
CPM06717	通脉胶囊	Tongmai Jiaonang	Oral
CPM06718	通脉颗粒	Tongmai Keli	Oral
CPM06719	通脉口服液	Tongmai Koufuye	Oral
CPM06720	通脉灵片	Tongmailing Pian	Oral
CPM06721	通脉片	Tongmai Pian	Oral
CPM06722	通脉强肾酒	Tongmai Qiangshen Jiu	Oral
CPM06723	通脉养心丸	Tongmai Yangxin Wan	Oral
CPM06724	通窍阿亚然及派克日片	Tongqiao Ayaranjipaikeri Pian	Oral
CPM06725	通窍鼻炎胶囊	Tongqiao Biyan Jiaonang	Oral
CPM06726	通窍鼻炎颗粒	Tongqiao Biyan Keli	Oral
CPM06727	通窍鼻炎片	Tongqiao Biyan Pian	Oral
CPM06728	通窍耳聋丸	Tongqiao Erlong Wan	Oral
CPM06729	通窍救心油	Tongqiao Jiuxin You	Oral
CPM06730	通窍益心丸	Tongqiao Yixin Wan	Oral
CPM06731	通乳颗粒	Tongru Keli	Oral
CPM06732	通塞脉片	Tongsaimai Pian	Oral
CPM06733	通舒口爽胶囊	Tongshu Koushuang Jiaonang	Oral
CPM06734	通舒口爽片	Tongshu Koushuang Pian	Oral
CPM06735	通天口服液	Tongtian Koufuye	Oral
CPM06736	通心络胶囊	Tongxinluo Jiaonang	Oral
CPM06737	通心舒胶囊	Tongxinshu Jiaonang	Oral
CPM06738	通宣理肺膏	Tongxuan Lifei Gao	Oral
CPM06739	通宣理肺胶囊	Tongxuan Lifei Jiaonang	Oral
CPM06740	通宣理肺颗粒	Tongxuan Lifei Keli	Oral
CPM06741	通宣理肺口服液	Tongxuan Lifei Koufuye	Oral
CPM06742	通宣理肺片	Tongxuan Lifei Pian	Oral
CPM06743	通宣理肺丸	Tongxuan Lifei Wan	Oral
CPM06744	通幽润燥丸	Tongyou Runzao Wan（Shuimiwan）	Oral
CPM06745	通之舒胶囊	Tongzhishu Jiaonang	Oral
CPM06746	通滞埃提勒菲力沙那片	Tongzhi Aidilefeili Shana Pian	Oral
CPM06747	通滞苏润江胶囊	Tongzhi Surunjiang Jiaonang	Oral
CPM06748	同仁安神丸	Tongren Anshen Wan	Oral
CPM06749	同仁大活络丸	Tongren Dahuoluo Wan	Oral
CPM06750	同仁牛黄清心丸	Tongren Niuhuang Qingxin Wan	Oral
CPM06751	同仁乌鸡白凤口服液	Tongren Wuji Baifeng Koufuye	Oral
CPM06752	同仁乌鸡白凤丸	Tongren Wuji Baifeng Wan	Oral
CPM06753	童宝乐片	Tongbaole Pian	Oral
CPM06754	童康颗粒	Tongkang Keli	Oral
CPM06755	童康片	Tongkang Pian	Oral
CPM06756	痛风定胶囊	Tongfengding Jiaonang	Oral
CPM06757	痛风定片	Tongfengding Pian	Oral
CPM06758	痛风舒胶囊	Tongfengshu Jiaonang	Oral
CPM06759	痛风舒片	Tongfengshu Pian	Oral
CPM06760	痛经宝颗粒	Tongjingbao Keli	Oral
CPM06761	痛经调理口服液	Tongjing Tiaoli Koufuye	Oral
CPM06762	痛经口服液	Tongjing Koufuye	Oral
CPM06763	痛经灵颗粒	Tongjingling Keli	Oral
CPM06764	痛经宁胶囊	Tongjingning Jiaonang	Oral
CPM06765	痛经宁颗粒	Tongjingning Keli	Oral
CPM06766	痛经宁糖浆	Tongjingning Tangjiang	Oral
CPM06767	痛经片	Tongjing Pian	Oral
CPM06768	痛经软膏	Tongjing Ruangao	Topical
CPM06769	痛经丸	Tongjing Wan	Oral
CPM06770	痛可舒酊	Tongkeshu Ding	Topical
CPM06771	痛克搽剂	Tongke Chaji	Topical
CPM06772	痛舒胶囊	Tongshu Jiaonang	Oral
CPM06773	痛舒片	Tongshu Pian	Oral
CPM06774	痛泻宁颗粒	Tongxiening Keli	Oral
CPM06775	痛血康胶囊	Tongxuekang Jiaonang	Topical
CPM06776	痛肿灵	Tongzhongling	Topical
CPM06777	头风痛胶囊	Toufengtong Jiaonang	Oral
CPM06778	头风痛丸	Toufengtong Wan	Oral
CPM06779	头痛宁胶囊	Toutongning Jiaonang	Oral
CPM06780	透骨灵橡胶膏	Touguling Xiangjiaogao	Topical
CPM06781	土贝母皂苷注射液	Tubeimu Zaogan Zhusheye	Topical
CPM06782	吐泻肚痛胶囊	Tuxie Dutong Jiaonang	Oral
CPM06783	退热清咽颗粒	Tuire Qingyan Keli	Oral
CPM06784	退障眼膏	Tuizhang Yangao	Topical
CPM06785	娃娃宁	Wawa Ning	Oral
CPM06786	娃娃宁泡腾片	Wawaning Paotengpian	Oral
CPM06787	外搽白灵酊	Waicha Bailing Ding	Topical
CPM06788	外感风寒颗粒	Waigan Fenghan Keli	Oral
CPM06789	外感风痧颗粒	Waigan Fengsha Keli	Oral
CPM06790	外感平安茶	Waigan Ping’an Cha	Oral
CPM06791	外感平安颗粒	Waigan Ping’an Keli	Oral
CPM06792	外伤如意膏	Waishang Ruyi Gao	Topical
CPM06793	外用溃疡散	Waiyong Kuiyang San	Topical
CPM06794	外用万应膏	Waiyong Wanying Gao	Topical
CPM06795	外用无敌膏	Waiyongwudi Gao	Topical
CPM06796	外用应急软膏	Waiyong Yingji Ruangao	Topical
CPM06797	外用止咳散	Waiyong Zhike San	Topical
CPM06798	顽癣敌软膏	Wanxuandi Ruangao	Topical
CPM06799	顽癣净	Wanxuan Jing	Topical
CPM06800	万宝油	Wanbao You	Topical
CPM06801	万金香气雾剂	Wanjinxiang Qiwuji	Topical
CPM06802	万灵五香膏	Wanling Wuxiang Gao	Topical
CPM06803	万氏牛黄清心片	Wanshi Niuhuang Qingxin Pian	Oral
CPM06804	万氏牛黄清心丸	Wanshi Niuhuang Qingxin Wan	Oral
CPM06805	万通筋骨片	Wantongjingu Pian	Oral
CPM06806	万应茶	Wanying Cha	Oral
CPM06807	万应莪术油	Wanying 'ezhu You	Topical
CPM06808	万应甘和茶	Wanying Ganhe Cha	Oral
CPM06809	万应胶囊	Wanying Jiaonang	Oral
CPM06810	尪痹颗粒	Wangbi Keli	Oral
CPM06811	尪痹片	Wangbi Pian	Oral
CPM06812	王回回狗皮膏	Wanghuihui Goupigao	Topical
CPM06813	王氏保赤丸	Wangshi Baochiwan	Oral
CPM06814	威灵骨刺膏	Weilingguci Gao	Topical
CPM06815	威隆壮骨酒	Weilong Zhuanggu Jiu	Oral
CPM06816	维C银翘胶囊	Wei C Yinqiao Jiaonang	Oral
CPM06817	维C银翘颗粒	Wei C Yinqiao Keli	Oral
CPM06818	维C银翘片	Wei C Yinqiao Pian	Oral
CPM06819	维C银翘软胶囊	Wei C Yinqiao Ruanjiaonang	Oral
CPM06820	维儿康洗液	Wei´erkang Xiye	Topical
CPM06821	维尔康胶囊	Wei’erkang Jiaonang	Oral
CPM06822	维妇康洗液	Weifukang Xiye	Topical
CPM06823	维肝福泰片	Weigan Futai Pian	Oral
CPM06824	维生素C银翘片	Weishengsu C Yinqiao Pian	Oral
CPM06825	维他参颗粒	Weitashen Keli	Oral
CPM06826	维血康颗粒	Weixuekang Keli	Oral
CPM06827	维血康糖浆	Weixuekang Tangjiang	Oral
CPM06828	维血宁	Weixuening	Oral
CPM06829	维血宁合剂	Weixuening Heji	Oral
CPM06830	维血宁颗粒	Weixuening Keli	Oral
CPM06831	卫生宝丸	Weishengbao Wan	Oral
CPM06832	卫生培元丸	Weisheng Peiyuan Wan	Oral
CPM06833	卫生丸	Weisheng Wan	Oral
CPM06834	胃安胶囊	Weian Jiaonang	Oral
CPM06835	胃安宁片	Weianning Pian	Oral
CPM06836	胃病丸	Weibing Wan	Oral
CPM06837	胃肠安丸	Weichang’an Wan	Oral
CPM06838	胃肠复元膏	Weichang Fuyuan Gao	Oral
CPM06839	胃肠健胶囊	Weichangjian Jiaonang	Oral
CPM06840	胃肠灵胶囊	Weichangling Jiaonang	Oral
CPM06841	胃肠灵片	Weichangling Pian	Oral
CPM06842	胃肠宁颗粒	Weichangning Keli	Oral
CPM06843	胃肠宁片	Weichangning Pian	Oral
CPM06844	胃得安胶囊	Weidean Jiaonang	Oral
CPM06845	胃得安片	Weidean Pian	Oral
CPM06846	胃得康片	Weidekang Pian	Oral
CPM06847	胃尔康片	Weierkang Pian	Oral
CPM06848	胃福颗粒	Weifu Keli	Oral
CPM06849	胃复春胶囊	Weifuchun Jiaonang	Oral
CPM06850	胃复春片	Weifuchun Pian	Oral
CPM06851	胃复胶囊	Weifu Jiaonang	Oral
CPM06852	胃复宁胶囊	Weifuning Jiaonang	Oral
CPM06853	胃复舒胶囊	Weifushu Jiaonang	Oral
CPM06854	胃活灵片	Weihuoling Pian	Oral
CPM06855	胃康胶囊	Weikang Jiaonang	Oral
CPM06856	胃康灵胶囊	Weikangling Jiaonang	Oral
CPM06857	胃康灵颗粒	Weikangling Keli	Oral
CPM06858	胃康灵片	Weikangling Pian	Oral
CPM06859	胃康宁片	Weikangning Pian	Oral
CPM06860	胃可安胶囊	Weike’an Jiaonang	Oral
CPM06861	胃可宁	Weikening	Oral
CPM06862	胃刻宁胶囊	Weikening Jiaonang	Oral
CPM06863	胃刻宁片	Weikening Pian	Oral
CPM06864	胃乐胶囊	Weile Jiaonang	Oral
CPM06865	胃乐宁片	Weilening Pian	Oral
CPM06866	胃乐舒口服液	Weileshu Koufuye	Oral
CPM06867	胃乐新胶囊	Weilexin Jiaonang	Oral
CPM06868	胃乐新颗粒	Weilexin Keli	Oral
CPM06869	胃力胶囊	Weili Jiaonang	Oral
CPM06870	胃力康颗粒	Weilikang Keli	Oral
CPM06871	胃力片	Weili Pian	Oral
CPM06872	胃立康片	Weilikang Pian	Oral
CPM06873	胃灵冲剂	Weiling Chongji	Oral
CPM06874	胃灵合剂	Weiling Heji	Oral
CPM06875	胃灵颗粒	Weiling Keli	Oral
CPM06876	胃乃安胶囊	Weinaian Jiaonang	Oral
CPM06877	胃逆康胶囊	Weinikang Jiaonang	Oral
CPM06878	胃宁散	Weining San	Oral
CPM06879	胃气痛片	Weiqitong Pian	Oral
CPM06880	胃热清胶囊	Weireqing Jiaonang	Oral
CPM06881	胃散	Wei San	Oral
CPM06882	胃舒宁胶囊	Weishuning Jiaonang	Oral
CPM06883	胃舒宁颗粒	Weishuning Keli	Oral
CPM06884	胃舒宁片	Weishuning Pian	Oral
CPM06885	胃舒片	Weishu Pian	Oral
CPM06886	胃舒欣颗粒	Weishuxin Keli	Oral
CPM06887	胃舒止痛胶囊	Weishu Zhitong Jiaonang	Oral
CPM06888	胃舒止痛片	Weishu Zhitong Pian	Oral
CPM06889	胃苏颗粒	Weisu Keli	Oral
CPM06890	胃太平胶囊	Weitaiping Jiaonang	Oral
CPM06891	胃泰和胶囊	Weitaihe Jiaonang	Oral
CPM06892	胃泰胶囊	Weitai Jiaonang	Oral
CPM06893	胃疼宁片	Weitengning Pian	Oral
CPM06894	胃痛定胶囊	Weitongding Jiaonang	Oral
CPM06895	胃痛定片	Weitongding Pian	Oral
CPM06896	胃痛宁片	Weitongning Pian	Oral
CPM06897	胃痛片	Weitong Pian	Oral
CPM06898	胃痛平胶囊	Weitongping Jiaonang	Oral
CPM06899	胃痛平糖浆	Weitongping Tangjiang	Oral
CPM06900	胃痛丸	Weitong Wan	Oral
CPM06901	胃脘舒颗粒	Weiwanshu Keli	Oral
CPM06902	胃脘舒片	Weiwanshu Pian	Oral
CPM06903	胃欣舒胶囊	Weixinshu Jiaonang	Oral
CPM06904	胃炎康胶囊	Weiyankang Jiaonang	Oral
CPM06905	胃炎宁颗粒	Weiyanning Keli	Oral
CPM06906	胃疡安胶囊	Weiyang'an Jiaonang	Oral
CPM06907	胃疡灵颗粒	Weiyangling Keli	Oral
CPM06908	胃疡宁丸	Weiyangning Wan	Oral
CPM06909	胃益胶囊	Weiyi Jiaonang	Oral
CPM06910	胃友新片	Weiyouxin Pian	Oral
CPM06911	温补肾阳酒	Wenbu Shenyang Jiu	Oral
CPM06912	温经白带丸	Wenjing Baidai Wan	Oral
CPM06913	温经活血片	Wenjing Huoxue Pian（Tangyipian）	Oral
CPM06914	温经颗粒	Wenjing Keli	Oral
CPM06915	温经养血合剂	Wenjing Yangxue Heji	Oral
CPM06916	温经止痛膏	Wenjing Zhitong Gao	Topical
CPM06917	温六散	Wenliu San	Oral
CPM06918	温脾固肠散	Wenpi Guchang San	Oral
CPM06919	温肾前列胶囊	Wenshen Qianlie Jiaonang	Oral
CPM06920	温肾前列片	Wenshen Qianlie Pian	Oral
CPM06921	温肾全鹿丸	Wenshen Quanlu Wan	Oral
CPM06922	温肾苏拉甫片	Wenshen Sulafu Pian	Oral
CPM06923	温胃阿亚然及片	Wenwei Ayaranji Pian	Oral
CPM06924	温胃降逆颗粒	Wenwei Jiangni Keli	Oral
CPM06925	温胃舒胶囊	Wenweishu Jiaonang	Oral
CPM06926	温胃舒颗粒	Wenweishu Keli	Oral
CPM06927	温胃舒泡腾片	Wenweishu Paoteng Pian	Oral
CPM06928	温胃舒片	Wenweishu Pian	Oral
CPM06929	温胃止痛膏	Wenwei Zhitong Gao	Topical
CPM06930	温阳酒	Wenyang Jiu	Oral
CPM06931	温中和胃胶囊	Wenzhong Hewei Jiaonang	Oral
CPM06932	温中止泻丸	Wenzhong Zhixie Wan	Oral
CPM06933	稳心胶囊	Wenxin Jiaonang	Oral
CPM06934	稳心颗粒	Wenxin Keli	Oral
CPM06935	稳心片	Wenxin Pian	Oral
CPM06936	稳压胶囊	Wenya Jiaonang	Oral
CPM06937	翁沥通胶囊	Wenlitong Jiaonang	Oral
CPM06938	翁沥通颗粒	Wenglitong Keli	Oral
CPM06939	翁沥通片	Wenglitong Pian	Oral
CPM06940	乌贝胶囊	Wubei Jiaonang	Oral
CPM06941	乌贝颗粒	Wubei Keli	Oral
CPM06942	乌贝散	Wubei San	Oral
CPM06943	乌丹降脂颗粒	Wudan Jiangzhi Keli	Oral
CPM06944	乌发丸	Wufa Wan	Oral
CPM06945	乌甘散	Wugan San	Oral
CPM06946	乌鸡白凤分散片	Wuji Baifeng Fensan Pian	Oral
CPM06947	乌鸡白凤胶囊	Wuji Baifeng Jiaonang	Oral
CPM06948	乌鸡白凤颗粒	Wuji Baifeng Keli	Oral
CPM06949	乌鸡白凤口服液	Wuji Baifeng Koufuye	Oral
CPM06950	乌鸡白凤片	Wuji Baifeng Pian	Oral
CPM06951	乌鸡白凤丸	Wuji Baifeng Wan	Oral
CPM06952	乌鸡地黄胶囊	Wuji Dihuang Jiaonang	Oral
CPM06953	乌鸡桂圆养血口服液	Wuji Guiyuan Yangxue Koufuye	Oral
CPM06954	乌鸡丸	Wuji Wan	Oral
CPM06955	乌鸡洋参胶囊	Wuji Yangshen Jiaonang	Oral
CPM06956	乌鸡增乳胶囊	Wuji Zengru Jiaonang	Oral
CPM06957	乌金活血止痛胶囊	Wujin Huoxue Zhitong Jiaonang	Oral
CPM06958	乌金活血止痛片	Wujin Huoxue Zhitong Pian	Oral
CPM06959	乌金胶囊	Wujin Jiaonang	Oral
CPM06960	乌金片	Wujin Pian	Oral
CPM06961	乌军治胆胶囊	Wujun Zhidan Jiaonang	Oral
CPM06962	乌军治胆片	Wujun Zhidan Pian	Oral
CPM06963	乌兰十三味汤散	Wulan Shisanwei Tangsan	Oral
CPM06964	乌灵胶囊	Wuling Jiaonang	Oral
CPM06965	乌苓苁蓉合剂	Wuling Congrong Heji	Oral
CPM06966	乌麦益智合剂	Wumai Yizhi Heji	Oral
CPM06967	乌梅人丹	Wumei Rendan	Oral
CPM06968	乌梅丸	Wumei Wan	Oral
CPM06969	乌蛇止痒丸	Wushe Zhiyang Wan	Oral
CPM06970	乌头注射液	Wutou Zhusheye	Injection
CPM06971	乌阳补心糖浆	Wuyang Buxin Tangjiang	Oral
CPM06972	乌枣健脑安神片	Wuzao Jiannao Anshen Pian	Oral
CPM06973	无比山药丸	Wubi Shanyao Wan	Oral
CPM06974	无敌丹胶囊	Wudidan Jiaonang	Oral
CPM06975	无敌药酒	Wudi Yaojiu	Oral
CPM06976	无敌止痛搽剂	Wudi Zhitong Chaji	Topical
CPM06977	无极丸	Wuji Wan	Oral
CPM06978	五参安神口服液	Wushen Anshen Koufuye	Oral
CPM06979	五参芪口服液	Wushenqi Koufuye	Oral
CPM06980	五福化毒片	Wufu Huadu Pian	Oral
CPM06981	五福化毒丸	Wufu Huadu Wan	Oral
CPM06982	五根胶囊	Wugen Jiaonang	Oral
CPM06983	五根油丸	Wugen Youwan	Oral
CPM06984	五更太平丸	Wugeng Taiping Wan	Oral
CPM06985	五海瘿瘤丸	Wuhai Yingliu Wan	Oral
CPM06986	五虎散	Wuhu San	Topical
CPM06987	五花茶颗粒	Wuhuacha Keli	Oral
CPM06988	五黄膏	Wuhuang Gao	Topical
CPM06989	五加参归芪精	Wujiashen Guiqijing	Oral
CPM06990	五加参蛤蚧精	Wujiashen Gejiejing	Oral
CPM06991	五加参精	Wujiashen Jing	Oral
CPM06992	五加参颗粒	Wujiashen Keli	Oral
CPM06993	五加更年片	Wujia Gengnian Pian	Oral
CPM06994	五加皮酒	Wujiapi Jiu	Oral
CPM06995	五加片	Wujia Pian	Oral
CPM06996	五加芪菊颗粒	Wujia Qiju Keli	Oral
CPM06997	五加茸血口服液	Wujia Rongxue Koufuye	Oral
CPM06998	五加生化胶囊	Wujia Shenghua Jiaonang	Oral
CPM06999	五加双参片	Wujia Shuangshen Pian	Oral
CPM07000	五粒回春丸	Wuli Huichun Wan	Oral
CPM07001	五淋化石胶囊	Wulin Huashi Jiaonang	Oral
CPM07002	五淋化石丸	Wulin Huashi Wan	Oral
CPM07003	五淋丸	Wulin Wan	Oral
CPM07004	五灵肝复胶囊	Wuli Ganfu Jiaonang	Oral
CPM07005	五灵胶囊	Wuling Jiaonang	Oral
CPM07006	五灵丸	Wuling Wan	Oral
CPM07007	五灵止痛胶囊	Wuling Zhitong Jiaonang	Oral
CPM07008	五苓胶囊	Wuling Jiaonang	Oral
CPM07009	五苓片	Wuling Pian	Oral
CPM07010	五苓散	Wuling San	Oral
CPM07011	五妙水仙膏	Wumiao Shuixian Gao	Topical
CPM07012	五仁醇胶囊	Wurenchun Jiaonang	Oral
CPM07013	五仁润肠丸	Wuren Runchang Wan	Oral
CPM07014	五松肿痛酊	Wusong Zhongtong Ding	Topical
CPM07015	五塔标行军散	Wutabiao Xingjunsan	Oral
CPM07016	五味安神颗粒	Wuwei Anshen Keli	Oral
CPM07017	五味甘露药浴颗粒	Wuwei Ganlu Yaoyu Keli	Topical
CPM07018	五味甘露药浴汤散	Wuwei Ganlu Yaoyu Tangsan	Topical
CPM07019	五味甘露药浴洗剂	Wuwei Ganlu Yaoyu Xiji	Topical
CPM07020	五味甘露滋补丸	Wuwei Ganlu Zibu Wan	Oral
CPM07021	五味黄连丸	Wuwei Huanglian Wan	Oral
CPM07022	五味健脑口服液	Wuwei Jiannao Koufuye	Oral
CPM07023	五味金色丸	Wuwei Jinse Wan	Oral
CPM07024	五味决明茶	Wuwei Jueming Cha	Oral
CPM07025	五味清浊散	Wuwei Qingzhuo San	Oral
CPM07026	五味清浊丸	Wuwei Qingzhuo Wan	Oral
CPM07027	五味沙棘含片	Wuwei Shaji Hanpian	Oral
CPM07028	五味沙棘颗粒	Wuwei Shaji Keli	Oral
CPM07029	五味沙棘散	Wuwei Shaji San	Oral
CPM07030	五味麝香丸	Wuwei Shexiang Wan	Oral
CPM07031	五味香连丸	Wuwei Xianglian Wan	Oral
CPM07032	五味治肝片	Wuwei Zhigan Pian	Oral
CPM07033	五味子胶囊	Wuweizi Jiaonang	Oral
CPM07034	五味子颗粒	Wuweizi Keli	Oral
CPM07035	五味子片	Wuweizi Pian	Oral
CPM07036	五味子糖浆	Wuweizi Tangjiang	Oral
CPM07037	五味子丸	Wuweizi Wan	Oral
CPM07038	五香伤膏	Wuxiangshang Gao	Topical
CPM07039	五香丸	Wuxiang Wan	Oral
CPM07040	五芝地仙金髓膏	Wuzhi Dixian Jinsui Gao	Oral
CPM07041	五酯滴丸	Wuzhi Diwan	Oral
CPM07042	五酯胶囊	Wuzhi Jiaonang	Oral
CPM07043	五酯片	Wuzhi Pian	Oral
CPM07044	五酯软胶囊	Wuzhi Ruanjiaonang	Oral
CPM07045	五子补肾酒	Wuzi Bushen Jiu	Oral
CPM07046	五子降脂胶囊	Wuzi Jiangzhi Jiaonang	Oral
CPM07047	五子衍宗胶囊	Wuzi Yanzong Jiaonang	Oral
CPM07048	五子衍宗口服液	Wuzi Yanzong Koufuye	Oral
CPM07049	五子衍宗片	Wuzi Yanzong Pian	Oral
CPM07050	五子衍宗软胶囊	Wuzi Yanzong Ruanjiaonang	Oral
CPM07051	五子衍宗丸	Wuzi Yanzong Wan	Oral
CPM07052	五子益肾酒	Wuzi Yishen Jiu	Oral
CPM07053	午时茶	Wushi Cha	Oral
CPM07054	午时茶颗粒	Wushicha Keli	Oral
CPM07055	武力拔寒散	Wuli Bahan San	Topical
CPM07056	戊己丸	Wuji Wan	Oral
CPM07057	鹜芪口服液	Wuqi Koufuye	Oral
CPM07058	西瓜霜	Xigua Shuang	Topical
CPM07059	西瓜霜清咽含片	Xiguashuang Qingyan Hanpian	Oral
CPM07060	西瓜霜润喉片	Xiguashuang Runhou Pian	Oral
CPM07061	西汉古酒	Xihan Gujiu	Oral
CPM07062	西黄胶囊	Xihuang Jiaonang	Oral
CPM07063	西黄清醒丸	Xihuang Qingxing Wan	Oral
CPM07064	西黄丸	Xihuang Wan	Oral
CPM07065	西羚丹	Xiling Dan	Oral
CPM07066	西羚解毒丸	Xiling Jiedu Wan	Oral
CPM07067	西羚丸	Xiling Wan	Oral
CPM07068	西帕依麦孜彼子胶囊	Xipayi Maizibizi Jiaonang	Oral
CPM07069	西帕依麦孜彼子口服液	Xipayi Maizibizi Koufuye	Oral
CPM07070	西青果颗粒	Xiqingguo Keli	Oral
CPM07071	西洋参花粉口服液	Xiyangshen Huafen Koufuye	Oral
CPM07072	西洋参黄芪胶囊	Xiyangshen Huangqi Jiaonang	Oral
CPM07073	西洋参胶囊	Xiyangshen Jiaonang	Oral
CPM07074	西洋参金钱龟合剂	Xiyangshen Jinqiangui Heji	Oral
CPM07075	西园喉药散	Xiyuan Houyao San	Topical
CPM07076	矽肺宁片	Xifeining Pian	Oral
CPM07077	息喘丸	Xichuan Wan	Oral
CPM07078	息咳糖浆	Xike Tangjiang	Oral
CPM07079	息伤乐酊	Xishangle Ding	Topical
CPM07080	锡类散	Xilei San	Topical
CPM07081	豨红通络口服液	Xihong Tongluo Koufuye	Oral
CPM07082	豨桐胶囊	Xitong Jiaonang	Oral
CPM07083	豨桐丸	Xitong Wan	Oral
CPM07084	豨莶风湿胶囊	Xixian Fengshi Jiaonang	Oral
CPM07085	豨莶风湿片	XiXian Fengshi Pian	Oral
CPM07086	豨莶通栓胶囊	Xixian Tongshuan Jiaonang	Oral
CPM07087	豨莶通栓丸	Xixian Tongshuan Wan	Oral
CPM07088	豨蛭络达胶囊	Xizhi Luoda Jiaonang	Oral
CPM07089	熄风通络头痛片	Xifeng Tongluo Toutong Pian	Oral
CPM07090	喜炎平注射液	Xiyanping Zhusheye	Injection
CPM07091	遐龄颗粒	Xialing Keli	Oral
CPM07092	霞天曲	Xiatian Qu	Oral
CPM07093	下乳涌泉散	Xiaru Yongquan San	Oral
CPM07094	下消丸	Xiaxiao Wan	Oral
CPM07095	夏枯草膏	Xiakucao Gao	Oral
CPM07096	夏枯草胶囊	Xiakucao Jiaonang	Oral
CPM07097	夏枯草颗粒	Xiakucao Keli	Oral
CPM07098	夏枯草口服液	Xiakucao Koufuye	Oral
CPM07099	夏枯草片	Xiaokucao Pian	Oral
CPM07100	夏桑菊胶囊	Xiasangju Jiaonang	Oral
CPM07101	夏桑菊颗粒	Xiasangju Keli	Oral
CPM07102	夏天无滴眼液	Xiatianwu Diyanye	Topical
CPM07103	夏天无胶囊	Xiatianwu Jiaonang	Oral
CPM07104	夏天无片	Xiatianwu Pian	Oral
CPM07105	夏天无眼药水	Xiatianwu Yanyaoshui	Topical
CPM07106	夏天无注射液	Xiatianwu Zhusheye	Injection
CPM07107	仙参口服液	Xianshen Koufuye	Oral
CPM07108	仙蟾片	Xianchan Pian	Oral
CPM07109	仙蛾酒	Xian´e Jiu	Oral
CPM07110	仙骨参芪口服液	Xian‘gu Shenqi Koufuye	Oral
CPM07111	仙戟补肾胶囊	Xianji Bushen Jiaonang	Oral
CPM07112	仙乐雄胶囊	Xianlexiong Jiaonang	Oral
CPM07113	仙藜口服液	Xianli Koufuye	Oral
CPM07114	仙灵地黄补肾颗粒	Xianling Dihuang Bushen Keli	Oral
CPM07115	仙灵骨葆胶囊	Xianling Gubao Jiaonang	Oral
CPM07116	仙灵骨葆片	Xianling Gubao Pian	Oral
CPM07117	仙灵脾胶囊	Zianlingpi Jiaonang	Oral
CPM07118	仙灵脾颗粒	Xianlingpi Keli	Oral
CPM07119	仙灵脾片	Xianlingpi Pian	Oral
CPM07120	仙鹿补酒	Xianlu Jiu	Oral
CPM07121	仙鹿口服液	Xianlu Koufuye	Oral
CPM07122	仙人掌胃康胶囊	Xianrenzhang Weikang Jiaonang	Oral
CPM07123	仙茸护肾胶囊	Xianrong Hushen Jiaonang	Oral
CPM07124	仙茸壮阳口服液	Xianrong Zhuangyang Koufuye	Oral
CPM07125	仙茸壮阳片	Xianrong Zhuangyang Pian	Oral
CPM07126	鲜天麻胶囊	Xiantianma Jiaonang	Oral
CPM07127	鲜益母草胶囊	Xian Yimucao Jiaonang	Oral
CPM07128	鲜竹沥	Xianzhuli	Oral
CPM07129	痫愈胶囊	Xianyu Jiaonang	Oral
CPM07130	显齿蛇葡萄总黄酮含片	Xianchisheputaozonghuangtong Hanpian	Oral
CPM07131	苋菜黄连素胶囊	Xiancai Huangliansu Jiaonang	Oral
CPM07132	香丹注射液	Xiangdan Zhusheye	Injection
CPM07133	香茯益血口服液	Xiangfu Yixue Koufuye	Oral
CPM07134	香附调经止痛丸	Xiangfu Tiaojing Zhitong Wan	Oral
CPM07135	香附丸	Xiangfu Wan	Oral
CPM07136	香菇多糖胶囊	Xianggu Duotang Jiaonang	Oral
CPM07137	香菇多糖片	Xianggu Duotang Pian	Oral
CPM07138	香桂活血膏	Xianggui Huoxue Gao	Topical
CPM07139	香果健消胶囊	Xiangguo Jianxiao Jiaonang	Oral
CPM07140	香果健消片	Xiangguo Jianxiao Pian	Oral
CPM07141	香荷止痒软膏	Xianghe Zhiyang Ruangao	Topical
CPM07142	香菊感冒颗粒	Xiangju Ganmao Keli	Oral
CPM07143	香菊含漱液	Xiangju Hanshuye	Topical
CPM07144	香菊胶囊	Xiangju Jiaonang	Oral
CPM07145	香菊片	Xiangju Pian	Oral
CPM07146	香橘丸	Xiangju Wan	Oral
CPM07147	香连化滞片	Xianglian Huazhi Pian	Oral
CPM07148	香连化滞丸	Xianglian Huazhi Wan	Oral
CPM07149	香连胶囊	Xianglian Jiaonang	Oral
CPM07150	香连颗粒	Xianglian Keli	Oral
CPM07151	香连片	Xianglian Pian	Oral
CPM07152	香连丸	Xianglian Wan	Oral
CPM07153	香连止泻片	Xianglian Zhixie Pian	Oral
CPM07154	香青百草油搽剂	Xiangqing Baicaoyou Chaji	Topical
CPM07155	香砂参术茶	Xiangsha Shenzhu Cha	Oral
CPM07156	香砂和胃丸	Xiangsha Hewei Wan	Oral
CPM07157	香砂和中丸	Xiangsha Hezhong Wan	Oral
CPM07158	香砂理中丸	Xiangsha Lizhong Wan	Oral
CPM07159	香砂六君合剂	Xiangsha Liujun Heji	Oral
CPM07160	香砂六君片	Xiangsha Liujun Pian	Oral
CPM07161	香砂六君丸	Xiangsha Liujun Wan	Oral
CPM07162	香砂平胃颗粒	Xiangsha Pingwei Keli	Oral
CPM07163	香砂平胃散	Xiangsha Pingwei San	Oral
CPM07164	香砂平胃丸	Xiangsha Pingwei Wan	Oral
CPM07165	香砂胃苓丸	Xiangsha Weiling Wan	Oral
CPM07166	香砂胃痛散	Xiangsha Weitong San	Oral
CPM07167	香砂养胃胶囊	Xiangsha Yangwei Jiaonang	Oral
CPM07168	香砂养胃颗粒	Xiangsha Yangwei Keli	Oral
CPM07169	香砂养胃口服液	Xiangsha Yangwei Koufuye	Oral
CPM07170	香砂养胃片	Xiangsha Yangwei Pian	Oral
CPM07171	香砂养胃乳剂	Xiangsha Yangwei Ruji	Oral
CPM07172	香砂养胃软胶囊	Xiangsha Yangwei Ruanjiaonang	Oral
CPM07173	香砂养胃丸	Xiangsha Yangwei Wan	Oral
CPM07174	香砂枳术丸	Xiangsha Zhizhu Wan	Oral
CPM07175	香芍颗粒	Xiangshao Keli	Oral
CPM07176	香石双解袋泡剂	Xiangshi Shuangjie Daipaoji	Topical
CPM07177	香苏正胃丸	Xiangsu Zhengwei Wan	Oral
CPM07178	香药风湿止痛膏	Xiangyao Fengshi Zhitong Gao	Topical
CPM07179	香药胃安胶囊	Xiangyao Wei'an Jiaonang	Oral
CPM07180	香药胃安片	Xiangyao Weian Pian	Oral
CPM07181	香榆胃舒合剂	Xiangyu Weishu Heji	Oral
CPM07182	香芷正气胶囊	Xiangzhi Zhengqi Jiaonang	Oral
CPM07183	湘曲	Xiang Qu	Oral
CPM07184	橡皮生肌膏	Xiangpi Shengji Gao	Topical
CPM07185	逍遥合剂	Xiaoyao Heji	Oral
CPM07186	逍遥胶囊	Xiaoyao Jiaonang	Oral
CPM07187	逍遥颗粒	Xiaoyao Keli（Wutang）	Oral
CPM07188	逍遥丸	Xiaoyao Wan	Oral
CPM07189	消癌平注射液	Xiaoaiping Zhusheye	Injection
CPM07190	消白软膏	Xiaobai Ruangao	Topical
CPM07191	消喘膏	Xiaochuan Gao	Topical
CPM07192	消痤丸	Xiaocuo Wan	Oral
CPM07193	消风止痛宁胶囊	Xiaofeng Zhitongning Jiaonang	Oral
CPM07194	消风止痒颗粒	Xiaofeng Zhiyang Keli	Oral
CPM07195	消咳喘分散片	Xiaokechuan Fensanpian	Oral
CPM07196	消咳喘胶囊	Xiaokechuan Jiaonang	Oral
CPM07197	消咳喘片	Xiaokechuan Pian	Oral
CPM07198	消咳喘糖浆	Xiaokechuan Tangjiang	Oral
CPM07199	消咳胶囊	Xiaoke Jiaonang	Oral
CPM07200	消咳颗粒	Xiaoke Keli	Oral
CPM07201	消咳宁片	Xiaokening Pian	Oral
CPM07202	消咳片	Xiaoke Pian	Oral
CPM07203	消咳平喘口服液	Xiaoke Pingchuan Koufuye	Oral
CPM07204	消咳糖浆	Xiaoke Tangjiang	Oral
CPM07205	消核膏	Xiaohe Gao	Topical
CPM07206	消核片	Xiaohe Pian	Oral
CPM07207	消积化虫散	Xiaoji Huachong San	Oral
CPM07208	消积化滞片	Xiaoji Huazhi Pian	Oral
CPM07209	消积洁白丸	Xiaoji Jiebai Wan	Oral
CPM07210	消积顺气丸	Xiaoji Shunqi Wan	Oral
CPM07211	消积通便胶囊	Xiaoji Tongbian Jiaonang	Oral
CPM07212	消积丸	Xiaoji Wan	Oral
CPM07213	消结安胶囊	Xiaojie’an Jiaonang	Oral
CPM07214	消渴降糖胶囊	Xiaoke Jiangtang Jiaonang	Oral
CPM07215	消渴降糖片	Xiaoke Jiangtang Pian	Oral
CPM07216	消渴康颗粒	Xiaokekang Keli	Oral
CPM07217	消渴灵胶囊	Xiaokeling Jiaonang	Oral
CPM07218	消渴灵片	Xiaokeling Pian	Oral
CPM07219	消渴平片	Xiaokeping Pian	Oral
CPM07220	消渴通脉口服液	Xiaoke Tongmai Koufuye	Oral
CPM07221	消渴丸	Xiaoke Wan	Oral
CPM07222	消淋败毒散	Xiaolin Baidu San	Oral
CPM07223	消络痛胶囊	Xiaoluotong Jiaonang	Oral
CPM07224	消络痛片	Xiaoluotong Pian	Oral
CPM07225	消朦片	Xiaomeng Pian	Oral
CPM07226	消糜栓	Xiaomi Shuan	Topical
CPM07227	消糜阴道泡腾片	Xiaomi Yindao Paotengpian	Topical
CPM07228	消疲灵颗粒	Xiaopiling Keli	Oral
CPM07229	消痞和胃胶囊	Xiaopi Hewei Jiaonang	Oral
CPM07230	消乳癖胶囊	Xiaorupi Jiaonang	Oral
CPM07231	消乳散结胶囊	Xiaoru Sanjie Jiaonang	Oral
CPM07232	消石利胆胶囊	Xiaoshi Lidan Jiaonang	Oral
CPM07233	消石片	Xiaoshi Pian	Oral
CPM07234	消食健脾丸	Xiaoshi Jianpi Wan	Oral
CPM07235	消食健胃片	Xiaoshi Jianwei Pian	Oral
CPM07236	消食颗粒	Xiaoshi Keli	Oral
CPM07237	消食十味丸	Xiaoshi Shiwei Wan	Oral
CPM07238	消食顺气片	Xiaoshi Shunqi Pian	Oral
CPM07239	消食贴	Xiaoshi Tie	Topical
CPM07240	消食退热糖浆	Xiaoshi Tuire Tangjiang	Oral
CPM07241	消食养胃片	Xiaoshi Yangwei Pian	Oral
CPM07242	消栓肠溶胶囊	Xiaoshuan Changrong Jiaonang	Oral
CPM07243	消栓肠溶胶囊[消栓胶囊	Xiaoshuan Changrong Jiaonang	Oral
CPM07244	消栓颗粒	Xiaoshuan Keli	Oral
CPM07245	消栓口服液	Xiaoshuan Koufuye	Oral
CPM07246	消栓通颗粒	Xiaoshuantong Keli	Oral
CPM07247	消栓通络胶囊	Xiaoshuan Tongluo Jiaonang	Oral
CPM07248	消栓通络颗粒	Xiaoshuan Tongluo Keli	Oral
CPM07249	消栓通络片	Xiaoshuan Tongluo Pian	Oral
CPM07250	消栓再造丸	Xiaoshuan Zaizao Wan	Oral
CPM07251	消糖灵胶囊	Xiaotangling Jiaonang	Oral
CPM07252	消糖灵片	Xiaotangling Pian	Oral
CPM07253	消痛贴膏	Xiaotong Tiegao	Topical
CPM07254	消眩止晕片	Xiaoxuan Zhiyun Pian	Oral
CPM07255	消炎胶囊	Xiaoyan Jiaonang	Oral
CPM07256	消炎解毒丸	Xiaoyan Jiedu Wan	Oral
CPM07257	消炎解痛巴布膏	Xiaoyan Jietong Babugao	Topical
CPM07258	消炎利胆滴丸	Xiaoyan Lidan Diwan	Oral
CPM07259	消炎利胆分散片	Xiaoyan Lidan Fensanpian	Oral
CPM07260	消炎利胆胶囊	Xiaoyan Lidan Jiaonang	Oral
CPM07261	消炎利胆颗粒	Xiaoyan Lidan Keli	Oral
CPM07262	消炎利胆片	Xiaoyan Lidan Pian	Oral
CPM07263	消炎利胆软胶囊	Xiaoyan Lidan Ruanjiaonang	Oral
CPM07264	消炎灵胶囊	Xiaoyanling Jiaonang	Oral
CPM07265	消炎灵片	Xiaoyanling Pian	Oral
CPM07266	消炎片	Xiaoyan Pian	Oral
CPM07267	消炎生肌膏	Xiaoyan Shengji Gao	Topical
CPM07268	消炎退热合剂	Xiaoyan Tuire Heji	Oral
CPM07269	消炎退热胶囊	Xiaoyan Tuire Jiaonang	Oral
CPM07270	消炎退热颗粒	Xiaoyan Tuire Keli	Oral
CPM07271	消炎癣湿药膏	Xiaoyan Xuanshi Yaogao	Topical
CPM07272	消炎镇痛膏	Xiaoyan Zhentong Gao	Topical
CPM07273	消炎止咳胶囊	Xiaoyan Zhike Jiaonang	Oral
CPM07274	消炎止咳片	Xiaoyan Zhike Pian	Oral
CPM07275	消炎止痢灵片	Xiaoyan Zhililing Pian	Oral
CPM07276	消银胶囊	Xiaoyin Jiaonang	Oral
CPM07277	消银颗粒	Xiaoyin Keli	Oral
CPM07278	消银片	Xiaoyin Pian	Oral
CPM07279	消瘿气瘰丸	Xiaoying Qiluo Wan	Oral
CPM07280	消瘿五海丸	Xiaoying Wuhai Wan	Oral
CPM07281	消瘀定痛膏	Xiaoyu Dingtong Gao	Topical
CPM07282	消瘀康胶囊	Xiaoyukang Jiaonang	Oral
CPM07283	消瘀康片	Xiaoyukang Pian	Oral
CPM07284	消癥丸	Xiaozheng Wan	Oral
CPM07285	消痔灵片	Xiaozhiling Pian	Oral
CPM07286	消痔灵注射液	Xiaozhiling Zhusheye	Injection
CPM07287	消痔软膏	Xiaozhi Ruangao	Topical
CPM07288	消痔栓	Xiaozhi Shuan	Topical
CPM07289	消痔丸	Xiaozhi Wan	Oral
CPM07290	消肿九味散	Xiaozhong Jiuwei San	Topical
CPM07291	消肿片	Xiaozhong Pian	Oral
CPM07292	消肿橡胶膏	Xiaozhong Xiangjiaogao	Topical
CPM07293	消肿镇痛膏	Xiaozhong Zhentong Gao	Topical
CPM07294	消肿止痛酊	Xiaozhong Zhitong Ding	Oral
CPM07295	消肿痔疮胶囊	Xiaozhong Zhichuang Jiaonang	Oral
CPM07296	消肿痔疮片	Xiaozhong Zhichuang Pian	Oral
CPM07297	小败毒膏	Xiaobaidu Gao	Oral
CPM07298	小柴胡胶囊	Xiaochaihu Jiaonang	Oral
CPM07299	小柴胡颗粒	Xiaochaihu KeLi	Oral
CPM07300	小柴胡泡腾片	Xiaochaihu Paotengpian	Oral
CPM07301	小柴胡片	Xiaochaihu Pian	Oral
CPM07302	小柴胡汤丸	Xiaochaihutang Wan（Nongsuowan）	Oral
CPM07303	小儿白贝止咳糖浆	Xiao’er Baibei Zhike Tangjiang	Oral
CPM07304	小儿百部止咳糖浆	Xiao’er Baibu Zhike Tangjiang	Oral
CPM07305	小儿百寿丸	Xiao’er Baishou Wan	Oral
CPM07306	小儿百效片	Xiao´er Baixiao Pian	Oral
CPM07307	小儿宝泰康颗粒	Xiao'er Baotaikang Keli	Oral
CPM07308	小儿鼻炎片	Xiao’er Biyan Pian	Oral
CPM07309	小儿参术健脾丸	Xiao 'er Shenzhu Jianpi Wan	Oral
CPM07310	小儿柴桂退热颗粒	Xiao´er Chaigui Tuire Keli	Oral
CPM07311	小儿柴桂退热口服液	Xiao´er Chaigui Tuire Koufuye	Oral
CPM07312	小儿柴芩清解颗粒	Xiao'er Chaiqin Qingjie Keli	Oral
CPM07313	小儿肠胃康颗粒	Xiao´er Changweikang Keli	Oral
CPM07314	小儿豉翘清热颗粒	Xiao´er Chiqiao Qingre Keli	Oral
CPM07315	小儿导赤片	Xiaoer Daochi Pian	Oral
CPM07316	小儿定喘口服液	Xiaoer Dingchuan Koufuye	Oral
CPM07317	小儿肺闭宁片	Xiao'er Feibining Pian	Oral
CPM07318	小儿肺咳颗粒	Xiao´er Feike Keli	Oral
CPM07319	小儿肺热咳喘颗粒	Xiaoer Feire Kechuan Keli	Oral
CPM07320	小儿肺热咳喘口服液	Xiao’er Feire Kechuan Koufuye	Oral
CPM07321	小儿肺热平胶囊	Xiaoer Feireping Jiaonang	Oral
CPM07322	小儿肺热清颗粒	Xiaoer Feireqing Keli	Oral
CPM07323	小儿肺炎散	Xiaoer Feiyan San	Oral
CPM07324	小儿风热清	Xiaoer Fengreqing	Oral
CPM07325	小儿风热清合剂	Xiao’er Fengreqing Heji	Oral
CPM07326	小儿风热清颗粒	Xiaoer Fengreqing Keli	Oral
CPM07327	小儿风热清口服液	Xiaoer Fengreqing Koufuye	Oral
CPM07328	小儿敷脐止泻散	Xiaoer Fuqi Zhixie San	Topical
CPM07329	小儿扶脾颗粒	Xiao'er Fupi Keli	Oral
CPM07330	小儿复方鸡内金散	Xiao’er Fufang Jineijin San	Oral
CPM07331	小儿腹泻宁合剂	Xiaoer Fuxiening Heji	Oral
CPM07332	小儿腹泻宁糖浆	Xiao’er Fuxiening Tangjiang	Oral
CPM07333	小儿腹泻散	Xiaoer Fuxie San	Oral
CPM07334	小儿腹泻贴	Xiao´er Fuxie Tie	Topical
CPM07335	小儿腹泻外敷散	Xiaoer Fuxie Waifusan	Topical
CPM07336	小儿疳积糖	Xiao'er Ganji Tang	Oral
CPM07337	小儿感冒茶	Xiao’er Ganmao Cha	Oral
CPM07338	小儿感冒颗粒	Xiao’er Ganmao Keli	Oral
CPM07339	小儿感冒口服液	Xiaoer Ganmao Koufuye	Oral
CPM07340	小儿感冒宁合剂	Xiao´er Ganmaoning Heji	Oral
CPM07341	小儿感冒宁颗粒	Xiaoer Ganmaoning Keli	Oral
CPM07342	小儿感冒宁糖浆	Xiao’er Ganmaoning Tangjiang	Oral
CPM07343	小儿感冒片	Xiao'er Ganmao Pian	Oral
CPM07344	小儿感冒散	Xiaoer Ganmao San	Oral
CPM07345	小儿感冒舒颗粒	Xiaoer Ganmaoshu Keli	Oral
CPM07346	小儿感冒退热糖浆	Xiao’er GanmaoTuireTangjiang	Oral
CPM07347	小儿功劳止泻颗粒	Xiao’er Gonglao Zhixie Keli	Oral
CPM07348	小儿广朴止泻口服液	Xiao'er Guangpo Zhixie Koufuye	Oral
CPM07349	小儿咳喘灵颗粒	Xiao’er Kechuanling Keli	Oral
CPM07350	小儿咳喘灵口服液	Xiao’er Kechuanling Koufuye	Oral
CPM07351	小儿咳喘灵泡腾颗粒	Xiaoer Kechuanling Paotengkeli	Oral
CPM07352	小儿咳喘灵泡腾片	Xiaoer Kechuanling Paotengpian	Oral
CPM07353	小儿咳喘宁糖浆	Xiao'er Kechuanning Tangjiang	Oral
CPM07354	小儿咳嗽宁糖浆	Xiao´er Kesouning Tangjiang	Oral
CPM07355	小儿咳嗽糖浆	Xiao'er Kesou Tangjiang	Oral
CPM07356	小儿和胃丸	Xiao Er He Wei Wan	Oral
CPM07357	小儿和胃消食片	Xiaoer Hewei Xiaoshi Pian	Oral
CPM07358	小儿葫芦散	Xiao’er Hulu San	Oral
CPM07359	小儿琥珀丸	Xiao´er Hupo Wan	Oral
CPM07360	小儿化毒胶囊	Xiao‘er Huadu Jiaonang	Oral
CPM07361	小儿化毒散	Xiaoer Huadu San	Oral
CPM07362	小儿化食口服液	Xiao'er Huashi Koufuye	Oral
CPM07363	小儿化食丸	Xiao´er Huashi Wan	Oral
CPM07364	小儿化痰止咳颗粒	Xiao’er Huatan Zhike Keli	Oral
CPM07365	小儿化痰止咳糖浆	Xiao´er Huatan Zhike Tangjiang	Oral
CPM07366	小儿化滞健脾丸	Xiao'er Huazhi Jianpi Wan	Oral
CPM07367	小儿化滞散	Xiao'er Huazhi San	Oral
CPM07368	小儿回春丸	Xiao’er Huichun Wan	Oral
CPM07369	小儿健脾开胃合剂	Xiaoer Jianpi Kaiwei Heji	Oral
CPM07370	小儿健脾口服液	Xiao'er Jianpi Koufuye	Oral
CPM07371	小儿健脾平肝颗粒	Xiao'er Jianpi Pinggan Keli	Oral
CPM07372	小儿健脾散	Xiao´er Jianpi San	Oral
CPM07373	小儿健脾贴膏	Xiao ’erJianpi Tiegao	Topical
CPM07374	小儿健脾丸	Xiao’er Jianpi Wan	Oral
CPM07375	小儿健脾养胃颗粒	Xiao'er Jianpi Yangwei Keli	Oral
CPM07376	小儿健脾止泻丸	Xiao'er Jianpi Zhixie Wan	Oral
CPM07377	小儿健胃宁口服液	Xiao´er Jianweining Koufuye	Oral
CPM07378	小儿健胃糖浆	Xiao’er Jianwei Tangjiang	Oral
CPM07379	小儿解表颗粒	Xiao’er Jiebiao Keli	Oral
CPM07380	小儿解表口服液	Xiao’er Jiebiao Koufuye	Oral
CPM07381	小儿解表止咳口服液	Xiao´er Jiebiao Zhike Koufuye	Oral
CPM07382	小儿解感颗粒	Xiao’er Jiegan Keli	Oral
CPM07383	小儿解感片	xiaoer Jiegan Pian	Oral
CPM07384	小儿解热栓	Xiao'er Jiere Shuan	Topical
CPM07385	小儿金丹	Xiaoer Jindan	Oral
CPM07386	小儿金丹片	Xiaoer Jindan Pian	Oral
CPM07387	小儿金翘颗粒	Xiao´er Jinqiao Keli	Oral
CPM07388	小儿惊风七厘散	Xiao’erjingfeng Qili San	Oral
CPM07389	小儿惊风散	Xiao’er Jingfeng San	Oral
CPM07390	小儿康颗粒	Xiao´erkang Keli	Oral
CPM07391	小儿抗痫胶囊	Xiao’er Kangxian Jiaonang	Oral
CPM07392	小儿利湿止泻颗粒	Xiao’er Lishi Zhixie Keli	Oral
CPM07393	小儿羚羊散	Xiaoer Lingyang San	Oral
CPM07394	小儿麻甘颗粒	Xiao’er Magan Keli	Oral
CPM07395	小儿秘通口服液	Xiao´er Mitong Koufuye	Oral
CPM07396	小儿明目丸	Xiao‘er Mingmu Wan	Oral
CPM07397	小儿磨积片	Xiao´er Moji Pian	Oral
CPM07398	小儿牛黄颗粒	Xiao’er Niuhuang Keli	Oral
CPM07399	小儿牛黄清肺片	Xiao´er Niuhuang Qingfei Pian	Oral
CPM07400	小儿牛黄清肺散	Xiao'er Niuhuang Qingfei San	Oral
CPM07401	小儿牛黄清心散	Xiao'er Niuhuang Qinxin San	Oral
CPM07402	小儿牛黄散	Xiao’er Niuhuang San	Oral
CPM07403	小儿七星茶颗粒	Xiao’er Qixingcha Keli	Oral
CPM07404	小儿七星茶口服液	Xiao´er Qixingcha Koufuye	Oral
CPM07405	小儿七星茶糖浆	Xiao´er Qixingcha Tangjiang	Oral
CPM07406	小儿七珍丸	Xiaoer Qizhen Wan	Oral
CPM07407	小儿脐风散	Xiao’er Qifeng San	Oral
CPM07408	小儿启脾片	Xiao’er Qipi Pian	Oral
CPM07409	小儿启脾丸	Xiao ’er Qipi Wan	Oral
CPM07410	小儿清毒糖浆	Xiao'er Qingdu Tangjiang	Oral
CPM07411	小儿清肺八味丸	Xiaoer Qingfei Bawei Wan	Oral
CPM07412	小儿清肺化痰咀嚼片	Xiaoer Qingfei Huatan Jujuepian	Oral
CPM07413	小儿清肺化痰颗粒	Xiao´er Qingfei Huatan Keli	Oral
CPM07414	小儿清肺化痰口服液	Xiao’er Qingfei Huatan Koufuye	Oral
CPM07415	小儿清肺化痰泡腾片	Xiaoer Qingfei Huatan Paotengpian	Oral
CPM07416	小儿清肺颗粒	Xiao'er Qingfei Keli	Oral
CPM07417	小儿清肺散	Xiao＇er Qingfei San	Oral
CPM07418	小儿清肺止咳片	Xiao´er Qingfei Zhike Pian	Oral
CPM07419	小儿清感灵片	Xiao´er Qingganling Pian	Oral
CPM07420	小儿清解冲剂	Xiao´er Qingjie Chongji	Oral
CPM07421	小儿清解颗粒	Xiao’er Qingjie Keli	Oral
CPM07422	小儿清凉止痒酊	Xiao’er Qingliang Zhiyang Ding	Topical
CPM07423	小儿清热感康口服液	Xiaoer Qingre Gankang Koufuye	Oral
CPM07424	小儿清热化痰栓	Xiao'er Qingre Huatan Shuan	Topical
CPM07425	小儿清热利肺口服液	Xiao’er Qingre Lifei Koufuye	Oral
CPM07426	小儿清热灵	Xiaoer Qingre Ling	Oral
CPM07427	小儿清热宁颗粒	Xiao´er Qingrening Keli	Oral
CPM07428	小儿清热宣肺贴膏	Xiao’er Qingre Xuanfei Tiegao	Topical
CPM07429	小儿清热止咳颗粒	Xia’er Qingre Zhike Keli	Oral
CPM07430	小儿清热止咳口服液	Xiao´er Qingre Zhike Koufuye	Oral
CPM07431	小儿清热止咳糖浆	Xiao´er Qingre Zhike Tangjiang	Oral
CPM07432	小儿清热止咳丸	Xiao’er Qingre Zhike Wan	Oral
CPM07433	小儿清咽颗粒	Xiao’er Qingyan Keli	Oral
CPM07434	小儿热咳口服液	Xiao’er Reke Koufuye	Oral
CPM07435	小儿热速清颗粒	Xiao’er Resuqing Keli	Oral
CPM07436	小儿热速清口服液	Xiao’er Resuqing Koufuye	Oral
CPM07437	小儿热速清糖浆	Xiao'er Resuqing Tangjiang	Oral
CPM07438	小儿渗湿止泻散	Xiao’er Shenshi Zhixie San	Oral
CPM07439	小儿生血糖浆	Xiao'er Shengxue Tangjiang	Oral
CPM07440	小儿石蔻散	Xiaoer Shikou San	Oral
CPM07441	小儿暑感宁糖浆	Xiao’er Shuganning Tangjiang	Oral
CPM07442	小儿双解止泻颗粒	Xiaoer Shuangjie Zhixie Keli	Oral
CPM07443	小儿双金清热口服液	Xiaoer Shuangjin Qingre Koufuye	Oral
CPM07444	小儿双清颗粒	Xiao'er Shuangqing Keli	Oral
CPM07445	小儿四症丸	Xiaoer Sizheng Wan	Oral
CPM07446	小儿太极丸	Xiao Er Tai Ji Wan	Oral
CPM07447	小儿吐泻宁	XiaoerTuxiening（San）	Oral
CPM07448	小儿退热颗粒	Xiao´er Tuire Keli	Oral
CPM07449	小儿退热口服液	Xiao'er Tuire Koufuye	Oral
CPM07450	小儿胃宝片	Xiaoer Weibao Pian	Oral
CPM07451	小儿胃宝丸	Xiao'er Weibao Wan	Oral
CPM07452	小儿喜食咀嚼片	Xiaoer Xishi Jujuepian	Oral
CPM07453	小儿喜食颗粒	Xiao‘er Xishi Keli	Oral
CPM07454	小儿喜食片	Xiao ’er Xishi Pian	Oral
CPM07455	小儿喜食糖浆	Xiao'er Xishi Tangjiang	Oral
CPM07456	小儿香橘丸	Xiao’er Xiangju Wan	Oral
CPM07457	小儿消咳片	Xiaoer Xiaoke Pian	Oral
CPM07458	小儿消积驱虫散	Xiaoer Xiaoji Quchong San	Oral
CPM07459	小儿消积止咳颗粒	Xiao′er Xiaoji Zhike Keli	Oral
CPM07460	小儿消积止咳口服液	Xiaoer Xiaoji Zhike Koufuye	Oral
CPM07461	小儿消食健胃丸	Xiao'er Xiaoshi Jianwei Wan	Oral
CPM07462	小儿消食咀嚼片	Xiao'er Xiaoshi Jujue Pian	Oral
CPM07463	小儿消食开胃颗粒	Xiao'er Xiaoshi Kaiwei Keli	Oral
CPM07464	小儿消食颗粒	Xiao’er Xiaoshi Keli	Oral
CPM07465	小儿消食片	Xiao’er Xiaoshi Pian	Oral
CPM07466	小儿泄泻停颗粒	Xiao'er Xiexieting Keli	Oral
CPM07467	小儿泻速停颗粒	Xiao’er Xiesuting Keli	Oral
CPM07468	小儿泻止散	Xiaoer Xiezhi San	Oral
CPM07469	小儿宣肺止咳颗粒	Xiao’er Xuanfei Zhike Keli	Oral
CPM07470	小儿厌食颗粒	Xiaoer Yanshi Keli	Oral
CPM07471	小儿厌食口服液	Xiao´er Yanshi Koufuye	Oral
CPM07472	小儿咽扁颗粒	Xiao’er Yanbian Keli	Oral
CPM07473	小儿夜啼颗粒	Xiao’er Yeti Keli	Oral
CPM07474	小儿益麻颗粒	Xiao'er Yima Keli	Oral
CPM07475	小儿增食片	Xiao´er Zengshi Pian	Oral
CPM07476	小儿增食丸	Xiao’er Zengshi Wan	Oral
CPM07477	小儿珍贝散	Xiao'er Zhenbei San	Oral
CPM07478	小儿珍珠镇惊丸	Xiao’er Zhenzhu Zhenjing Wan	Oral
CPM07479	小儿镇惊散	Xiao’er Zhenjing San	Oral
CPM07480	小儿镇惊丸	Xiao’er Zhenjing Wan	Oral
CPM07481	小儿止咳糖浆	Xiao'er Zhike Tangjiang	Oral
CPM07482	小儿止嗽金丹	Xiaoer Zhisu Jindan	Oral
CPM07483	小儿止嗽金丸	Xiao'er Zhisou Jinwan	Oral
CPM07484	小儿止嗽糖浆	Xiao'er Zhisou Tangjiang	Oral
CPM07485	小儿止泻安颗粒	Xiaoer Zhixiean KeLi	Oral
CPM07486	小儿止泻灵颗粒	Xiao'er Zhixieling Keli	Oral
CPM07487	小儿止泻贴	Xiao'er Zhixie Tie	Topical
CPM07488	小儿至宝丸	Xiao'er Zhibao Wan	Oral
CPM07489	小儿治哮灵片	Xiao’er Zhixiaoling Pian	Oral
CPM07490	小儿智力糖浆	Xiao' er Zhili Tangjiang	Oral
CPM07491	小活络片	Xiaohuoluo Pian	Oral
CPM07492	小活络丸	Xiaohuoluo Wan	Oral
CPM07493	小建中合剂	Xiaojianzhong Heji	Oral
CPM07494	小建中胶囊	Xiaojianzhong Jiaonang	Oral
CPM07495	小建中颗粒	Xiaojianzhong Keli	Oral
CPM07496	小建中片	Xiaojianzhong Pian	Oral
CPM07497	小金胶囊	Xiaojin Jiaonang	Oral
CPM07498	小金片	Xiaojin Pian	Oral
CPM07499	小金丸	Xiaojin Wan	Oral
CPM07500	小青龙合剂	Xiaoqinglong Heji	Oral
CPM07501	小青龙胶囊	Xiaoqinglong Jiaonang	Oral
CPM07502	小青龙颗粒	Xiaoqinglong Keli	Oral
CPM07503	哮喘宁颗粒	Xiaochuanning Keli	Oral
CPM07504	哮喘片	Xiaochuan Pian	Oral
CPM07505	哮喘丸	Xiaochuan Wan	Oral
CPM07506	协日嘎四味汤胶囊	Xieriga Siweitang Jiaonang	Oral
CPM07507	泻白糖浆	Xiebai Tangjiang	Oral
CPM07508	泻白丸	Xiebai Wan	Oral
CPM07509	泻毒散	Xiedu San	Topical
CPM07510	泻肺定喘片	Xiefei Dingchuan Pian	Oral
CPM07511	泻肝安神胶囊	Xiegan Anshen Jiaonang	Oral
CPM07512	泻肝安神丸	Xiegan Anshen Wan	Oral
CPM07513	泻火解毒片	Xiehuo Jiedu Pian	Oral
CPM07514	泻痢保童丸	Xieli Baotong Wan	Oral
CPM07515	泻痢固肠片	Xieli Guchang Pian	Oral
CPM07516	泻痢固肠丸	Xieli Guchang Wan	Oral
CPM07517	泻痢消片	Xielixiao Pian	Oral
CPM07518	泻痢消丸	Xielixiao Wan	Oral
CPM07519	泻青丸	Xieqing Wan	Oral
CPM07520	泻热合剂	Xiere Heji	Oral
CPM07521	泻停封胶囊	Xietingfeng Jiaonang	Oral
CPM07522	泻停胶囊	Xieting Jiaonang	Oral
CPM07523	蟹黄肤宁软膏	Xiehuangfuning Ruangao	Topical
CPM07524	心安胶囊	Xin’an Jiaonang	Oral
CPM07525	心安宁片	Xinanning Pian	Oral
CPM07526	心安软胶囊	Xin´an Ruanjiaonang	Oral
CPM07527	心宝丸	Xinbao Wan	Oral
CPM07528	心达康滴丸	Xindakang Diwan	Oral
CPM07529	心达康片	Xindakang Pian	Oral
CPM07530	心复康胶囊	Xinfukang Jiaonang	Oral
CPM07531	心肝宝胶囊	Xinganbao Jiaonang	Oral
CPM07532	心肌泰胶囊	Xinjitai Jiaonang	Oral
CPM07533	心可宁胶囊	Xinkening Jiaonang	Oral
CPM07534	心可舒胶囊	Xinkeshu Jiaonang	Oral
CPM07535	心可舒颗粒	XinKeshu Keli	Oral
CPM07536	心可舒片	Xinkeshu Pian	Oral
CPM07537	心可舒丸	Xinkeshu Wan	Oral
CPM07538	心力丸	Xinli Wan	Oral
CPM07539	心灵丸	Xinling Wan	Oral
CPM07540	心律宁片	Xinlǜning Pian	Oral
CPM07541	心脉安片	Xinmai’an Pian	Oral
CPM07542	心脉通胶囊	Xinmaitong Jiaonang	Oral
CPM07543	心脉通片	Xinmaitong Pian	Oral
CPM07544	心脑健胶囊	Xinnaojian Jiaonang	Oral
CPM07545	心脑健片	Xinnaojian Pian	Oral
CPM07546	心脑静片	Xinnaojing Pian	Oral
CPM07547	心脑康胶囊	Xinnaokang Jiaonang	Oral
CPM07548	心脑康片	Xinnaokang Pian	Oral
CPM07549	心脑联通胶囊	Xinnao Liantong Jiaonang	Oral
CPM07550	心脑宁胶囊	Xinnaoning Jiaonang	Oral
CPM07551	心脑清软胶囊	Xinnaoqing Ruanjiaonang	Oral
CPM07552	心脑舒颗粒	Xinnaoshu Keli	Oral
CPM07553	心脑舒口服液	Xinnaoshu Koufuye	Oral
CPM07554	心脑舒通胶囊	Xinnao Shutong Jiaonang	Oral
CPM07555	心脑舒通片	Xinnao Shutong Pian	Oral
CPM07556	心脑欣胶囊	Xinnaoxin Jiaonang	Oral
CPM07557	心脑欣片	Xinnaoxin Pian	Oral
CPM07558	心脑欣丸	Xinnaoxin Wan	Oral
CPM07559	心宁胶囊	Xinning Jiaonang	Oral
CPM07560	心宁片	Xinning Pian	Oral
CPM07561	心脾补益颗粒	Xinpi Buyi Keli	Oral
CPM07562	心荣胶囊	Xinrong Jiaonang	Oral
CPM07563	心荣颗粒	Xinrong Keli	Oral
CPM07564	心荣片	Xinrong Pian	Oral
CPM07565	心神安胶囊	Xinshen’an Jiaonang	Oral
CPM07566	心神宁胶囊	Xinshenning Jiaonang	Oral
CPM07567	心神宁片	Xinshenning Pian	Oral
CPM07568	心舒宝胶囊	Xinshubao Jiaonang	Oral
CPM07569	心舒宝片	Xinshubao Pian	Oral
CPM07570	心舒胶囊	Xinshu Jiaonang	Oral
CPM07571	心舒乐片	Xinshule Pian	Oral
CPM07572	心舒宁胶囊	Xinshuning Jianang	Oral
CPM07573	心舒宁片	Xinshuning Pian	Oral
CPM07574	心舒丸	Xinshu Wan	Oral
CPM07575	心速宁胶囊	Xinsuning Jiaonang	Oral
CPM07576	心通颗粒	Xintong Keli	Oral
CPM07577	心通口服液	Xintong Koufuye	Oral
CPM07578	心痛康片	Xintongkang Pian	Oral
CPM07579	心痛宁滴丸	Xintongning Diwan	Oral
CPM07580	心痛宁喷雾剂	Xintongning Penwuji	Topical
CPM07581	心胃止痛胶囊	Xinwei Zhitong Jiaonang	Oral
CPM07582	心无忧片	Xinwuyou Pian	Oral
CPM07583	心欣舒胶囊	Xinxinshu Jiaonang	Oral
CPM07584	心血宁胶囊	Xinxuening Jiaonang	Oral
CPM07585	心血宁片	Xinxuening Pian	Oral
CPM07586	心益好胶囊	Xinyihao Jiaonang	Oral
CPM07587	心元胶囊	Xinyuan Jiaonang	Oral
CPM07588	心悦胶囊	Xinyue Jiaonang	Oral
CPM07589	辛芳鼻炎胶囊	Xinfang Biyan Jiaonang	Oral
CPM07590	辛芩颗粒	Xinqin Keli	Oral
CPM07591	辛芩片	Xinqin Pian	Oral
CPM07592	辛夷鼻炎丸	Xinyi Biyan Wan	Oral
CPM07593	欣力康颗粒	Xinlikang Keli	Oral
CPM07594	新肤螨灵软膏	Xinfumanling Ruangao	Topical
CPM07595	新肤螨软膏	Xinfuman Ruangao	Topical
CPM07596	新复方大青叶片	Xinfufang Daqingye Pian	Oral
CPM07597	新癀片	Xinhuang Pian	Oral
CPM07598	新健胃片	Xin Jianwei Pian	Oral
CPM07599	新力正骨喷雾剂	Xinli Zhenggu Penwuji	Topical
CPM07600	新清宁胶囊	Xinqingning Jiaonang	Oral
CPM07601	新清宁片	Xinqingning Pian	Oral
CPM07602	新生化颗粒	Xinshenghua Keli	Oral
CPM07603	新生化片	Xinshenghua Pian	Oral
CPM07604	新雪胶囊	Xinxue Jiaonang	Oral
CPM07605	新雪颗粒	Xinxue Keli	Oral
CPM07606	新雪片	Xinxue Pian	Oral
CPM07607	新雪丸	Xinxue Wan	Oral
CPM07608	新血宝胶囊	Xinxuebao Jiaonang	Oral
CPM07609	行军散	Xingjun San	Oral
CPM07610	醒脑安神胶囊	Xingnao Anshen Jiaonang	Oral
CPM07611	醒脑安神片	Xingnao Anshen Pian	Oral
CPM07612	醒脑降压丸	Xingnao Jiangya Wan	Oral
CPM07613	醒脑静注射液	Xingnaojing Zhusheye	Injection
CPM07614	醒脑库克亚片	Xingnao Kukeya Pian	Oral
CPM07615	醒脑牛黄清心片	Xingnao Niuhuang Qingxin Pian	Oral
CPM07616	醒脑再造胶囊	Xingnao Zaizao Jiaonang	Oral
CPM07617	醒脑再造丸	Xingnao Zaizao Wan	Oral
CPM07618	醒脾胶囊	Xingpi Jiaonang	Oral
CPM07619	醒脾开胃颗粒	Xingpi Kaiwei Keli	Oral
CPM07620	醒脾养儿胶囊	Xingpi Yang’er Jiaonang	Oral
CPM07621	醒脾养儿颗粒	Xingpi Yang'er Keli	Oral
CPM07622	醒消丸	Xingxiao Wan	Oral
CPM07623	杏贝止咳颗粒	Xingbei Zhike KeLi	Oral
CPM07624	杏荷止咳糖浆	Xinghe Zhike Tangjiang	Oral
CPM07625	杏灵滴丸	Xingling Diwan	Oral
CPM07626	杏灵分散片	Xingling Fensanpian	Oral
CPM07627	杏仁止咳合剂	Xingren Zhike Heji	Oral
CPM07628	杏仁止咳颗粒	Xingren Zhike Keli	Oral
CPM07629	杏仁止咳口服液	Xingren Zhike Koufuye	Oral
CPM07630	杏仁止咳糖浆	Xingren Zhike Tangjiang	Oral
CPM07631	杏苏二陈丸	Xingsu Erchen Wan	Oral
CPM07632	杏苏感冒颗粒	Xingsu Ganmao Keli	Oral
CPM07633	杏苏合剂	Xingsu Heji	Oral
CPM07634	杏苏止咳颗粒	Xingsu Zhike Keli	Oral
CPM07635	杏苏止咳口服液	Xingsu Zhike Koufuye	Oral
CPM07636	杏苏止咳软胶囊	Xingsu Zhike Ruanjiaonang	Oral
CPM07637	杏苏止咳糖浆	Xingsu Zhike Tangjiang	Oral
CPM07638	杏菀止咳颗粒	Xingwan Zhike Keli	Oral
CPM07639	杏香兔耳风胶囊	Xingxiang Tu’erfeng Jiaonang	Oral
CPM07640	杏香兔耳风颗粒	Xingxiang Tu’erfeng Keli	Oral
CPM07641	杏香兔耳风片	Xingxiangtuerfeng Pian	Oral
CPM07642	杏香兔耳风软胶囊	Xingxiangtu'erfeng Ruanjiaonang	Oral
CPM07643	芎菊上清颗粒	Xiongju Shangqing Keli	Oral
CPM07644	芎菊上清片	Xiongju Shangqing Pian	Oral
CPM07645	芎菊上清丸	Xiongju Shangqing Wan	Oral
CPM07646	芎香通脉丸	Qiongxiang Tongmai Wan	Oral
CPM07647	芎芷痛瘀散	Xiongzhi Tongyu San	Topical
CPM07648	芎芷止痛颗粒	Xiongzhi Zhitong Keli	Oral
CPM07649	雄蛾参茸合剂	Xionge Shenrong Heji	Oral
CPM07650	熊胆川贝口服液	Xiongdan Chuanbei Koufuye	Oral
CPM07651	熊胆滴丸	Xiongdan Diwan	Oral
CPM07652	熊胆滴眼液	Xiongdan Diyanye	Topical
CPM07653	熊胆跌打膏	Xiongdan Dieda Gao	Topical
CPM07654	熊胆粉	Xiongdan Fen	Topical
CPM07655	熊胆粉滴眼液	Xiongdanfen Diyanye	Topical
CPM07656	熊胆含片	Xiongdan Hanpian	Oral
CPM07657	熊胆黄芩滴眼液	Xiongdan Huangqin Diyanye	Topical
CPM07658	熊胆降热片	Xiongdan Jiangre Pian	Oral
CPM07659	熊胆胶囊	Xiongdan Jiaonang	Oral
CPM07660	熊胆酒	Xiongdan Jiu	Oral
CPM07661	熊胆救心丹	Xiongdan Jiuxin Dan	Oral
CPM07662	熊胆救心丸	Xiongdan Jiuxin Wan	Oral
CPM07663	熊胆咀嚼片	Xiongdan Jujue Pian	Oral
CPM07664	熊胆开明片	Xiongdan Kaiming Pian	Oral
CPM07665	熊胆排石片	Xiongdan Paishi Pian	Oral
CPM07666	熊胆舒肝利胆胶囊	Xiongdan Shugan Lidan Jiaonang	Oral
CPM07667	熊胆栓	Xiongdan Shuan	Topical
CPM07668	熊胆眼药水	Xiongdan Yanyaoshui	Topical
CPM07669	熊胆茵陈口服液	Xiongdan Yinchen Koufuye	Oral
CPM07670	熊胆痔疮膏	Xiongdan Zhichuang Gao	Topical
CPM07671	熊胆痔灵膏	Xiongdan Zhiling Gao	Topical
CPM07672	熊胆痔灵栓	Xiongdan Zhiling Shuan	Topical
CPM07673	虚寒胃痛胶囊	Xuhan Weitong Jiaonang	Oral
CPM07674	虚寒胃痛颗粒	Xuhan Weitong Keli	Oral
CPM07675	虚汗停胶囊	Xuhanting Jiaonang	Oral
CPM07676	虚汗停颗粒	Xuhanting Keli	Oral
CPM07677	虚汗停糖浆	Xuhanting Tangjiang	Oral
CPM07678	续参酒	Xushen Jiu	Oral
CPM07679	续断壮骨胶囊	Xuduan Zhuanggu Jiaonang	Oral
CPM07680	宣肺败毒颗粒	Xuanfei baidu Keli	Oral
CPM07681	宣肺止嗽合剂	Xuanfei Zhisou Heji	Oral
CPM07682	玄驹胶囊	Xuanju Jiaonang	Oral
CPM07683	玄驹片	Xuanju Pian	Oral
CPM07684	玄麦甘桔含片	Xuanmai Ganjie Hanpian	Oral
CPM07685	玄麦甘桔胶囊	Xuanmai Ganjie Jiaonang	Oral
CPM07686	玄麦甘桔颗粒	Xuanmai Ganjie Keli	Oral
CPM07687	玄麦柑桔颗粒	Xuanmai Ganjie Keli	Oral
CPM07688	玄七通痹胶囊	Xuanqi Tongbi Jiaonang	Oral
CPM07689	玄芪口服液	Xuanqi Koufuye	Oral
CPM07690	癣宁搽剂	Xuanning Chaji	Topical
CPM07691	癣湿药水	Xuanshi Yaoshui	Topical
CPM07692	癣药膏	Xuanyao Gao	Topical
CPM07693	癣药玉红膏	Xuanyao Yuhong Gao	Topical
CPM07694	眩晕宁颗粒	Xuanyunning Keli	Oral
CPM07695	眩晕宁片	Xuanyunning Pian	Oral
CPM07696	雪胆解毒丸	Xuedan Jiedu Wan	Oral
CPM07697	雪胆素	Xuedansu	Oral
CPM07698	雪胆素胶囊	Xuedansu Jiaonang	Oral
CPM07699	雪胆胃肠丸	Xuedan Weichang Wan	Oral
CPM07700	雪哈虫草软胶囊	Xueha Chongcao Ruanjiaonang	Oral
CPM07701	雪哈大补素片	Xueha Dabusu Pian	Oral
CPM07702	雪哈灵芝酒	Xueha Lingzhi Jiu	Oral
CPM07703	雪梨蜜膏	Xueli Mi Gao	Oral
CPM07704	雪梨止咳糖浆	Xueli Zhike Tangjiang	Oral
CPM07705	雪莲虫草合剂	Xuelian Chongcao Heji	Oral
CPM07706	雪莲归芪口服液	Xuelian Guiqi Koufuye	Oral
CPM07707	雪莲口服液	Xuelian Koufuye	Oral
CPM07708	雪莲药酒	Xuelian Yaojiu	Oral
CPM07709	雪莲注射液	Xuelian Zhusheye	Injection
CPM07710	雪奇药酒	Xueqi Yaojiu	Oral
CPM07711	雪山金罗汉止痛涂膜剂	Xueshan Jinluohan Zhitong Tumoji	Topical
CPM07712	雪山胃宝胶囊	Xueshan Weibao Jiaonang	Oral
CPM07713	雪山胃宝丸	Xueshan Weibao Wan	Oral
CPM07714	雪上花搽剂	Xueshanghua Chaji	Topical
CPM07715	血安胶囊	Xue’an Jiaonang	Oral
CPM07716	血宝胶囊	Xuebao Jiaonang	Oral
CPM07717	血宝片	Xuebao Pian	Oral
CPM07718	血必净注射液	Xuebijing Zhusheye	Injection
CPM07719	血府逐瘀胶囊	Xuefu Zhuyu Jiaonang	Oral
CPM07720	血府逐瘀颗粒	Xuefu Zhuyu Keli	Oral
CPM07721	血府逐瘀口服液	Xuefu Zhuyu Koufuye	Oral
CPM07722	血府逐瘀泡腾片	Xuefu Zhuyu Paoteng Pian	Oral
CPM07723	血府逐瘀片	Xuefu Zhuyu Pian	Oral
CPM07724	血府逐瘀软胶囊	Xuefuzhuyu Ruanjiaonang	Oral
CPM07725	血府逐瘀丸	Xuefu Zhuyu Wan	Oral
CPM07726	血复生胶囊	Xuefusheng Jiaonang	Oral
CPM07727	血复生片	Xuefusheng Pian	Oral
CPM07728	血康胶囊	Xuekang Jiaonang	Oral
CPM07729	血康颗粒	Xuekang Keli	Oral
CPM07730	血康口服液	Xuekang Koufuye	Oral
CPM07731	血络通口服液	Xueluotong Koufuye	Oral
CPM07732	血脉清片	Xuemaiqing Pian	Oral
CPM07733	血脉通胶囊	Xuemaitong Jiaonang	Oral
CPM07734	血美安胶囊	Xuemei´an Jiaonang	Oral
CPM07735	血美安片	Xuemei’an Pian	Oral
CPM07736	血尿安胶囊	Xueniao´an Jiaonang	Oral
CPM07737	血尿安片	Xueniaoan Pian	Oral
CPM07738	血尿胶囊	Xueniao Jiaonang	Oral
CPM07739	血尿片	Xueniao Pian	Oral
CPM07740	血宁安吉杷尔糖浆	Xuening’an Jipa’er Tangjiang	Oral
CPM07741	血宁胶囊	Xuening Jiaonang	Oral
CPM07742	血宁颗粒	Xuening Keli	Oral
CPM07743	血宁片	Xuening Pian	Oral
CPM07744	血宁糖浆	Xuening Tangjiang	Oral
CPM07745	血平胶囊	Xueping Jiaonang	Oral
CPM07746	血平片	Xueping Pian	Oral
CPM07747	血塞通滴丸	Xuesaitong Diwan	Oral
CPM07748	血塞通分散片	Xuesaitong Fensanpian	Oral
CPM07749	血塞通胶囊	Xuesaitong Jiaonang	Oral
CPM07750	血塞通咀嚼片	Xuesaitong Jujue Pian	Oral
CPM07751	血塞通颗粒	Xuesaitong Keli	Oral
CPM07752	血塞通泡腾片	Xuesaitong Paoteng Pian	Oral
CPM07753	血塞通片	Xuesaitong Pian	Oral
CPM07754	血塞通软胶囊	Xuesaitong Ruanjiaonang	Oral
CPM07755	血塞通注射液	Xuesaitong Zhusheye	Injection
CPM07756	血骚普清散	Xuesao Puqing San	Oral
CPM07757	血生口服液	Xuesheng Koufuye	Oral
CPM07758	血栓通胶囊	Xueshuantong Jiaonang	Oral
CPM07759	血栓通注射液	Xueshuantong Zhusheye	Injection
CPM07760	血栓心脉宁胶囊	Xueshuan Xinmaining Jiaonang	Oral
CPM07761	血栓心脉宁片	Xueshuan Xinmaining Pian	Oral
CPM07762	血速升颗粒	Xuesusheng Keli	Oral
CPM07763	血压安巴布膏	Xueya'an Babugao	Topical
CPM07764	血压平片	Xueyaping Pian	Oral
CPM07765	血瘀通颗粒	Xueyutong Keli	Oral
CPM07766	血再生片	Xuezaisheng Pian	Oral
CPM07767	血脂康	Xuezhikang	Oral
CPM07768	血脂康胶囊	Xuezhikang Jiaonang	Oral
CPM07769	血脂康片	Xuezhikang Pian	Oral
CPM07770	血脂灵胶囊	Xuezhiling Jiaonang	Oral
CPM07771	血脂灵片	Xuezhiling Pian	Oral
CPM07772	血脂宁丸	Xuezhining Wan	Oral
CPM07773	血脂平胶囊	Xuezhiping Jiaonang	Oral
CPM07774	血滞通胶囊	Xuezhitong Jiaonang	Oral
CPM07775	荨麻疹丸	Xunmazhen Wan	Oral
CPM07776	鸦胆子油口服乳液	Yadanziyou Koufuruye	Oral
CPM07777	鸦胆子油乳注射液	Yadanziyouru Zhusheye	Injection
CPM07778	鸦胆子油软胶囊	Yadanziyou Ruanjiaonang	Oral
CPM07779	牙痛宁滴丸	Yatongning Diwan	Oral
CPM07780	牙痛停滴丸	Yatongting Diwan	Topical
CPM07781	牙痛药水	Yatong Yaoshui	Topical
CPM07782	牙痛一粒丸	Yatong Yili Wan	Topical
CPM07783	雅叫哈顿散	Yajiao Hadun San	Oral
CPM07784	雅解片	Yajie Pian	Oral
CPM07785	延参健胃胶囊	Yanshen Jianwei Jiaonang	Oral
CPM07786	延丹胶囊	Yandan Jiaonang	Oral
CPM07787	延丹胃舒胶囊	Yandan Weishu Jiaonang	Oral
CPM07788	延胡胃安胶囊	Yanhu Wei’an Jiaonang	Oral
CPM07789	延龄长春胶囊	Yanling Changchun Jiaonang	Oral
CPM07790	延寿片	Yanshou Pian	Oral
CPM07791	芫蒿护肝片	Yuanhao Hugan Pian	Oral
CPM07792	岩果止咳液	Yanguo Zhike Ye	Oral
CPM07793	岩黄连注射液	Yanhuanglian Zhusheye	Injection
CPM07794	岩鹿乳康胶囊	Yanlu Rukang Jiaonang	Oral
CPM07795	炎见宁片	Yanjianning Pian	Oral
CPM07796	炎可宁胶囊	Yankening Jiaonang	Oral
CPM07797	炎可宁片	Yankening Pian	Oral
CPM07798	炎可宁丸	Yankening Wan	Oral
CPM07799	炎立消胶囊	Yanlixiao Jiaonang	Oral
CPM07800	炎立消片	Yanlixiao Pian	Oral
CPM07801	炎立消丸	Yanlixiao Wan	Oral
CPM07802	炎痢净片	Yanlijing Pian	Oral
CPM07803	炎宁胶囊	Yanning Jiaonang	Oral
CPM07804	炎宁颗粒	Yanning Keli	Oral
CPM07805	炎宁片	Yanning Pian	Oral
CPM07806	炎宁糖浆	YanningTangjiang	Oral
CPM07807	炎热清胶囊	Yanreqing Jiaonang	Oral
CPM07808	炎热清颗粒	Yanreqing Keli	Oral
CPM07809	炎热清片	Yanreqing Pian	Oral
CPM07810	炎热清软胶囊	Yanreqing Ruanjiaonang	Oral
CPM07811	炎消迪娜儿糖浆	Yanxiaodinaer Tangjiang	Oral
CPM07812	盐蛇散	Yanshe San	Oral
CPM07813	眼敷膏	Yanfu Gao	Topical
CPM07814	眼药锭	Yanyao Ding	Topical
CPM07815	厌食康颗粒	Yanshikang Keli	Oral
CPM07816	咽喉清喉滴丸	Yanhou Qinghou Diwn	Oral
CPM07817	咽喉清喉片	Yanhou Qinghou Pian	Oral
CPM07818	咽喉消炎丸	Yanhou Xiaoyan Wan	Oral
CPM07819	咽康滴丸	Yankang Diwan	Oral
CPM07820	咽康含片	Yankang Hanpian	Oral
CPM07821	咽舒胶囊	Yanshu Jiaonang	Oral
CPM07822	咽舒口服液	Yanshu Koufuye	Oral
CPM07823	咽速康气雾剂	Yansukang Qiwuji	Topical
CPM07824	咽炎含片	Yanyan Hanpian	Oral
CPM07825	咽炎胶囊	Yanyan Jiaonang	Oral
CPM07826	咽炎片	Yanyan Pian	Oral
CPM07827	咽炎清片	Yanyanqing Pian	Oral
CPM07828	咽炎清丸	Yanyanqing Wan	Oral
CPM07829	羊胆胶囊	Yangdan Jiaonang	Oral
CPM07830	羊肝明目片	Yanggan Mingmu Pian	Oral
CPM07831	羊藿巴戟口服液	Yanghuo Baji Koufuye	Oral
CPM07832	羊藿三川颗粒	Yanghuo Sanchuan Keli	Oral
CPM07833	羊藿三七胶囊	Yanghuo Sanqi Jiaonang	Oral
CPM07834	羊藿三七片	Yanghuo Sanqi Pian	Oral
CPM07835	羊藿益肾酒	Yanghuo Yishen Jiu	Oral
CPM07836	羊痫疯癫丸	Yangxianfengdian Wan	Oral
CPM07837	阳春合剂	Yangchun Heji	Oral
CPM07838	阳春胶囊	Yangchun Jiaonang	Oral
CPM07839	阳春口服液	Yangchun Koufuye	Oral
CPM07840	阳春玉液	Yangchun Yuye	Oral
CPM07841	阳和解凝膏	Yanghe Jiening Gao	Topical
CPM07842	洋参保肺胶囊	Yangshen Baofei Jiaonang	Oral
CPM07843	洋参保肺颗粒	Yangshen Baofei Keli	Oral
CPM07844	洋参保肺丸	Yangshen Baofei Wan	Oral
CPM07845	洋参虫草益肾口服液	Yangshen Chongcao Yishen Koufuye	Oral
CPM07846	洋参龟灵口服液	Yangshen Guiling Koufuye	Oral
CPM07847	洋参五加口服液	Yangshen Wujia Koufuye	Oral
CPM07848	洋参雪哈口服液	Yangshen Xueha Koufuye	Oral
CPM07849	养肺丸	Yangfei Wan（Damiwan）	Oral
CPM07850	养肝还睛丸	Yanggan Huanjing Wan	Oral
CPM07851	养肝口服液	Yanggan Koufuye	Oral
CPM07852	养肝益肾袋泡茶	Yanggan Yishen Daipaocha	Oral
CPM07853	养脾散	Yangpi San	Oral
CPM07854	养荣百草丸	Yangrong Baicao Wan	Oral
CPM07855	养荣祛斑膏	Yangrong Quban Gao	Topical
CPM07856	养荣丸	Yangrong Wan	Oral
CPM07857	养肾补血颗粒	Yangshen Buxue Keli	Oral
CPM07858	养肾活血酒	Yangshen Huoxue Jiu	Oral
CPM07859	养胃颗粒	Yangwei Keli	Oral
CPM07860	养胃宁胶囊	Yangweining Jiaonang	Oral
CPM07861	养胃片	Yangwei Pian	Oral
CPM07862	养胃舒胶囊	Yangweishu Jiaonang	Oral
CPM07863	养胃舒颗粒	Yangweishu Keli	Oral
CPM07864	养胃舒软胶囊	Yangweishu Ruanjiaonang	Oral
CPM07865	养心安神丸	Yangxin Anshen Wan	Oral
CPM07866	养心达瓦依米西克蜜膏	Yangxin Dawayimixike Migao	Oral
CPM07867	养心定悸膏	Yangxin Dingji Gao	Oral
CPM07868	养心定悸胶囊	Yangxin Dingji Jiaonang	Oral
CPM07869	养心定悸颗粒	Yangxin Dingji Keli	Oral
CPM07870	养心定悸口服液	Yangxin Dingji Koufuye	Oral
CPM07871	养心宁神丸	Yangxin Ningshen Wan	Oral
CPM07872	养心生脉颗粒	Yangxin Shengmai Keli	Oral
CPM07873	养心氏片	Yangxinshi Pian	Oral
CPM07874	养血安神颗粒	Yangxue Anshen Keli	Oral
CPM07875	养血安神片	Yangxue Anshen Pian	Oral
CPM07876	养血安神糖浆	Yangxue Anshen Tangjiang	Oral
CPM07877	养血安神丸	Yangxue Anshen Wan	Oral
CPM07878	养血补肾口服液	Yangxue Bushen Koufuye	Oral
CPM07879	养血补肾丸	Yangxue Bushen Wan	Oral
CPM07880	养血当归胶囊	Yangxue Danggui Jiaonang	Oral
CPM07881	养血当归精	Yangxue Dangguijing	Oral
CPM07882	养血当归颗粒	Yangxue Danggui keli	Oral
CPM07883	养血当归软胶囊	Yangxue Danggui Ruanjiaonang	Oral
CPM07884	养血当归糖浆	Yangxue Danggui Tangjiang	Oral
CPM07885	养血调经膏	Yangxue Tiaojing Gao	Topical
CPM07886	养血口服液	Yangxue Koufuyao	Oral
CPM07887	养血清脑颗粒	Yangxue Qingnao Keli	Oral
CPM07888	养血清脑丸	Yangxue Qiangnao Wan	Oral
CPM07889	养血祛风丸	Yangxue Qufeng Wan	Oral
CPM07890	养血荣发颗粒	Yangxue Rongfa Keli	Oral
CPM07891	养血荣筋丸	Yangxue Rongjin Wan	Oral
CPM07892	养血生发胶囊	Yangxue Shengfa Jiaonang	Oral
CPM07893	养血退热丸	Yangxue Tuire Wan	Oral
CPM07894	养血饮胶囊	Yangxueyin Jiaonang	Oral
CPM07895	养血饮颗粒	Yangxueyin Keli	Oral
CPM07896	养血饮口服液	Yangxueyin Koufuye	Oral
CPM07897	养血饮片	Yangxueyin Pian	Oral
CPM07898	养血愈风酒	Yangxue Yufeng Jiu	Oral
CPM07899	养阴护齿含片	Yangyin Huchi Hanpian	Oral
CPM07900	养阴降糖颗粒	Yangyin Jiangtang Keli	Oral
CPM07901	养阴降糖片	Yangyin Jiangtang Pian	Oral
CPM07902	养阴降压胶囊	Yangyin Jiangya Jiaonang	Oral
CPM07903	养阴口香合剂	Yangyin Kouxiang Heji	Oral
CPM07904	养阴清肺膏	Yangyin Qingfei Gao	Oral
CPM07905	养阴清肺合剂	Yangyin Qingfei Heji	Oral
CPM07906	养阴清肺颗粒	Yangyin Qingfei Keli	Oral
CPM07907	养阴清肺口服液	Yangyin Qingfei Koufuye	Oral
CPM07908	养阴清肺糖浆	Yangyin Qingfei Tangjiang	Oral
CPM07909	养阴清肺丸	Yangyin Qingfei Wan	Oral
CPM07910	养阴清胃颗粒	Yangyin Qingwei Keli	Oral
CPM07911	养阴生肌散	Yangyin Shengji San	Topical
CPM07912	养阴生血合剂	Yangyin Shengxue Heji	Oral
CPM07913	养阴镇静片	Yangyin Zhenjing Pian	Oral
CPM07914	养阴镇静丸	Yangyin Zhenjing Wan	Oral
CPM07915	养元益肾酒	Yangyuan Yishen Jiu	Oral
CPM07916	养正合剂	Yangzheng Heji	Oral
CPM07917	养正消积胶囊	Yangzheng Xiaoji Jiaonang	Oral
CPM07918	腰痹通胶囊	Yaobitong Jiaonang	Oral
CPM07919	腰肾膏	Yaoshen Gao	Topical
CPM07920	腰疼丸	Yaoteng Wan	Oral
CPM07921	腰痛胶囊	Yaotong Jiaonang	Oral
CPM07922	腰痛宁胶囊	Yaotongning Jiaonang	Oral
CPM07923	腰痛片	Yaotong Pian	Oral
CPM07924	腰痛丸	Yaotong Wan	Oral
CPM07925	腰腿痛丸	Yaotuitong Wan	Oral
CPM07926	腰息痛胶囊	Yaoxitong Jiaonang	Oral
CPM07927	腰椎痹痛丸	Yaozhui Bitong Wan	Oral
CPM07928	药酒丸	Yaojiu Wan	Oral
CPM07929	药墨	Yaomo	Topical
CPM07930	药制橄榄盐	Yaozhi Ganlan Yan	Oral
CPM07931	药制龟苓膏	Yaozhi Guilinggao	Oral
CPM07932	椰露止咳合剂	Yelu Zhike Heji	Oral
CPM07933	噎膈丸	Yege Wan	Oral
CPM07934	野菊花胶囊	Yejuhua Jiaonang	Oral
CPM07935	野菊花颗粒	Yejuhua Keli	Oral
CPM07936	野菊花栓	Yejuhua Shuan	Topical
CPM07937	野菊花注射液	Yejuhua Zhusheye	Injection
CPM07938	野马追颗粒	Yemazhui Keli	Oral
CPM07939	野马追片	Yemazhui Pian	Oral
CPM07940	野马追糖浆	Yemazhui Tangjiang	Oral
CPM07941	野牡丹颗粒	Yemudan Keli	Oral
CPM07942	野牡丹止痢片	Yemudan Zhili Pian	Oral
CPM07943	野木瓜胶囊	Yemugua Jiaonang	Oral
CPM07944	野木瓜片	Yemugua Pian	Oral
CPM07945	野木瓜注射液	Yemugua Zhusheye	Injection
CPM07946	野苏胶囊	Yesu Jiaonang	Oral
CPM07947	野苏颗粒	Yesu Keli	Oral
CPM07948	叶金排石胶囊	Yejin Paishi Jiaonang	Oral
CPM07949	叶绿油	Yelü You	Topical
CPM07950	叶下珠分散片	Yexiazhu Fensan Pian	Oral
CPM07951	叶下珠胶囊	Yexiazhu Jiaonang	Oral
CPM07952	叶下珠颗粒	Yexiazhu Keli	Oral
CPM07953	叶下珠片	Yexiazhu Pian	Oral
CPM07954	夜尿宁丸	Yeniaoning Wan	Oral
CPM07955	夜宁合剂	Yening Heji	Oral
CPM07956	夜宁胶囊	Yening Jiaonang	Oral
CPM07957	夜宁颗粒	Yening Keli	Oral
CPM07958	夜宁口服液	Yening Koufuye	Oral
CPM07959	夜宁糖浆	Yening Tangjiang	Oral
CPM07960	液体清凉油	Yeti Qingliang You	Topical
CPM07961	腋臭粉	Yexiu Fen	Topical
CPM07962	一把抓	Yibazhua	Oral
CPM07963	一粒止痛丸	Yili Zhitong Wan	Oral
CPM07964	一粒珠	Yili Zhu	Oral
CPM07965	一捻金	Yinianjin	Oral
CPM07966	一捻金胶囊	Yinianjin Jiaonang	Oral
CPM07967	一清滴丸	Yiqing Diwan	Oral
CPM07968	一清胶囊	Yiqing Jiaonang	Oral
CPM07969	一清颗粒	Yiqing Keli	Oral
CPM07970	一清片	Yiqing Pian	Oral
CPM07971	一清软胶囊	Yiqing Ruanjiaonang	Oral
CPM07972	一扫光药膏	Yisaoguang Yaogao	Topical
CPM07973	一枝蒿伤湿祛痛膏	Yizhihao Shangshi Qutong Gao	Topical
CPM07974	一柱天酒	Yizhutian Jiu	Oral
CPM07975	伊木萨克片	Yimusake Pian	Oral
CPM07976	伊痛舒合剂	Yitongshu Heji	Oral
CPM07977	伊痛舒口服液	Yitongshu Koufuye	Oral
CPM07978	伊痛舒注射液	Yitongshu Zhusheye	Injection
CPM07979	伊血安颗粒	Yixue’an Keli	Oral
CPM07980	医痫丸	Yixian Wan	Oral
CPM07981	依马打正红花油	Yimada Zhenghonghua You	Topical
CPM07982	宜肝乐颗粒	Yiganle Keli	Oral
CPM07983	胰胆舒胶囊	Yidanshu Jiaonang	Oral
CPM07984	胰胆舒颗粒	Yidanshu Keli	Oral
CPM07985	胰胆炎合剂	Yidanyan Heji	Oral
CPM07986	颐和春胶囊	Yihechun Jiaonang	Oral
CPM07987	颐神颗粒	Yishen Keli	Oral
CPM07988	彝心康胶囊	Yixinkang Jiaonang	Oral
CPM07989	乙肝扶正胶囊	Yigan Fuzheng Jiaonang	Oral
CPM07990	乙肝健片	Yiganjian Pian	Oral
CPM07991	乙肝解毒胶囊	Yigan Jiedu Jiaonang	Oral
CPM07992	乙肝解毒丸	Yigan Jiedong Wan	Oral
CPM07993	乙肝灵胶囊	Yiganling Jiaonang	Oral
CPM07994	乙肝灵丸	Yiganling Wan	Oral
CPM07995	乙肝宁颗粒	Yiganning Keli	Oral
CPM07996	乙肝宁片	Yiganning Pian	Oral
CPM07997	乙肝清热解毒胶囊	Yigan Qingre Jiedu Jiaonang	Oral
CPM07998	乙肝清热解毒片	Yigan Qingre Jiedu Pian	Oral
CPM07999	乙肝舒康胶囊	Yigan Shukang Jiaonang	Oral
CPM08000	乙肝舒康颗粒	Yigan Shukang Keli	Oral
CPM08001	乙肝舒康片	Yigan Shukang Pian	Oral
CPM08002	乙肝养阴活血颗粒	Yigan Yangyin Huoxue Keli	Oral
CPM08003	乙肝益气解郁颗粒	Yigan Yiqi Jieyu Keli	Oral
CPM08004	蚁参护肝口服液	Yishen Hugan Koufuye	Oral
CPM08005	蚁参蠲痹胶囊	Yishen Juanbi Jiaonang	Oral
CPM08006	蚁参药酒	Yishen Yaojiu	Oral
CPM08007	蚁陈固涩口服液	Yichen Guse Koufuye	Oral
CPM08008	蚁红通络口服液	Yihong Tongluo Koufuye	Oral
CPM08009	蚁黄口服液	Yihuang Koufuye	Oral
CPM08010	蚁黄通络胶囊	Yihuang Tongluo Jiaonang	Oral
CPM08011	抑亢散	Yikang San	Oral
CPM08012	抑亢丸	Yikang Wan	Oral
CPM08013	抑眩宁胶囊	Yixuanning Jiaonang	Oral
CPM08014	抑眩宁颗粒	Yixuanning Keli	Oral
CPM08015	益安宁丸	Yi´anning Wan	Oral
CPM08016	益鼻喷雾剂	Yibi Penwuji	Topical
CPM08017	益胆胶囊	Yidan Jiaonang	Oral
CPM08018	益胆片	Yidan Pian	Oral
CPM08019	益肺化痰胶囊	Yifei Huatan Jiaonang	Oral
CPM08020	益肺健脾颗粒	Yifei Jianpi Keli	Oral
CPM08021	益肺胶囊	Yifei Jiaonang	Oral
CPM08022	益肺清化膏	Yifei Qinghua Gao	Oral
CPM08023	益肺清化颗粒	Yifei Qinghua Keli	Oral
CPM08024	益肺止咳胶囊	Yifei Zhike Jiaonang	Oral
CPM08025	益妇止血丸	Yifu Zhixue Wan	Oral
CPM08026	益肝冲剂	Yigan Chongji	Oral
CPM08027	益肝活血明目丸	Yigan Huoxue Mingmu Wan	Oral
CPM08028	益肝解毒茶	Yigan Jiedu Cha	Oral
CPM08029	益肝颗粒	Yigan Keli	Oral
CPM08030	益肝乐胶囊	Yiganle Jiaonang	Oral
CPM08031	益肝乐颗粒	Yiganle Keli	Oral
CPM08032	益肝养血酒	Yigan Yangxue Jiu	Oral
CPM08033	益宫颗粒	Yigong Keli	Oral
CPM08034	益宫宁血口服液	Yigong Ningxue Koufuye	Oral
CPM08035	益金解毒片	Yijin Jiedu Pian	Oral
CPM08036	益津降糖胶囊	Yijin Jiangtang Jiaonang	Oral
CPM08037	益津降糖颗粒	Yijin Jiangtang Keli	Oral
CPM08038	益津降糖口服液	Yijin Jiangtang Koufuye	Oral
CPM08039	益精口服液	Yijing Koufuye	Oral
CPM08040	益康补元颗粒	Yikang Buyuan Keli	Oral
CPM08041	益康胶囊	Yikang Jiaonang	Oral
CPM08042	益坤宁颗粒	Yikunning Keli	Oral
CPM08043	益坤宁片	Yikunning Pian	Oral
CPM08044	益坤丸	Yikun Wan	Oral
CPM08045	益龄精	Yilingjing	Oral
CPM08046	益脉康滴丸	Yimaikang Diwan	Oral
CPM08047	益脉康分散片	Yimaikang Fensanpian	Oral
CPM08048	益脉康胶囊	Yimaikang Jiaonang	Oral
CPM08049	益脉康片	Yimaikang Pian	Oral
CPM08050	益脉康软胶囊	Yimaikang Ruanjiaonang	Oral
CPM08051	益母草冲剂	Yimucao Chongji	Oral
CPM08052	益母草分散片	Yimucao Fensanpian	Oral
CPM08053	益母草膏	Yimucao Gao	Oral
CPM08054	益母草胶囊	Yimucao Jiaonang	Oral
CPM08055	益母草颗粒	Yimucao Keli	Oral
CPM08056	益母草口服液	Yimucao Koufuye	Oral
CPM08057	益母草流浸膏	Yimucao Liujingao	Oral
CPM08058	益母草片	Yimucao Pian	Oral
CPM08059	益母草软胶囊	Yimucao Ruanjiaonang	Oral
CPM08060	益母草注射液	Yimucao Zhusheye	Injection
CPM08061	益母冲剂	Yimu Chongji	Oral
CPM08062	益母胶囊	Yimu Jiaonang	Oral
CPM08063	益母康颗粒	Yimukang Keli	Oral
CPM08064	益母颗粒	Yimu Keli	Oral
CPM08065	益母片	Yimu Pian	Oral
CPM08066	益母丸	Yimu Wan	Oral
CPM08067	益脑复健胶囊	Yinao Fujian Jiaonang	Oral
CPM08068	益脑胶囊	Yinao Jiaonang	Oral
CPM08069	益脑宁胶囊	Yinaoning Jiaonang	Oral
CPM08070	益脑宁片	Yinaoning Pian	Oral
CPM08071	益脑片	Yinao Pian	Oral
CPM08072	益脑心颗粒	Yinaoxin Keli	Oral
CPM08073	益诺胶囊	Yinuo Jiaonang	Oral
CPM08074	益脾壮身散	Yipi Zhuangshen San	Oral
CPM08075	益气安神片	Yiqi Anshen Pian	Oral
CPM08076	益气补肾胶囊	Yiqi Bushen Jiaonang	Oral
CPM08077	益气补血片	Yiqi Buxue Pian	Oral
CPM08078	益气聪明丸	Yiqi Congming Wan	Oral
CPM08079	益气复脉胶囊	Yiqi Fumai Jiaonang	Oral
CPM08080	益气复脉颗粒	Yiqi Fumai Keli	Oral
CPM08081	益气复脉口服液	Yiqi Fumai Koufuye	Oral
CPM08082	益气固肾胶囊	Yiqi Gushen Jiaonang	Oral
CPM08083	益气和胃胶囊	Yiqi Hewei Jiaonang	Oral
CPM08084	益气活血颗粒	Yiqi Huoxue Keli	Oral
CPM08085	益气健脾口服液	Yiqi Jianpi Koufuye	Oral
CPM08086	益气六君丸	Yiqi Liujun Wan	Oral
CPM08087	益气强身胶囊	Yiqi Qiangshen Jiaonang	Oral
CPM08088	益气强身颗粒	Yiqiqiangshen Keli	Oral
CPM08089	益气祛痰合剂	Yiqi Qutan Heji	Oral
CPM08090	益气润肠膏	Yiqi Runchang Gao	Oral
CPM08091	益气生津降糖胶囊	Yiqi Shengjin Jiangtang Jiaonang	Oral
CPM08092	益气糖康胶囊	Yiqi Tangkang Jiaonang	Oral
CPM08093	益气通络颗粒	Yiqi Tongluo Keli	Oral
CPM08094	益气维血胶囊	Yiqiweixue Jiaonang	Oral
CPM08095	益气维血颗粒	Yiqi Weixue Keli	Oral
CPM08096	益气维血片	Yiqi Weixue Pian	Oral
CPM08097	益气温阳胶囊	Yiqi Wenyang Jiaonang	Oral
CPM08098	益气养心片	Yiqi Yangxin Pian	Oral
CPM08099	益气养血补酒	Yiqi Yangxue Bujiu	Oral
CPM08100	益气养血合剂	Yiqi Yangxue Heji	Oral
CPM08101	益气养血口服液	Yiqiyangxue Koufuye	Oral
CPM08102	益气养血口服液/合剂	Yiqi Yangxue Koufuye /Heji	Oral
CPM08103	益气养阴口服液	Yiqi Yangyin Koufuye	Oral
CPM08104	益气养元颗粒	Yiqi Yangyuan Keli	Oral
CPM08105	益气止血颗粒	Yiqi Zhixue Keli	Oral
CPM08106	益身灵丸	Yishenling Wan	Oral
CPM08107	益肾安神膏	Yishen Anshen Gao	Oral
CPM08108	益肾安神口服液	Yishen Anshen Koufuye	Oral
CPM08109	益肾补骨胶囊	Yishen Bugu Jiaonang	Oral
CPM08110	益肾补骨液	Yishen Bugu Ye	Oral
CPM08111	益肾化湿颗粒	Yishen Huashi Keli	Oral
CPM08112	益肾健骨胶囊	Yishen Jiangu Jiaonang	Oral
CPM08113	益肾健骨片	Yishen Jiangu Pian	Oral
CPM08114	益肾健胃口服液	Yishen Jianwei Koufuye	Oral
CPM08115	益肾健腰口服液	Yishen Jianyao Koufuye	Oral
CPM08116	益肾蠲痹丸	Yishen Juanbi Wan	Oral
CPM08117	益肾灵胶囊	Yishenling Jiaonang	Oral
CPM08118	益肾灵颗粒	Yishenling Keli	Oral
CPM08119	益肾强身丸	Yishen Qiangshen Wan	Oral
CPM08120	益肾生发丸	Yishen Shengfa Wan	Oral
CPM08121	益肾十七味丸	Yishen Shiqiwei Wan	Oral
CPM08122	益肾糖浆	Yishen Tangjiang	Oral
CPM08123	益肾丸	Yishen Wan	Oral
CPM08124	益肾乌发口服液	Yishen Wufa Koufuye	Oral
CPM08125	益肾消渴胶囊	Yishen Xiaoke Jiaonang	Oral
CPM08126	益肾消肿丸	Yishen Xiaozhong Wan	Oral
CPM08127	益肾兴阳胶囊	Yishen Xingyang Jiaonang	Oral
CPM08128	益肾兴阳丸	Yishen Xingyang Wan	Oral
CPM08129	益肾养元合剂	Yishen Yangyuan Heji	Oral
CPM08130	益肾养元颗粒	Yishen Yangyuan Keli	Oral
CPM08131	益肾液	Yishen Ye	Oral
CPM08132	益肾壮骨胶囊	Yishen Zhuanggu Jiaonang	Oral
CPM08133	益肾壮阳膏	Yishen Zhuangyang Gao	Topical
CPM08134	益视颗粒	Yishi Keli	Oral
CPM08135	益视口服液	Yishi Koufuye	Oral
CPM08136	益视清颗粒	Yishiqing Keli	Oral
CPM08137	益寿大补酒	Yishou Dabujiu	Oral
CPM08138	益寿强身膏	Yishou Qiangshen Gao	Oral
CPM08139	益髓颗粒	Yisui Keli	Oral
CPM08140	益糖平颗粒	Yitangping Keli	Oral
CPM08141	益胃膏	Yiwei Gao	Oral
CPM08142	益胃口服液	Yiwei Koufuye	Oral
CPM08143	益香当红膏	Yixiang Danghong Gao	Oral
CPM08144	益心巴迪然吉布亚颗粒	Yixin Badiranjibuya Keli（Wutang）	Oral
CPM08145	益心复脉颗粒	Yixin Fumai Keli	Oral
CPM08146	益心健脾颗粒	Yixin Jianpi Keli	Oral
CPM08147	益心康片	Yixinkang Pian	Oral
CPM08148	益心康泰胶囊	Yixin Kangtai Jiaonang	Oral
CPM08149	益心颗粒	Yixin Keli	Oral
CPM08150	益心口服液	Yixin Koufuye	Oral
CPM08151	益心宁神片	Yixin Ningshen Pian	Oral
CPM08152	益心舒胶囊	Yixinshu Jiaonang	Oral
CPM08153	益心舒颗粒	Yixinshu Keli	Oral
CPM08154	益心舒片	Yixinshu Pian	Oral
CPM08155	益心舒丸	Yixinshu Wan	Oral
CPM08156	益心通脉颗粒	Yixin Tongmai Keli	Oral
CPM08157	益心酮滴丸	Yixintong Diwan	Oral
CPM08158	益心酮分散片	Yixintong Fensanpian	Oral
CPM08159	益心酮胶囊	Yixintong Jiaonang	Oral
CPM08160	益心酮片	Yixintong Pian	Oral
CPM08161	益心酮软胶囊	Yixintong Ruanjiaonang	Oral
CPM08162	益心丸	Yixin Wan	Oral
CPM08163	益心阳口服液	Yixinyang Koufuye	Oral
CPM08164	益虚宁片	Yixuning Pian	Oral
CPM08165	益血膏	Yixue Gao	Oral
CPM08166	益血合剂	Yixue Heji	Oral
CPM08167	益血晶颗粒	Yixuejing Keli	Oral
CPM08168	益血生胶囊	Yixuesheng Jiaonang	Oral
CPM08169	益血生片	Yixuesheng Pian	Oral
CPM08170	益血糖浆	Yixue Tangjiang	Oral
CPM08171	益元黄精糖浆	Yiyuan Huangjing Tangjiang	Oral
CPM08172	益元散	Yiyuan San	Oral
CPM08173	益脂平胶囊	Yizhiping Jiaonang	Oral
CPM08174	益智康脑丸	Yizhikangnao Wan	Oral
CPM08175	益智温肾十味丸	Yizhi Wenshen Shiwei Wan	Oral
CPM08176	益中生血胶囊	Yizhong Shengxue Jiaonang	Oral
CPM08177	益中生血片	Yizhong Shengxue Pian	Oral
CPM08178	薏参胶囊	Yishen Jiaonang	Oral
CPM08179	薏人口服液	Yiren Koufuye	Oral
CPM08180	薏辛除湿止痛胶囊	Yixin Chushi Zhitong Jiaonang	Oral
CPM08181	薏芽健脾凝胶	Yiya Jianpi Ningjiao	Oral
CPM08182	阴虚胃痛胶囊	Yinxu Weitong Jiaonang	Oral
CPM08183	阴虚胃痛颗粒	Yinxu Weitong Keli	Oral
CPM08184	阴虚胃痛片	Yinxu Weitong Pian	Oral
CPM08185	阴痒康洗剂	Yinyangkang Xiji	Topical
CPM08186	茵白肝炎冲剂	Yinbai Ganyan Chongji	Oral
CPM08187	茵白肝炎胶囊	Yinbai Ganyan Jiaonang	Oral
CPM08188	茵白肝炎颗粒	Yinbai Ganyan Keli	Oral
CPM08189	茵陈酒	Yinchen Jiu	Oral
CPM08190	茵陈退黄胶囊	Yinchen Tuihuang Jiaonang	Oral
CPM08191	茵陈五疸丸	Yinchen Wudan Wan	Oral
CPM08192	茵陈五苓糖浆	Yinchen Wulin Tangjiang	Oral
CPM08193	茵陈五苓丸	Yinchen Wuling Wan	Oral
CPM08194	茵胆平肝胶囊	Yindan Pinggan Jiaonang	Oral
CPM08195	茵黄肝复颗粒	Yinhuang Ganfu Keli	Oral
CPM08196	茵莲清肝颗粒	Yinlian Qinggan Keli	Oral
CPM08197	茵芪肝复颗粒	Yinqi Ganfu keli	Oral
CPM08198	茵山莲颗粒	Yinshanlian Keli	Oral
CPM08199	茵栀黄胶囊	Yinzhihuang Jiaonang	Oral
CPM08200	茵栀黄颗粒	Yinzhihuang Keli	Oral
CPM08201	茵栀黄口服液	Yinzhihuang Koufuye	Oral
CPM08202	茵栀黄泡腾片	Yinzhihuang Paotengpian	Oral
CPM08203	茵栀黄片	Yinzhihuang Pian	Oral
CPM08204	茵栀黄软胶囊	Yinzhihuang Ruanjiaonang	Oral
CPM08205	茵栀黄注射液	Yinzhihuang Zhusheye	Injection
CPM08206	银贝止咳颗粒	Yinbei Zhike Keli	Oral
CPM08207	银冰消痤酊	Yinbing Xiaocuo Ding	Topical
CPM08208	银参通络胶囊	Yinshen Tongluo Jiaonang	Oral
CPM08209	银柴合剂	Yinchai Heji	Oral
CPM08210	银柴颗粒	Yinchai Keli	Oral
CPM08211	银丹心脑通软胶囊	Yindan Xinnaotong Ruanjiaonang	Oral
CPM08212	银丹心泰滴丸	Yindanxintai Diwan	Oral
CPM08213	银耳孢糖胶囊	Yin’erbaotang Jiaonang	Oral
CPM08214	银红补肾药酒	Yinhong Bushen Yaojiu	Oral
CPM08215	银胡感冒散	Yinhu Ganmao San	Topical
CPM08216	银胡抗感合剂	Yinhu Kanggan Heji	Oral
CPM08217	银花感冒冲剂	Yinhua Ganmao Chongji	Oral
CPM08218	银花感冒颗粒	Yinhua Ganmao Keli	Oral
CPM08219	银花抗感片	Yinhua Kanggan Pian	Oral
CPM08220	银花口服液	Yinhua Koufuye	Oral
CPM08221	银花芒果胶囊	Yinhua Mangguo Jiaonang	Oral
CPM08222	银花芒果颗粒	Yinhua Mangguo Keli	Oral
CPM08223	银花芒果片	Yinhua Mangguo Pian	Oral
CPM08224	银花泌炎灵片	Yinhua Miyanling Pian	Oral
CPM08225	银花平感颗粒	Yinhua Pinggan Keli	Oral
CPM08226	银黄冲剂	Yinhuang Chongji	Oral
CPM08227	银黄滴丸	Yinhuang Diwan	Oral
CPM08228	银黄分散片	Yinhuang Fensan Pian	Oral
CPM08229	银黄含化滴丸	Yinhuang Hanhua Diwan	Oral
CPM08230	银黄含化片	Yinhuang Hanhua Pian	Oral
CPM08231	银黄含片	Yinhuang Hanpian	Oral
CPM08232	银黄胶囊	Yinhuang Jiaonang	Oral
CPM08233	银黄咀嚼片	Yinhuang Jujuepian	Oral
CPM08234	银黄颗粒	Yinhuang Keli	Oral
CPM08235	银黄口服液	Yinhuang Koufuye	Oral
CPM08236	银黄片	Yinhuang Pian（Tangyi）	Oral
CPM08237	银黄平喘气雾剂	Yinhuang Pinchan Qiwuji	Topical
CPM08238	银黄清肺胶囊	Yinhuang Qingfei Jiaonang	Oral
CPM08239	银黄软胶囊	Yinhuang Ruanjiaonang	Oral
CPM08240	银黄丸	Yinhuang Wan	Oral
CPM08241	银桔利咽含片	Yinju Liyan Hanpian	Oral
CPM08242	银菊感冒片	Yinju Ganmao Pian	Oral
CPM08243	银菊清解片	Yinju Qingjie Pian	Oral
CPM08244	银菊清咽颗粒	Yinju Qingyan Keli	Oral
CPM08245	银蓝通络口服液	Yinlan Tongluo Koufuye	Oral
CPM08246	银灵合剂	Yinling Heji	Oral
CPM08247	银龙清肝片	Yinlong Qinggan Pian	Oral
CPM08248	银马解毒颗粒	Yinma Jiedu Keli	Oral
CPM08249	银蜜片	Yinmi Pian	Oral
CPM08250	银蒲解毒片	Yinpu Jiedu Pian（Tangyi）	Oral
CPM08251	银翘袋泡剂	Yinqiao Daipaoji	Oral
CPM08252	银翘合剂	Yinqiao Heji	Oral
CPM08253	银翘解毒滴鼻剂	Yinqiao Jiedu Dibiji	Topical
CPM08254	银翘解毒合剂	Yinqiao Jiedu Heji	Oral
CPM08255	银翘解毒胶囊	Yinqiao Jiedu Jiaonang	Oral
CPM08256	银翘解毒颗粒	Yinqiao Jiedu Keli	Oral
CPM08257	银翘解毒口服液	Yinqiao Jiedu Koufuye	Oral
CPM08258	银翘解毒片	Yingqiao Jiedu Pian	Oral
CPM08259	银翘解毒软胶囊	Yinqiao Jiedu Ruanjiaonang	Oral
CPM08260	银翘解毒丸	Yinqiao Jiedu Wan	Oral
CPM08261	银翘解毒液	Yinqiao Jiedu Ye	Oral
CPM08262	银翘颗粒	Yinqiao Keli	Oral
CPM08263	银翘片	Yinqiao Pian	Oral
CPM08264	银翘散	Yinqiao San	Oral
CPM08265	银翘伤风胶囊	Yinqiao Shangfeng Jiaonang	Oral
CPM08266	银翘双解栓	Yinqiao Shuangjie Shuan	Topical
CPM08267	银芩胶囊	Yinqin Jiaonang	Oral
CPM08268	银香颗粒	Yinxiang Keli	Oral
CPM08269	银屑胶囊	Yinxie Jiaonang	Oral
CPM08270	银屑颗粒	Yinxie Keli	Oral
CPM08271	银屑灵	Yinxie Ling	Oral
CPM08272	银屑灵膏	Yinxieling Gao	Oral
CPM08273	银屑灵颗粒	Yinxieling Keli	Oral
CPM08274	银屑片	Yinxie Pian	Oral
CPM08275	银杏露	Yinxing lu	Oral
CPM08276	银杏内酯注射液	Yinxingneizhi Zhusheye	Injection
CPM08277	银杏酮酯滴丸	Yinxing tongzhi diwan	Oral
CPM08278	银杏酮酯分散片	Yinxingtongzhi Fensanpian	Oral
CPM08279	银杏酮酯胶囊	Yinxingtongzhi Jiaonang	Oral
CPM08280	银杏酮酯颗粒	Yinxingtongzhi Keli	Oral
CPM08281	银杏酮酯片	Yinxingtongzhi pian	Oral
CPM08282	银杏洋参颗粒	Yinxing Yangshen Keli	Oral
CPM08283	银杏叶滴丸	Yinxingye Diwan	Oral
CPM08284	银杏叶酊	Yinxingye Ding	Oral
CPM08285	银杏叶分散片	Yinxingye Fensanpian	Oral
CPM08286	银杏叶胶囊	Yinxingye Jiaonang	Oral
CPM08287	银杏叶颗粒	Yinxingye Keli	Oral
CPM08288	银杏叶口服液	Yinxingye Koufuye	Oral
CPM08289	银杏叶片	Yinxingye Pian	Oral
CPM08290	银杏叶软胶囊	Yinxingye Ruanjiaonang	Oral
CPM08291	银杏叶丸	Yinxingye Wan	Oral
CPM08292	银阳虫草胶囊	Yinyangchongcao Jiaonang	Oral
CPM08293	银盏心脉滴丸	Yinzhan Xinmai Diwan	Oral
CPM08294	淫羊藿总黄酮胶囊	Yinyanghuozonghuangtong Jiaonang	Oral
CPM08295	淫羊藿总黄酮提取物	Yinyanghuo Zonghuangtong Tiquwu	Oral
CPM08296	引阳索	Yinyangsuo	Oral
CPM08297	引阳索胶囊	Yinyangsuo Jiaonang	Oral
CPM08298	引阳索颗粒	Yinyangsuo Keli	Oral
CPM08299	引阳索片	Yinyangsuo Pian	Oral
CPM08300	婴儿安片	Ying´er´an Pian	Oral
CPM08301	婴儿保肺宁	Ying´er Baofei Ning	Oral
CPM08302	婴儿保肺宁胶囊	Ying'er Baofeining Jiaonang	Oral
CPM08303	婴儿保肺散	Ying´er Baofei San	Oral
CPM08304	婴儿健脾胶囊	Ying'er Jianpi Jiaonang	Oral
CPM08305	婴儿健脾颗粒	Ying’er Jianpi Keli	Oral
CPM08306	婴儿健脾口服液	Ying’er Jianpi Koufuye	Oral
CPM08307	婴儿健脾散	Ying’er Jianpi San	Oral
CPM08308	婴儿平	Yinger Ping	Oral
CPM08309	婴儿平胶囊	Ying'erping Jiaonang	Oral
CPM08310	婴儿散胶囊	Ying'ersan Jiaonang	Oral
CPM08311	婴儿消食散	Ying'er Xiaoshi San	Oral
CPM08312	营心丹	Yingxin Dan	Oral
CPM08313	映山红糖浆	Yingshanhong Tangjiang	Oral
CPM08314	永盛合阿胶	Yongshenghe Ejiao	Oral
CPM08315	优福宁胶囊	Youfuning Jiaonang	Oral
CPM08316	疣迪搽剂	Youdi Chaji	Topical
CPM08317	右归胶囊	Yougui Jiaonang	Oral
CPM08318	右归丸	Yougui Wan	Oral
CPM08319	幼泻宁颗粒	Youxiening Keli	Oral
CPM08320	瘀血痹胶囊	Yuxuebi Jiaonang	Oral
CPM08321	瘀血痹颗粒	Yuxuebi Keli	Oral
CPM08322	瘀血痹片	Yuxuebi Pian	Oral
CPM08323	余甘子喉片	Yuganzi Houpian	Oral
CPM08324	余麦口咽合剂	Yumai Kouyan Heji	Oral
CPM08325	鱼鳔补肾丸	Yubiao Bushen Wan	Oral
CPM08326	鱼鳔参杞益精丸	Yubiao Shenqi Yijing Wan	Oral
CPM08327	鱼鳔丸	Yubiao Wan	Oral
CPM08328	鱼金注射液	Yujin Zhushenye	Injection
CPM08329	鱼鳞病片	Yulinbing Pian	Oral
CPM08330	鱼腥草滴眼液	Yuxingcao Diyanye	Topical
CPM08331	鱼腥草芩蓝合剂	Yuxingcao Qinlan Heji	Oral
CPM08332	鱼腥草注射液	Yuxingcao Zhusheye	Injection
CPM08333	萸连片	Yulian Pian	Oral
CPM08334	榆槐片	Yu Huai Pian	Oral
CPM08335	榆栀止血颗粒	Yuzhi Zhixue Keli	Oral
CPM08336	玉金方胶囊	Yujinfang Jiaonang	Oral
CPM08337	玉金方片	Yujinfang Pian	Oral
CPM08338	玉兰降糖胶囊	Yulan Jiangtang Jiaonang	Oral
CPM08339	玉蓝降糖胶囊	Yulan Jiangtang Jiaonang	Oral
CPM08340	玉苓消渴茶	Yuling Xiaoke Cha	Oral
CPM08341	玉龙油	Yulong You	Topical
CPM08342	玉露保肺丸	Yulu Baofei Wan	Oral
CPM08343	玉盘消渴片	Yupan Xiaoke Pian	Oral
CPM08344	玉屏风	Yupingfeng	Oral
CPM08345	玉屏风袋泡茶	Yupingfeng Daipaocha	Oral
CPM08346	玉屏风滴丸	Yupingfeng Diwan	Oral
CPM08347	玉屏风胶囊	Yupingfeng Jiaonang	Oral
CPM08348	玉屏风颗粒	Yupingfeng Keli	Oral
CPM08349	玉屏风口服液	Yupingfeng Koufuye	Oral
CPM08350	玉屏风软胶囊	Yupingfeng Ruanjiaonang	Oral
CPM08351	玉屏风丸	Yupingfeng Wan	Oral
CPM08352	玉泉胶囊	Yuquan Jiaonang	Oral
CPM08353	玉泉颗粒	Yuquan Keli	Oral
CPM08354	玉泉丸	Yuquan Wan	Oral
CPM08355	玉蓉补肾口服液	Yurong Bushen Koufuye	Oral
CPM08356	玉枢散	Yushu San	Oral
CPM08357	玉叶解毒颗粒	Yuye jiedu Keli	Oral
CPM08358	玉叶解毒糖浆	Yuye Jiedu Tangjiang	Oral
CPM08359	玉叶金花清热片	Yuyejinhua Qingre Pian	Oral
CPM08360	玉叶清火胶囊	Yuye Qinghuo Jiaonang	Oral
CPM08361	玉叶清火片	Yuye Qinghuo pian	Oral
CPM08362	玉液金丸	Yuye Jinwan	Oral
CPM08363	玉液丸	Yuye Wan	Oral
CPM08364	玉液消渴冲剂	Yuye Xiaoke Chongji	Oral
CPM08365	玉液消渴颗粒	Yuye Xiaoke Keli	Oral
CPM08366	玉簪清咽十五味散	Yuzan Qingyan Shiwuwei San	Oral
CPM08367	玉簪清咽十五味丸	Yuzan Qingyan Shiwuwei Wan	Oral
CPM08368	玉真散	Yuzhen San	Oral
CPM08369	玉真散胶囊	Yuzhensan Jiaonang	Oral
CPM08370	玉竹高龄酒	Yuzhu Gaoling Jiu	Oral
CPM08371	玉竹膏	Yuzhu Gao	Oral
CPM08372	玉竹颗粒	Yuzhu Keli	Oral
CPM08373	郁金银屑片	Yujin Yinxie Pian	Oral
CPM08374	御制平安丸	Yuzhi Ping’an Wan	Oral
CPM08375	愈带丸	Yudai Wan	Oral
CPM08376	愈风丹	Yufeng Dan	Oral
CPM08377	愈风宁心滴丸	Yufeng Ningxin Diwan（Baomoyi）	Oral
CPM08378	愈风宁心胶囊	Yufeng Ningxin Jiaonang	Oral
CPM08379	愈风宁心颗粒	Yufeng Ningxin Keli	Oral
CPM08380	愈风宁心口服液	Yufeng Ningxin Koufuye	Oral
CPM08381	愈风宁心片	Yufeng Ningxin Pian	Oral
CPM08382	愈风宁心软胶囊	Yufeng Ningxin Ruanjiaonang	Oral
CPM08383	愈风宁心丸	Yufeng Ningxin Wan	Oral
CPM08384	愈肝龙胶囊	Yuganlong Jiaonang	Oral
CPM08385	愈肝龙颗粒	Yuganlong Keli	Oral
CPM08386	愈肝龙糖浆	Yuganlong Tangjiang	Oral
CPM08387	愈肝片	Yugan Pian	Oral
CPM08388	愈裂贴膏	Yulie Tiegao	Topical
CPM08389	愈伤膏	Yushang Gao	Topical
CPM08390	愈伤灵胶囊	Yushangling Jiaonang	Oral
CPM08391	愈心痛胶囊	Yuxintong Jiaonang	Oral
CPM08392	愈渊丸	Yuyuan Wan	Oral
CPM08393	鸢都感冒颗粒	Yuandu Ganmao Keli	Oral
CPM08394	鸢都寒痹药酒料	Yuandu Hanbi Yaojiu Liao	Oral
CPM08395	鸢都寒痹液	Yuandu Hanbi Ye	Oral
CPM08396	元和正胃片	Yuanhe Zhengwei Pian	Oral
CPM08397	元胡胃舒胶囊	Yuanhu Weishu Jiaonang	Oral
CPM08398	元胡胃舒片	Yuanhu Weishu Pian	Oral
CPM08399	元胡止痛滴丸	Yuanhu Zhitong Diwan	Oral
CPM08400	元胡止痛分散片	Yuanhu Zhitong FensanPian	Oral
CPM08401	元胡止痛胶囊	Yuanhu Zhitong Jiaonang	Oral
CPM08402	元胡止痛颗粒	Yuanhu Zhitong Keli	Oral
CPM08403	元胡止痛口服液	Yuanhu Zhitong Koufuye	Oral
CPM08404	元胡止痛片	Yuanhu Zhitong Pian	Oral
CPM08405	元胡止痛软胶囊	Yuanhu Zhitong Ruanjiaonang	Oral
CPM08406	元七骨痛酊	Yuanqi Gutongding	Topical
CPM08407	元神安颗粒	Yuanshen'an Keli	Oral
CPM08408	源吉林甘和茶	Yuanjilin Ganhe Cha	Oral
CPM08409	远志滴丸	Yuanzhi Diwan	Oral
CPM08410	远志酊	Yuanzhi Ding	Oral
CPM08411	远志流浸膏	Yuanzhi Liujingao	Oral
CPM08412	远志糖浆	Yuanzhi Tangjiang	Oral
CPM08413	苑叶止咳糖浆	Yuanye ZhikeTangjiang	Oral
CPM08414	月白珍珠散	Yuebai Zhenzhu San	Topical
CPM08415	月光宝鹏丸	Yueguang Baopeng Wan	Oral
CPM08416	月见草油乳	Yuejiancao Youru	Oral
CPM08417	月泰贴脐片	Yuetai Tieqi Pian	Topical
CPM08418	月芝软胶囊	Yuezhi Ruanjiaonang	Oral
CPM08419	越鞠保和丸	Yueju Baohe Wan	Oral
CPM08420	越鞠二陈丸	Yueju Erchen Wan	Oral
CPM08421	越鞠胶囊	Yueju Jiaonang	Oral
CPM08422	越鞠片	Yueju Pian	Oral
CPM08423	越鞠丸	Yueju Wan	Oral
CPM08424	晕复静片	Yunfujing Pian	Oral
CPM08425	晕可平糖浆	Yunkeping Tangjiang	Oral
CPM08426	晕痛定胶囊	Yuntongding Jiaonang	Oral
CPM08427	晕痛定片	Yuntongding Pian	Oral
CPM08428	云草舒肺口服液	Yuncao Shufei Koufuye	Oral
CPM08429	云南白药	Yunnan Baiyao	Oral
CPM08430	云南白药创可贴	Yunnanbaiyao Chuangketie	Topical
CPM08431	云南白药酊	Yunnan Baiyao Ding	Oral
CPM08432	云南白药膏	Yunnan Baiyao Gao	Topical
CPM08433	云南白药胶囊	Yunnan Baiyao Jiaonang	Oral
CPM08434	云南白药片	Yunnan Baiyao Pian	Oral
CPM08435	云南白药气雾剂	Yunnan Baiyao Qiwuji	Topical
CPM08436	云南红药胶囊	Yunnan Hongyao Jiaonang	Oral
CPM08437	云南红药散	Yunnan Hongyao San	Oral
CPM08438	云南花粉片	Yunnan Huafen Pian	Oral
CPM08439	云南蛇药	Yunnan Sheyao	Topical
CPM08440	云实感冒合剂	Yunshi Ganmao Heji	Oral
CPM08441	云胃宁胶囊	Yunweining Jiaonang	Oral
CPM08442	云香精	Yunxiang Jing	Oral
CPM08443	云香十五味丸	Yunxiang Shiwuwei Wan	Oral
CPM08444	云芝肝泰胶囊	Yunzhi Gantai Jiaonang	Oral
CPM08445	云芝肝泰颗粒	Yunzhi Gantai Keli	Oral
CPM08446	云芝肝泰片	Yunzhi Gantai Pian	Oral
CPM08447	云芝糖肽	Yunzhitangtai	Oral
CPM08448	云芝糖肽颗粒	Yunzhi Tangtai Keli	Oral
CPM08449	孕妇金花胶囊	Yunfu Jinhua Jiaonang	Oral
CPM08450	孕妇金花片	Yuunfu jinhua Pian	Oral
CPM08451	孕妇金花丸	Yunfu Jinhua Wan	Oral
CPM08452	孕妇清火丸	Yunfu Qinghuo Wan	Oral
CPM08453	孕康颗粒	Yunkang Keli	Oral
CPM08454	孕康口服液	Yunkang Koufuye	Oral
CPM08455	孕康糖浆	YunkangTangjiang	Oral
CPM08456	仔花感冒胶囊	Zihua Ganmao Jiaonang	Oral
CPM08457	仔花感冒片	Zihua Ganmao Pian	Oral
CPM08458	再造生血胶囊	Zaizao Shengxue Jiaonang	Oral
CPM08459	再造生血片	Zaizao Shengxue Pian	Oral
CPM08460	再造丸	Zaizao Wan	Oral
CPM08461	赞化鹿茸丸	Zanhua Lurong Wan	Oral
CPM08462	脏连丸	Zanglian Wan	Oral
CPM08463	枣参安神胶囊	Zaoshen Anshen Jiaonang	Oral
CPM08464	枣参合剂	Zaoshen Heji	Oral
CPM08465	枣仁安神胶囊	Zaoren Anshen Jiaonang	Oral
CPM08466	枣仁安神颗粒	Zaoren Anshen Keli	Oral
CPM08467	枣仁安神液	Zaoren Anshen Ye	Oral
CPM08468	枣椹安神口服液	Zaoshen Anshen Koufuye	Oral
CPM08469	皂白散	Zaobai San	Topical
CPM08470	泽桂癃爽胶囊	Zegui Longshuang Jiaonang	Oral
CPM08471	泽桂癃爽片	Zegui Longshuang Pian	Oral
CPM08472	增光胶囊	Zengguang Jiaonang	Oral
CPM08473	增光咀嚼片	Zengguang Jujue Pian	Oral
CPM08474	增光片	Zengguang Pian	Oral
CPM08475	增抗宁胶囊	Zengkangning Jiaonang	Oral
CPM08476	增抗宁颗粒	Zengkangning Keli	Oral
CPM08477	增抗宁口服液	Zengkangning Koufuye	Oral
CPM08478	增抗宁片	Zengkangning Pian	Oral
CPM08479	增力再生丸	Zengli Zaisheng Wan	Oral
CPM08480	增乳膏	Zengru Gao	Oral
CPM08481	增乳口服液	Zengru Koufuye	Oral
CPM08482	增生平片	Zengshengping Pian	Oral
CPM08483	增液颗粒	Zengye Keli	Oral
CPM08484	增液口服液	Zengye Koufuye	Oral
CPM08485	扎冲十三味丸	Zachong Shisanwei Wan	Oral
CPM08486	楂麦健脾颗粒	Zhamai Jianpi Keli	Oral
CPM08487	楂明调脂颗粒	Zhaming Tiaozhi Keli	Oral
CPM08488	楂曲平胃合剂	Zhaqu Pingwei Heji	Oral
CPM08489	粘膜溃疡散	Nianmo Kuiyang San	Topical
CPM08490	展筋活血散	Zhanjin Huoxue San	Topical
CPM08491	湛江蛇药	Zhanjiang Sheyao	Oral
CPM08492	漳州神曲	Zhangzhou Shenqu	Oral
CPM08493	长白复尔春胶囊	Changbai Fuerchun Jiaonang	Oral
CPM08494	长城止咳喘糖浆	Changcheng Zhikechuan Tangjiang	Oral
CPM08495	长春宝口服液	Changchunbao Koufuye	Oral
CPM08496	长春宝丸	Changchunbao Wan	Oral
CPM08497	长春红药胶囊	Changchun Hongyao Jiaonang	Oral
CPM08498	长春红药片	Changchun Hongyao Pian	Oral
CPM08499	长春烫伤膏	Changchun Tangshang Gao	Topical
CPM08500	长春药酒	Changchun Yaojiu	Oral
CPM08501	长春益寿膏	Changchun Yishou Gao	Oral
CPM08502	障眼明胶囊	Zhangyanming Jiaonang	Oral
CPM08503	障眼明片	Zhangyanming Pian	Oral
CPM08504	障翳散	Zhangyi San	Topical
CPM08505	照山白浸膏片	Zhaoshanbai Jingao Pian	Oral
CPM08506	贞芪扶正胶囊	Zhenqi Fuzheng Jiaonang	Oral
CPM08507	贞芪扶正颗粒	Zhenqi Fuzheng Keli	Oral
CPM08508	贞芪扶正泡腾片	Zhenqi Fuzheng Paotengpian	Oral
CPM08509	贞芪扶正片	Zhenqi Fuzheng Pian	Oral
CPM08510	贞芪利咽颗粒	Zhenqi Liyan Keli	Oral
CPM08511	贞芪益肾颗粒	Zhenqi Yishen Keli	Oral
CPM08512	贞杞肝泰颗粒	Zhenqi Gantai Keli	Oral
CPM08513	贞杞肝泰片	Zhenqi Gantai Pian	Oral
CPM08514	贞蓉丹合剂	Zhenrongdan Heji	Oral
CPM08515	珍宝解毒胶囊	Zhenbao Jiedu Jiaonang	Oral
CPM08516	珍宝丸	Zhenbao Wan	Oral
CPM08517	珍黛散	Zhendai San	Topical
CPM08518	珍合灵片	Zhenheling Pian	Oral
CPM08519	珍红颗粒	Zhenhong Keli	Oral
CPM08520	珍黄安宫片	Zhenhuang Angong Pian	Oral
CPM08521	珍黄胶囊	Zhenhuang Jiaonang	Oral
CPM08522	珍黄片	Zhenhuang Pian	Oral
CPM08523	珍黄胃片	Zhenhuangwei Pian	Oral
CPM08524	珍菊降压片	Zhenju Jiangya Pian	Oral
CPM08525	珍灵胶囊	Zhenling Jiaonang	Oral
CPM08526	珍苓解郁胶囊	Zhenling Jieyu Jiaonang	Oral
CPM08527	珍龙醒脑胶囊	Zhenlong Xingnao Jiaonang	Oral
CPM08528	珍牡胶囊	Zhenmu Jiaonang	Oral
CPM08529	珍牡肾骨胶囊	Zhenmu Shengu Jiaonang	Oral
CPM08530	珍芪补血口服液	Zhenqi Buxue Koufuye	Oral
CPM08531	珍芪降糖胶囊	Zhenqi Jiangtang Jiaonang	Oral
CPM08532	珍杉理胃片	Zhenshan Liwei Pian	Oral
CPM08533	珍石烧伤膏	Zhenshi Shaoshang Gao	Topical
CPM08534	珍香胶囊	Zhenxiang Jiaonang	Oral
CPM08535	珍熊胆丸	Zhenxiongdan Wan	Oral
CPM08536	珍元清咽散	Zhenyuanqingyan San	Topical
CPM08537	珍芝安神胶囊	Zhenzhi Anshen Jiaonang	Oral
CPM08538	珍珠八宝眼药	Zhenzhu Babao Yanyao	Topical
CPM08539	珍珠冰硼散	Zhenzhu Bingpeng San	Topical
CPM08540	珍珠层粉	Zhenzhuceng Fen	Oral
CPM08541	珍珠层粉胶囊	Zhenzhucengfen Jiaonang	Oral
CPM08542	珍珠粉胶囊	Zhenzhufen Jiaonang	Oral
CPM08543	珍珠活络二十九味丸	Zhenzhu Huoluo Ershijiuwei Wan	Oral
CPM08544	珍珠灵芝胶囊	Zhenzhu Lingzhi Jiaonang	Oral
CPM08545	珍珠灵芝片	Zhenzhu Lingzhi Pian	Oral
CPM08546	珍珠明目滴眼液	Zhenzhu Mingmu Diyanye	Topical
CPM08547	珍珠末	Zhenzhu Mo	Oral
CPM08548	珍珠牛黄散	Zhenzhu Niuhuang San	Topical
CPM08549	珍珠蕲蛇口服液	Zhenzhu Qishe Koufuye	Oral
CPM08550	珍珠散	Zhenzhu San	Topical
CPM08551	珍珠通络丸	Zhenzhu Tongluo Wan	Oral
CPM08552	珍珠胃安丸	Zhenzhu Wei’an Wan	Oral
CPM08553	振源胶囊	Zhenyuan Jiaonang	Oral
CPM08554	振源口服液	Zhenyuan Koufuye	Oral
CPM08555	振源片	Zhenyuan Pian	Oral
CPM08556	震灵丸	Zhenling Wan	Oral
CPM08557	镇咳宁含片	Zhenkening Hanpian	Oral
CPM08558	镇咳宁颗粒	Zhenkening Keli	Oral
CPM08559	镇咳宁口服液	Zhenkening Koufuye	Oral
CPM08560	镇咳宁糖浆	Zhenkening Tangjiang	Oral
CPM08561	镇咳糖浆	Zhenke Tangjiang	Oral
CPM08562	镇江膏药	Zhenjiang Gaoyao	Topical
CPM08563	镇江橡胶膏	Zhenjiang Xiangjiao gao	Topical
CPM08564	镇坎散	Zhenkan San	Oral
CPM08565	镇脑宁胶囊	Zhennaoning Jiaonang	Oral
CPM08566	镇痛活络酊	Zhentong Huoluo Ding	Topical
CPM08567	镇痛口服液	Zhentong Koufuye	Oral
CPM08568	镇痫片	Zhendian Pian	Oral
CPM08569	镇心降压片	Zhenxin Jiangya Pian	Oral
CPM08570	镇心痛颗粒	Zhenxintong Keli	Oral
CPM08571	镇心痛口服液	Zhenxintong Koufuye	Oral
CPM08572	镇银膏	Zhenyin Gao	Topical
CPM08573	正柴胡饮合剂	Zhengchaihu Yin Heji	Oral
CPM08574	正柴胡饮胶囊	Zhengchaihuyin Jiaonang	Oral
CPM08575	正柴胡饮颗粒	Zhengchaihuyin Keli	Oral
CPM08576	正骨膏	Zhenggu Gao	Topical
CPM08577	正骨水	Zhenggu Shui	Topical
CPM08578	正骨紫金丸	Zhenggu Zijin Wan	Oral
CPM08579	正红花油	Zhenghonghua You	Topical
CPM08580	正金油	Zhengjin You	Topical
CPM08581	正金油软膏	Zhengjinyou Ruangao	Topical
CPM08582	正气片	Zhengqi Pian	Oral
CPM08583	正清风痛宁注射剂	Zhengqing Fengtongning	Injection
CPM08584	正清风痛宁片	Zhengqing Fengtongning Pian	Oral
CPM08585	正伤消痛膏	Zhengshang Xiaotong Gao	Topical
CPM08586	正糖胶囊	Zhengtang Jiaonang	Oral
CPM08587	正天胶囊	Zhengtian Jiaonang	Oral
CPM08588	正天丸	Zhengtian Wan	Oral
CPM08589	正胃胶囊	Zhengwei Jiaonang	Oral
CPM08590	正胃片	Zhengwei Pian	Oral
CPM08591	正心降脂片	Zhengxin Jiangzhi Pian	Oral
CPM08592	正心泰胶囊	Zhengxintai Jiaonang	Oral
CPM08593	正心泰颗粒	Zhengxintai Keli	Oral
CPM08594	正心泰片	Zhengxintai Pian	Oral
CPM08595	正元胶囊	Zhengyuan Jiaonang	Oral
CPM08596	郑氏女金丹	Zhengshi Nüjin Dan	Oral
CPM08597	知柏地黄胶囊	Zhibai Dihuang Jiaonang	Oral
CPM08598	知柏地黄颗粒	Zhibai Dihuang Keli	Oral
CPM08599	知柏地黄口服液	Zhibai Dihuang Koufuye	Oral
CPM08600	知柏地黄片	Zhibai Dihuang Pian	Oral
CPM08601	知柏地黄丸	Zhibai Dihuang Wan	Oral
CPM08602	栀芩清热合剂	Zhiqin Qingre Heji	Oral
CPM08603	栀芩清热液	Zhiqin Qingre Ye	Oral
CPM08604	栀子金花丸	Zhizi Jinhua Wan	Oral
CPM08605	脂必泰胶囊	Zhibitai jiaonang	Oral
CPM08606	脂必妥	Zhibituo	Oral
CPM08607	脂必妥胶囊	Zhibituo Jiaonang	Oral
CPM08608	脂必妥咀嚼片	Zhibituo Jujuepian	Oral
CPM08609	脂必妥片	Zhibituo Pian	Oral
CPM08610	脂降宁片	zhijiangning Pian	Oral
CPM08611	脂康颗粒	Zhikang Keli	Oral
CPM08612	脂可清胶囊	Zhikeqing Jiaonang	Oral
CPM08613	脂脉康胶囊	Zhimaikang Jiaonang	Oral
CPM08614	脂芪口服液	Zhiqi Koufuye	Oral
CPM08615	脂清胶囊	Zhiqing Jiaonang	Oral
CPM08616	脂清片	Zhiqing Pian	Oral
CPM08617	脂欣康颗粒	Zhixinkang Keli	Oral
CPM08618	止喘灵口服液	Zhichuanling Koufuye	Oral
CPM08619	止喘灵气雾剂	Zhichuanling Qiwuji	Topical
CPM08620	止喘灵注射液	Zhichuanling Zhusheye	Injection
CPM08621	止带片	Zhidai Pian	Oral
CPM08622	止带丸	Zhidai Wan	Oral
CPM08623	止咳宝片	Zhikebao Pian	Oral
CPM08624	止咳喘颗粒	Zhikechuan Keli	Oral
CPM08625	止咳定喘片	Zhike Dingchuan Pian	Oral
CPM08626	止咳定喘丸	Zhike Dingchuan Wan	Oral
CPM08627	止咳化痰丸	Zhike Huatan Wan	Oral
CPM08628	止咳橘红合剂	Zhike Juhong Heji	Oral
CPM08629	止咳橘红胶囊	Zhike Juhong Jiaonang	Oral
CPM08630	止咳橘红颗粒	Zhike Juhong Keli	Oral
CPM08631	止咳橘红口服液	Zhike Juhong Koufuye	Oral
CPM08632	止咳橘红丸	Zhikejuhong Wan	Oral
CPM08633	止咳梨煎膏	Zhike Li Jiangao	Oral
CPM08634	止咳梨浆	Zhike Lijiang	Oral
CPM08635	止咳宁嗽胶囊	Zhike Ningsou Jiaonang	Oral
CPM08636	止咳枇杷冲剂	Zhike Pipa Chongji	Oral
CPM08637	止咳枇杷合剂	Zhike Pipa Heji	Oral
CPM08638	止咳枇杷颗粒	Zhike Pipa Keli	Oral
CPM08639	止咳枇杷糖浆	Zhike Pipa Tangjiang	Oral
CPM08640	止咳片	Zhike Pian	Oral
CPM08641	止咳平喘膏	Zhike Pingchuan Gao	Oral
CPM08642	止咳平喘糖浆	Zhike Pingchuan Tangjiang	Oral
CPM08643	止咳祛痰颗粒	Zhike Qutan Keli	Oral
CPM08644	止咳祛痰糖浆	Zhike Qutan Tangjiang	Oral
CPM08645	止咳桃花胶囊	Zhike Taohua Jiaonang	Oral
CPM08646	止咳桃花散	Zhike Taohua San	Oral
CPM08647	止咳丸	Zhike Wan	Oral
CPM08648	止红肠辟丸	Zhihong Changpi Wan	Oral
CPM08649	止渴降糖胶囊	Zhike Jiangtang Jiaonang	Oral
CPM08650	止痢颗粒	Zhili Keli	Oral
CPM08651	止痢宁片	Zhilining Pian	Oral
CPM08652	止痢七味散	Zhili Qiwei San	Oral
CPM08653	止痢十五味丸	Zhili Shiwuwei Wan	Oral
CPM08654	止嗽袋泡茶	Zhisou Daipaocha	Oral
CPM08655	止嗽定喘口服液	Zhisou Dingchuan Koufuye	Oral
CPM08656	止嗽定喘片	Zhisou Dingchuan Pian	Oral
CPM08657	止嗽定喘丸	Zhisou Dingchuan Wan（Nongsuo Wan）	Oral
CPM08658	止嗽咳喘宁糖浆	Zhisou Kechuanning Tangjiang	Oral
CPM08659	止嗽合剂	Zhisou Heji	Oral
CPM08660	止嗽化痰胶囊	Zhisou Huatan Jiaonang	Oral
CPM08661	止嗽化痰颗粒	Zhisou Huatan Keli	Oral
CPM08662	止嗽化痰丸	Zhisou Huatan Wan	Oral
CPM08663	止嗽口服液	Zhisou Koufuye	Oral
CPM08664	止嗽立效胶囊	Zhisou Lixiao Jiaonang	Oral
CPM08665	止嗽立效片	Zhisou Lixiao Pian	Oral
CPM08666	止嗽立效丸	Zhisou Lixiao Wan	Oral
CPM08667	止嗽片	Zhisou Pian	Oral
CPM08668	止嗽青果合剂	Zhisou Qingguo Heji	Oral
CPM08669	止嗽青果口服液	Zhisou Qingguo Koufuye	Oral
CPM08670	止嗽青果丸	Zhisou Qingguo Wan	Oral
CPM08671	止嗽扫痰丸	Zhisou Saotan Wan	Oral
CPM08672	止嗽丸	Zhisou Wan	Oral
CPM08673	止痛风湿丸	Zhitong Fengshi Wan	Oral
CPM08674	止痛化癥胶囊	Zhitong Huazheng Jiaonang	Oral
CPM08675	止痛化癥颗粒	Zhitong Huazheng Keli	Oral
CPM08676	止痛化癥片	Zhitong Huazheng Pian	Oral
CPM08677	止痛水	Zhitong Shui	Oral
CPM08678	止痛透骨膏	Zhitong Tougu Gao	Topical
CPM08679	止痛消炎软膏	Zhitong Xiaoyan Ruangao	Topical
CPM08680	止痛紫金丸	Zhitong Zijin Wan	Oral
CPM08681	止吐六味散	Zhitu Liuwei San	Oral
CPM08682	止脱生发散	Zhituo Shengfa San	Oral
CPM08683	止泻保童颗粒	Zhixie Baotong Keli	Oral
CPM08684	止泻颗粒	Zhixie Keli	Oral
CPM08685	止泻利颗粒	Zhixieli Keli	Oral
CPM08686	止泻灵颗粒	Zhixieling Keli	Oral
CPM08687	止泻灵片	Zhixieling Pian	Oral
CPM08688	止泻灵糖浆	Zhixieling Tangjiang	Oral
CPM08689	止眩安神颗粒	Zhixuan Anshen Keli	Oral
CPM08690	止血宝胶囊	Zhixuebao Jiaonang	Oral
CPM08691	止血宝颗粒	Zhixuebao Keli	Oral
CPM08692	止血宝片	Zhixuebao Pian	Oral
CPM08693	止血定痛片	Zhixue Dingtong Pian	Oral
CPM08694	止血复脉合剂	Zhixue Fumai Heji	Oral
CPM08695	止血胶囊	Zhixue Jiaonang	Oral
CPM08696	止血灵胶囊	Zhixueling Jiaonang	Oral
CPM08697	止血宁胶囊	Zhixuening Jiaonang	Oral
CPM08698	止血宁片	Zhixuening Pian	Oral
CPM08699	止血片	Zhixue Pian	Oral
CPM08700	止血祛瘀明目片	Zhixue Quyu Mingmu Pian	Oral
CPM08701	止血镇痛胶囊	Zhixue Zhentong Jiaonang	Oral
CPM08702	止痒酊	Zhiyang Ding	Topical
CPM08703	止痒消炎水	Zhiyng Xiaoyan Shui	Topical
CPM08704	指迷茯苓丸	Zhimi Fuling Wan	Oral
CPM08705	枳陈消食口服液	Zhichenxiaoshi Koufuye	Oral
CPM08706	枳实导滞丸	Zhishi Daozhi Wan	Oral
CPM08707	枳实消痞丸	Zhishi Xiaopi Wan	Oral
CPM08708	枳术颗粒	Zhizhu Keli	Oral
CPM08709	枳术宽中胶囊	Zhishukuan Zhong Jiaonang	Oral
CPM08710	枳术丸	Zhizhu Wan	Oral
CPM08711	至宝灵芝酒	Zhibaolingzhi jiu	Oral
CPM08712	至宝三鞭胶囊	Zhibao Sanbian Jiaonang	Oral
CPM08713	至宝三鞭精	Zhibao Sanbian Jing	Oral
CPM08714	至宝三鞭酒	Zhbao Sanbian Jiu	Oral
CPM08715	至宝三鞭丸	Zhibao Sanbian Wan	Oral
CPM08716	至灵胶囊	Zhiling Jiaonang	Oral
CPM08717	至圣保元丸	Zhisheng Baoyuan Wan	Oral
CPM08718	志苓胶囊	Zhiling Jiaonang	Oral
CPM08719	制金柑丸	Zhijingan Wan	Oral
CPM08720	制首乌茶	Zhishouwu Cha	Oral
CPM08721	制首乌颗粒	Zhishouwu Keli	Oral
CPM08722	制酸止痛胶囊	Zhisuan Zhitong Jiaonang	Oral
CPM08723	炙甘草合剂	Zhigancao Heji	Oral
CPM08724	炙甘草颗粒	Zhigancao Keli	Oral
CPM08725	治带胶囊	Zhidai Jiaonang	Oral
CPM08726	治带片	Zhidai Pian	Oral
CPM08727	治冻灵	Zhidongling	Topical
CPM08728	治感佳片	Zhiganjia Pian	Oral
CPM08729	治感灵冲剂	Zhiganling Chongji	Oral
CPM08730	治感灵颗粒	Zhiganling Keli	Oral
CPM08731	治咳川贝枇杷滴丸	Zhike Chuanbei Pipa Diwan	Oral
CPM08732	治咳川贝枇杷露	Zhike Chuanbei Pipa Lu	Oral
CPM08733	治咳枇杷合剂	Zhike Pipa Heji	Oral
CPM08734	治咳枇杷露	Zhike Pipa Lu	Oral
CPM08735	治咳片	Zhike Pian	Oral
CPM08736	治红丸	Zhihong Wan	Oral
CPM08737	治痢片	Zhili Pian	Oral
CPM08738	治糜康栓	Zhimikang Shuan	Topical
CPM08739	治糜灵泡腾片	Zhimiling Paoteng Pian	Topical
CPM08740	治偏痛胶囊	Zhipiantong Jiaonang	Oral
CPM08741	治偏痛颗粒	Zhipiantong Keli	Oral
CPM08742	治伤跌打丸	Zhishang Dieda Wan	Oral
CPM08743	治伤胶囊	Zhishang Jiaonang	Oral
CPM08744	治伤软膏	Zhishang Ruangao	Topical
CPM08745	治伤消瘀丸	Zhishang Xiaoyu Wan	Oral
CPM08746	致康胶囊	Zhikang Jiaonang	Oral
CPM08747	痔疮胶囊	Zhichuang Jiaonang	Oral
CPM08748	痔疮片	Zhichuang Pian	Oral
CPM08749	痔疮栓	Zhichuang Shuan	Topical
CPM08750	痔疮外洗药	Zhichuang Waixi Yao	Topical
CPM08751	痔疮止血颗粒	Zhichuang Zhixue Keli	Oral
CPM08752	痔疮止血丸	Zhichuang Zhixue Wan	Oral
CPM08753	痔疾栓	Zhiji Shuan	Topical
CPM08754	痔疾洗液	Zhiji Xiye	Topical
CPM08755	痔康袋泡剂	Zhikang Daipaoji	Oral
CPM08756	痔康胶囊	Zhikang Jiaonang	Oral
CPM08757	痔康片	Zhikang Pian	Oral
CPM08758	痔康舒口服液	Zhikangshu Koufuye	Oral
CPM08759	痔瘘舒丸	Zhiloushu Wan	Oral
CPM08760	痔宁胶囊	Zhining Jiaonang	Oral
CPM08761	痔宁片	Zhining Pian	Oral
CPM08762	痔舒适洗剂	Zhishushi Xiji	Topical
CPM08763	痔舒适洗液	Zhishushi Xiye	Topical
CPM08764	痔速宁胶囊	Zhisuning Jiaonang	Oral
CPM08765	痔速宁颗粒	Zhisuning Keli	Oral
CPM08766	痔速宁片	Zhisuning Pian	Oral
CPM08767	痔特佳胶囊	Zhitejia Jiaonang	Oral
CPM08768	痔特佳片	Zhitejia Pian	Oral
CPM08769	痔痛安搽剂	Zhitong'an Chaji	Topical
CPM08770	痔痛宁气雾剂	Zhitongning Qiwuji	Topical
CPM08771	痔血丸	Zhixue Wan	Oral
CPM08772	痔炎消胶囊	Zhiyanxiao Jiaonang	Oral
CPM08773	痔炎消颗粒	Zhiyanxiao Keli	Oral
CPM08774	痔炎消片	Zhiyanxiao Pian	Oral
CPM08775	蛭丹络活胶囊	Zhidan Luohuo Jiaonang	Oral
CPM08776	蛭龙血通胶囊	Zhilong Xuetong Jiaonang	Oral
CPM08777	蛭蛇通络胶囊	Zhishe Tongluo Jiaonang	Oral
CPM08778	蛭芎胶囊	Zhixiong Jiaonang	Oral
CPM08779	智杞颗粒	Zhiqi Keli	Oral
CPM08780	智托洁白片	Zhituo Jiebai Pian	Oral
CPM08781	智托洁白丸	Zhituo Jiebai Wan	Oral
CPM08782	稚儿灵膏滋	Zhi'erling Gaozi	Oral
CPM08783	稚儿灵颗粒	Zhi'erling Keli	Oral
CPM08784	中风安口服液	Zhongfeng'an Koufuye	Oral
CPM08785	中风回春胶囊	Zhongfeng Huichun Jiaonang	Oral
CPM08786	中风回春片	Zhongfeng Huichun Pian	Oral
CPM08787	中风回春丸	Zhongfeng Huichun Wan	Oral
CPM08788	中风再造丸	Zhongfeng Zaizao Wan	Oral
CPM08789	中华跌打酒	Zhonghua Dieda Jiu	Oral
CPM08790	中华跌打丸	Zhonghua Dieda Wan	Oral
CPM08791	中华肝灵胶囊	Zhonghua Ganling Jiaonang	Oral
CPM08792	中华肝灵片	Zhonghua Ganling Pian	Oral
CPM08793	中满分消丸	Zhongman Fenxiao Wan	Oral
CPM08794	肿节风滴丸	Zhongjiefeng Diwan	Oral
CPM08795	肿节风分散片	Zhongjie Fengsanpian	Oral
CPM08796	肿节风胶囊	Zhongjiefeng Jiaonang	Oral
CPM08797	肿节风咀嚼片	Zhongjiefeng Jujue Pian	Oral
CPM08798	肿节风颗粒	Zhongjiefeng Keli	Oral
CPM08799	肿节风片	Zhongjiefeng Pian	Oral
CPM08800	肿节风软胶囊	Zhongjiefeng Ruanjiaonang	Oral
CPM08801	肿节风注射液	Zhongjiefeng Zhusheye	Injection
CPM08802	肿痛安胶囊	Zhongtong’an Jiaonang	Oral
CPM08803	肿痛搽剂	Zhongtong Chaji	Topical
CPM08804	肿痛凝胶	Zhongtong Ningjiao	Topical
CPM08805	肿痛气雾剂	Zhongtong Qiwuji	Topical
CPM08806	肿痛舒喷雾剂	Zhongtongshu Penwuji	Topical
CPM08807	肿痛外擦酊	Zhongtong Waica Ding	Topical
CPM08808	种子三达丸	Zhongzi Sanda Wan	Oral
CPM08809	仲景胃灵胶囊	Zhongjing Weiling Jiaonang	Oral
CPM08810	仲景胃灵片	Zhongjing Weiling Pian	Oral
CPM08811	仲景胃灵丸	Zhongjing Weiling Wan	Oral
CPM08812	众生胶囊	Zhongsheng Jiaonang	Oral
CPM08813	众生片	Zhongsheng Pian	Oral
CPM08814	众生丸	Zhongsheng Wan	Oral
CPM08815	重感灵胶囊	Zhongganling Jiaonang	Oral
CPM08816	重感灵片	Zhongganling Pian	Oral
CPM08817	重楼解毒酊	Chonglou Jiedu Ding	Topical
CPM08818	舟车丸	Zhouche Wan	Oral
CPM08819	周公百岁酒	Zhougong Baisui Jiu	Oral
CPM08820	朱虎化瘀酊	Zhuhu Huayu Ding	Topical
CPM08821	朱砂安神片	Zhusha Anshen Pian	Oral
CPM08822	朱砂安神丸	Zhusha Anshen Wan	Oral
CPM08823	朱砂莲胶囊	Zhushalian Jiaonang	Oral
CPM08824	珠贝定喘丸	Zhubei Dingchuan Wan	Oral
CPM08825	珠黄吹喉散	Zhuhuang Chuihou San	Topical
CPM08826	珠黄散	Zhuhuang San	Topical
CPM08827	珠黄消疳散	Zhuhuang Xiaogan San	Topical
CPM08828	珠珀安神丹	Zhupo Anshen Dan	Oral
CPM08829	珠珀保婴散	Zhupo Baoying San	Oral
CPM08830	珠珀惊风散	Zhupo Jingfeng San	Oral
CPM08831	珠芽蓼止泻胶囊	Zhuyaliao Zhixie Jiaonang	Oral
CPM08832	珠芽蓼止泻颗粒	Zhuyaliao Zhixie Keli	Oral
CPM08833	珠子肝泰胶囊	Zhuzi Gantai Jiaonang	Oral
CPM08834	珠子肝泰片	Zhuzi Gantai Pian	Oral
CPM08835	诸葛行军散	Zhuge Xingjun San	Oral
CPM08836	猪苓多糖胶囊	Zhuling Duotang Jiaonang	Oral
CPM08837	猪苓多糖注射液	Zhuling Duotang Zhusheye	Injection
CPM08838	竹红菌素软膏	Zhuhongjunsu Ruangao	Topical
CPM08839	竹沥达痰丸	Zhuli Datan Wan	Oral
CPM08840	竹沥膏	Zhuli Gao	Oral
CPM08841	竹沥合剂	Zhuli Heji	Oral
CPM08842	竹沥胶囊	Zuli Jiaonang	Oral
CPM08843	竹沥颗粒	Zhuli Keli	Oral
CPM08844	竹沥片	Zhuli Pian	Oral
CPM08845	竹沥水	Zhuli Shui	Oral
CPM08846	竹叶椒片	Zhuyejiao Pian	Oral
CPM08847	逐瘀通脉胶囊	Zhuyu Tongmai Jiaonang	Oral
CPM08848	逐瘀消肿膏	Zhuyu Xiaozhong Gao	Topical
CPM08849	助消膏	Zhuxiao Gao	Topical
CPM08850	注射用丹参多酚酸	Zhusheyong Danshenduofensuan	Injection
CPM08851	注射用丹参多酚酸盐	Zhusheyong Danshen Duofensuan Yan	Injection
CPM08852	注射用灯盏花素	Zhusheyong Dengzhanhuasu	Injection
CPM08853	注射用黄芪多糖	Zhusheyong Huangqiduotang	Injection
CPM08854	注射用清开灵	Zhusheyong Qingkailing	Injection
CPM08855	注射用双黄连	Zhusheyong Shuanghuanglian	Injection
CPM08856	注射用血塞通	Zhusheyong Xuesaitong	Injection
CPM08857	注射用血栓通	Zhusheyong Xueshuantong	Injection
CPM08858	注射用益气复脉	Zhusheyong Yiqifumai	Injection
CPM08859	驻车丸	Zhuche Wan	Oral
CPM08860	壮骨关节胶囊	Zhuanggu Guanjie Jiaonang	Oral
CPM08861	壮骨关节丸	Zhuanggu Guanjie Wan	Oral
CPM08862	壮骨酒	Zhuanggu Jiu	Oral
CPM08863	壮骨木瓜酒	Zhuanggu Mugua Jiu	Oral
CPM08864	壮骨木瓜丸	Zhuanggu Mugua Wan	Oral
CPM08865	壮骨麝香止痛膏	Zhuanggu Shexiang Zhitong Gao	Topical
CPM08866	壮骨伸筋胶囊	Zhuanggu Shenjin Jiaonang	Oral
CPM08867	壮骨丸	Zhuanggu Wan	Oral
CPM08868	壮骨药酒	Zhuanggu Yaojiu	Oral
CPM08869	壮骨止痛胶囊	Zhuangguzhitong Jiaonang	Oral
CPM08870	壮骨追风酒	Zhuanggu Zhuifeng Jiu	Oral
CPM08871	壮筋续骨丸	Zhuangjin Xugu Wan	Oral
CPM08872	壮肾安神片	Zhuangshen Anshen Pian	Oral
CPM08873	壮肾丸	Zhuangshen Wan	Oral
CPM08874	壮西六味散	Zhuangxi Liuwei San	Oral
CPM08875	壮西六味丸	Zhuangxi Liuwei Wan	Oral
CPM08876	壮血片	Zhuangxue Pian	Oral
CPM08877	壮血药酒	Zhuangxue Yaojiu	Oral
CPM08878	壮阳春胶囊	Zhuangyangchun Jiaonang	Oral
CPM08879	壮阳春口服液	Zhuangyangchun Koufuye	Oral
CPM08880	壮阳健威丸	Zhuangyng Jianwei Wan	Oral
CPM08881	壮腰补肾丸	Zhuangyao Bushen Wan	Oral
CPM08882	壮腰健身丸	Zhuangyao Jianshen Wan	Oral
CPM08883	壮腰健肾口服液	Zhuangyao Jianshen Koufuye	Oral
CPM08884	壮腰健肾片	Zhuangyao Jianshen Pian	Oral
CPM08885	壮腰健肾丸	Zhuangyao Jianshen Wan	Oral
CPM08886	壮腰消痛液	Zhuangyao Xiaotong Ye	Oral
CPM08887	壮元补身酒	Zhuangyuan Bushen Jiu	Oral
CPM08888	壮元健肾胶囊	Zhuangyuan Jianshen Jiaonang	Oral
CPM08889	壮元强肾颗粒	Zhuangyuan Qiangshen Keli	Oral
CPM08890	状元红药酒	Zhuangyuanhong Yaojiu	Oral
CPM08891	状元深海龙酒	Zhuangyuan Shenhailong Jiu	Oral
CPM08892	状元丸	Zhuangyuan Wan	Oral
CPM08893	追风除湿酒	Zhuifeng Chushi Jiu	Oral
CPM08894	追风膏	Zhuifeng Gao	Topical
CPM08895	追风活络酒	Zhuifeng Huoluo Jiu	Oral
CPM08896	追风活血膏	Zhuifeng Huoxue Gao	Topical
CPM08897	追风片	Zhuifeng Pian	Oral
CPM08898	追风舒经活血片	Zhuifeng Shujing Huoxue Pian	Oral
CPM08899	追风透骨胶囊	Zhuifeng Tougu Jiaonang	Oral
CPM08900	追风透骨片	Zhuifeng Tougu Pian	Oral
CPM08901	追风透骨丸	Zhuifeng Tougu Wan	Oral
CPM08902	追风丸	Zhuifeng Wan	Oral
CPM08903	追风药酒	Zhuifeng Yaojiu	Oral
CPM08904	追风壮骨膏	Zhuifeng Zhuanggu Gao	Topical
CPM08905	资生丸	Zisheng Wan（Nongsuo Wan）	Oral
CPM08906	滋补参茸丸	Zibu Shenrong Wan	Oral
CPM08907	滋补肝肾丸	Zibu Ganshen Wan	Oral
CPM08908	滋补健身丸	Zibu Jianshen Wan	Oral
CPM08909	滋补生发片	Zibu Shengfa Pian	Oral
CPM08910	滋补生发丸	Zibu Shengfa Wan	Oral
CPM08911	滋补水鸭合剂	Zibu Shuiya Heji	Oral
CPM08912	滋补酥油丸	Zibu Suyou Wan	Oral
CPM08913	滋肾健脑颗粒	Zishen Jiannao Keli	Oral
CPM08914	滋肾健脑液	Zishen Jiannao Ye	Oral
CPM08915	滋肾宁神丸	Zishen Ningshen Wan	Oral
CPM08916	滋肾丸	Zishen Wan	Oral
CPM08917	滋肾育胎丸	Zishen Yutai Wan	Oral
CPM08918	滋心阴胶囊	Zixinyin Jiaonang	Oral
CPM08919	滋心阴颗粒	Zixinyin Keli	Oral
CPM08920	滋心阴口服液	Zixinyin Koufuye	Oral
CPM08921	滋阴补肾丸	Ziyin Bushen Wan	Oral
CPM08922	滋阴润肠口服液	Ziyin Runchang Koufuye	Oral
CPM08923	滋阴益胃胶囊	Ziyin Yiwei Jiaonang	Oral
CPM08924	子宫锭	Zigong Ding	Topical
CPM08925	子仲益肾丸	Zizhong Yishen Wan	Oral
CPM08926	紫贝止咳颗粒	Zibei Zhike Keli	Oral
CPM08927	紫冰油	Zibing You	Topical
CPM08928	紫草膏	Zicao Gao	Topical
CPM08929	紫草软膏	Zicao Ruangao	Topical
CPM08930	紫草婴儿软膏	Zicao Yinger Ruangao	Topical
CPM08931	紫茶颗粒	Zicha Keli	Oral
CPM08932	紫丹活血胶囊	Zidan Huoxue Jiaonang	Oral
CPM08933	紫丹活血片	Zidan Huoxue Pian	Oral
CPM08934	紫丹银屑胶囊	Zidan Yinxie Jiaonang	Oral
CPM08935	紫丹银屑颗粒	Zidan Yinxie Keli	Oral
CPM08936	紫地宁血颗粒	Zidi Ningxue Keli	Oral
CPM08937	紫地宁血散	Zidi Ningxue San	Oral
CPM08938	紫灯胶囊	Zideng Jiaonang	Oral
CPM08939	紫灯片	Zideng Pian	Oral
CPM08940	紫归治裂膏	Zigui Zhilie Gao	Topical
CPM08941	紫河车胶囊	Ziheche Jiaonang	Oral
CPM08942	紫花地丁软膏	Zihuadiding Ruangao	Topical
CPM08943	紫花杜鹃胶囊	Zihua Dujuan Jiaonang	Oral
CPM08944	紫花杜鹃片	Zihua Dujuan Pian	Oral
CPM08945	紫椒癣酊	Zijiao Xuan Ding	Topical
CPM08946	紫金锭	Zijin Ding	Oral
CPM08947	紫金散	Zijin San	Oral
CPM08948	紫桔止咳糖浆	Zijie Zhike Tangjiang	Oral
CPM08949	紫蔻丸	Zikou Wan	Oral
CPM08950	紫龙金片	Zilongjin Pian	Oral
CPM08951	紫楼胃康胶囊	Zilou Weikang Jiaonang	Oral
CPM08952	紫前膏	Ziqian gao	Oral
CPM08953	紫松皮炎膏	Zisong Piyan Gao	Topical
CPM08954	紫苏软胶囊	Zisu Ruanjiaonang	Oral
CPM08955	紫雪胶囊	Zixue Jiaonang	Oral
CPM08956	紫雪颗粒	Zixue Keli	Oral
CPM08957	紫雪散	Zixue San	Oral
CPM08958	紫叶丹胶囊	Ziyedan Jiaonang	Oral
CPM08959	紫云膏	Ziyun Gao	Topical
CPM08960	紫芝多糖片	Zizhi Duotang Pian	Oral
CPM08961	紫珠止血液	Zizhu Zhixue Ye	Oral
CPM08962	棕色清凉油	Zongse Qingliang You	Topical
CPM08963	走川骨刺酊	Zouchuan Guci Ding	Topical
CPM08964	足光散	Zuguang San	Topical
CPM08965	祖卡木胶囊	Zukamu Jiaonang	Oral
CPM08966	祖卡木颗粒	Zukamu Keli	Oral
CPM08967	祖师麻风湿膏	Zushima Fengshi Gao	Topical
CPM08968	祖师麻膏药	Zushima Gaoyao	Topical
CPM08969	祖师麻关节止痛膏	Zushima Guanjie Zhitong Gao	Topical
CPM08970	祖师麻片	Zushima Pian	Oral
CPM08971	钻山风合剂	Zuanshanfeng Heji	Oral
CPM08972	钻山风糖浆	Zuanshanfeng Tangjiang	Oral
CPM08973	左归丸	Zuogui Wan	Oral
CPM08974	左金胶囊	Zuojin Jiaonang	Oral
CPM08975	左金片	Zuo Jin Pian	Oral
CPM08976	左金丸	Zuojin Wan	Oral
CPM08977	坐珠达西	Zuozhudaxi	Oral
