CHP_ID	Chinese_herbal_pieces	Chinese_synonyms	Pinyin_term	English_term	Sources
CHP00001	阿尔泰多榔菊		a er tai duo lang ju	Doronicum altaicum	Viridiplantae
CHP00002	阿氏蒿		a shi hao	Ashurbajev Wormwood*	Viridiplantae
CHP00003	阿魏	阿里红|臭阿魏	a wei	Resina Ferulae	Viridiplantae
CHP00004	阿育魏实		a yu wei shi	Fructus Trachyspermi ammi	Viridiplantae
CHP00005	埃蕾		ai lei	Centaurium pulchellum	Viridiplantae
CHP00006	矮醋栗		ai cu li	Ribes humile	Viridiplantae
CHP00007	矮脚苦蒿	金龙胆草	ai jiao ku hao	Eschenbachia blinii	Viridiplantae
CHP00008	矮茎朱砂根		ai jing zhu sha gen	Ardisia brevicaulis	Viridiplantae
CHP00009	矮冷水花	水石油菜	ai leng shui hua	Pilea peploides	Viridiplantae
CHP00010	矮人陀		ai ren tuo	Gynura pseudochina	Viridiplantae
CHP00011	艾纳香	艾片|艾纳香油|龙脑香|大风艾	ai na xiang	Balsamiferous Blumea	Viridiplantae
CHP00012	艾纳香根		ai na xiang gen	Blumea balsamifera	Viridiplantae
CHP00013	艾实		ai shi	Fructus Artemiiae argyi	Viridiplantae
CHP00014	艾叶	艾把|艾|艾叶油|艾绒	ai ye	leaf of Argy Wormwood	Viridiplantae
CHP00015	安哥拉八角枫		an ge la ba jiao feng	Angola Alangium	Viridiplantae
CHP00016	安徽贝母		an hui bei mu	Anhui Fritillary	Viridiplantae
CHP00017	安徽杜鹃		an hui du juan	Rhododendron maculiferum	Viridiplantae
CHP00018	安徽小檗	安徽刺黄柏	an hui xiao bo	Berberis anhweiensis	Viridiplantae
CHP00019	安息香		an xi xiang	Benzoinum	Viridiplantae
CHP00020	桉叶	桉叶油	an ye	Eucalyptus Leaf	Viridiplantae
CHP00021	桉油		an you	Oleum Eucalypti	Viridiplantae
CHP00022	庵闾		an lv	Artemisia keiskeana	Viridiplantae
CHP00023	暗紫贝母		an zi bei mu	Unibract Fritillary	Viridiplantae
CHP00024	凹瓦韦		ao wa wei	Lepisorus scolopendrius	Viridiplantae
CHP00025	八宝镇心丹		ba bao zhen xin dan	Ophiopogon dracaenoides	Viridiplantae
CHP00026	八角枫		ba jiao feng	Chinese Alangium Equivalent plant: Alangium platanifolium	Viridiplantae
CHP00027	八角枫根		ba jiao feng gen	Alangium chinense	Viridiplantae
CHP00028	八角枫花		ba jiao feng hua	Alangium chinense	Viridiplantae
CHP00029	八角枫叶		ba jiao feng ye	Alangium chinense	Viridiplantae
CHP00030	八角茴香	白木香|八角茴香油	ba jiao hui xiang	Fructus Anisi Stellati	Viridiplantae
CHP00031	八角金盘		ba jiao jin pan	Fatsia japonica	Viridiplantae
CHP00032	八角莲	八角莲叶|盾叶鬼臼|鬼臼	ba jiao lian	Dysosmae Verspiellis Rhixoma Et Radix	Viridiplantae
CHP00033	八月瓜	三叶莲	ba yue gua	Fructus Akebiae	Viridiplantae
CHP00034	八月札		ba yue zha	Akebia trifoliata var. australis	Viridiplantae
CHP00035	八月炸		ba yue zha	Akebia trifoliata	Viridiplantae
CHP00036	八爪金龙		ba zhao jin long	Ardisia crispa	Viridiplantae
CHP00037	巴豆	毛叶巴豆|生巴豆|哥伦比亚巴豆	ba dou	Fructus Crotonis	Viridiplantae
CHP00038	巴豆霜		ba dou shuang	Semen Crotonis Pulveratum	Viridiplantae
CHP00039	巴戟天	八戟天|巴戟肉|制巴戟天|盐巴戟天	ba ji tian	Radix Morindae Officinalis	Viridiplantae
CHP00040	巴拿马山石榴		ba na ma shan shi liu	Taiwan Malabar Randia	Viridiplantae
CHP00041	巴山虎		ba shan hu	Solanum lasiocarpum	Viridiplantae
CHP00042	巴西胡桐		ba xi hu tong	Brazilian Calaba	Viridiplantae
CHP00043	芭蕉根		ba jiao gen	Musa basjoo	Viridiplantae
CHP00044	芭蕉花	芭蕉	ba jiao hua	Musa basjoo	Viridiplantae
CHP00045	芭茅	苦芦骨	ba mao	Miscanthus floridulus	Viridiplantae
CHP00046	芭茅果		ba mao guo	Miscanthus floridulus	Viridiplantae
CHP00047	拔毒散		ba du san	Sida szechuensis	Viridiplantae
CHP00048	菝葜	蔓九节|金刚藤	ba qia	Rhizoma Smilacis Chinae	Viridiplantae
CHP00049	霸王鞭		ba wang bian	Royle Euphorbia Latex	Viridiplantae
CHP00050	白八角莲		bai ba jiao lian	White Dysosma	Viridiplantae
CHP00051	白苞筋骨草		bai bao jin gu cao	Ajuga lupulina	Viridiplantae
CHP00052	白背三七		bai bei san qi	Gynura divaricata	Viridiplantae
CHP00053	白背叶		bai bei ye	Whitebackleaf Mallotus	Viridiplantae
CHP00054	白补药		bai bu yao	Salvia scapiformis	Viridiplantae
CHP00055	白草		bai cao	Cenchrus centrasiaticus	Viridiplantae
CHP00056	白草根		bai cao gen	Rhizoma Penniseti Centrasiatici	Viridiplantae
CHP00057	白草莓	白藨	bai cao mei	Common Strawberry	Viridiplantae
CHP00058	白侧耳		bai ce er	Parnassia delavayi	Viridiplantae
CHP00059	白菖	菖蒲|藏菖蒲|水菖蒲	bai chang	Drug SweetfIag	Viridiplantae
CHP00060	白车轴草	三消草|白三叶草	bai che zhou cao	Trifolium repens	Viridiplantae
CHP00061	白刺		bai ci	Fructus Nitrariae Tangutori	Viridiplantae
CHP00062	白刺花		bai ci hua	Vetchleaf Sophora	Viridiplantae
CHP00063	白刺花叶		bai ci hua ye	Folium Sophorae davidi;Vetchleaf Sophora  Leaf	Viridiplantae
CHP00064	白带草		bai dai cao	Cardamine hirsuta	Viridiplantae
CHP00065	白地牛		bai di niu	Cynanchum mooreanum	Viridiplantae
CHP00066	白豆		bai dou	Vigna cylindrica	Viridiplantae
CHP00067	白独活		bai du huo	Heracleum candicans	Viridiplantae
CHP00068	白杜鹃花	白花映山红	bai du juan hua	Rhododendron mucronatum	Viridiplantae
CHP00069	白椴		bai duan	White Linden*	Viridiplantae
CHP00070	白垩铁线蕨		bai e tie xian jue	Adiantum caudatum	Viridiplantae
CHP00071	白饭豆		bai fan dou	Kidney Bean	Viridiplantae
CHP00072	白饭树		bai fan shu	Securinega virosa (Roxb. ex Willd.) Baill.	Viridiplantae
CHP00073	白饭树根		bai fan shu gen	Radix Flueggeae virosae	Viridiplantae
CHP00074	白饭树叶		bai fan shu ye	Flueggea virosa	Viridiplantae
CHP00075	白粉蕨		bai fen jue	Aleuritopteris kuhnii	Viridiplantae
CHP00076	白附子	生白附子|白附|禹白附|制白附子	bai fu zi	Rhizoma Typhonii	Viridiplantae
CHP00077	白桂		bai gui	Neocinnamomum caudatum	Viridiplantae
CHP00078	白果根	银杏根	bai guo gen	Ginkgo Root	Viridiplantae
CHP00079	白果槲寄生		bai guo hu ji sheng	White Mistletoe	Viridiplantae
CHP00080	白果紫草		bai guo zi cao	Common Gromwell	Viridiplantae
CHP00081	白蒿	大籽蒿	bai hao	Sievers Wormwood	Viridiplantae
CHP00082	白蒿花		bai hao hua	Artemisia sieversiana	Viridiplantae
CHP00083	白鹤灵芝		bai he ling zhi	Bignose Rhiancanthus	Viridiplantae
CHP00084	白鹤藤		bai he teng	Argyreia acuta	Viridiplantae
CHP00085	白鹤藤根		bai he teng gen	Argyreia acuta	Viridiplantae
CHP00086	白花菜		bai hua cai	Gynandropsis gynandra	Viridiplantae
CHP00087	白花菜根		bai hua cai gen	Gynandropsis gynandra	Viridiplantae
CHP00088	白花菜子		bai hua cai zi	Semen Cleomis	Viridiplantae
CHP00089	白花柴		bai hua chai	Tirpitzia ovoidea	Viridiplantae
CHP00090	白花丹		bai hua dan	Whiteflower Leadword	Viridiplantae
CHP00091	白花灯笼	鬼灯笼	bai hua deng long	Clerodendrum fortunatum	Viridiplantae
CHP00092	白花杆		bai hua gan	Philadelphus sericanthus	Viridiplantae
CHP00093	白花蛇舌草		bai hua she she cao	Herba Hedyotis Diffusae	Viridiplantae
CHP00094	白花射干	扁蒲扇	bai hua ye gan	Vesper Iris	Viridiplantae
CHP00095	白花藤		bai hua teng	Caulis Trachelospermi	Viridiplantae
CHP00096	白花夏枯草		bai hua xia ku cao	Dracoccephalum heterophyllum Benth	Viridiplantae
CHP00097	白花苋		bai hua xian	Ouret sanguinolenta	Viridiplantae
CHP00098	白花油麻藤		bai hua you ma teng	Whiteflower Mucuna	Viridiplantae
CHP00099	白及	白矶|白芨|兰屿白芨	bai ji	Rhizoma Bletillae	Viridiplantae
CHP00100	白胶香	枫香脂	bai jiao xiang	Beautiful Sweetgum Resin	Viridiplantae
CHP00101	白芥		bai jie	Caulis et Folium Sinapis albae	Viridiplantae
CHP00102	白芥子		bai jie zi	Semen Sinapis	Viridiplantae
CHP00103	白金果榄	变色马兜铃	bai jin guo lan	Aristolochia versicolor	Viridiplantae
CHP00104	白菊花根		bai ju hua gen	Chrysanthemum morifoliumRamat	Viridiplantae
CHP00105	白蔻		bai kou	Alpinia tonkinensis	Viridiplantae
CHP00106	白蜡树皮	秦皮|尖叶梣	bai la shu pi	Fraxinus chinensis	Viridiplantae
CHP00107	白辣蓼		bai la liao	Persicaria longiseta	Viridiplantae
CHP00108	白兰花		bai lan hua	Bailan Flower	Viridiplantae
CHP00109	白兰花叶		bai lan hua ye	Magnolia alba	Viridiplantae
CHP00110	白蓝翠雀花		bai lan cui que hua	Delphinium albocoeruleum	Viridiplantae
CHP00111	白榄根		bai lan gen	Canarium album	Viridiplantae
CHP00112	白榔皮		bai lang pi	Sterculia villosa	Viridiplantae
CHP00113	白栎蔀		bai li bu	Quercus fabri	Viridiplantae
CHP00114	白蔹		bai lian	root of Japanese Ampelopsis	Viridiplantae
CHP00115	白蔹子		bai lian zi	Fructus Ampelopsis japponicae	Viridiplantae
CHP00116	白粱米		bai liang mi	Setaria italica	Viridiplantae
CHP00117	白柳		bai liu	Salix alba	Viridiplantae
CHP00118	白绿叶果实		bai lv ye guo shi	Elaeagnus viridis	Viridiplantae
CHP00119	白马骨		bai ma gu	all - grass of Snow of June.	Viridiplantae
CHP00120	白马骨根		bai ma gu gen	Serissa japonica	Viridiplantae
CHP00121	白毛藤	鬼目|千年不烂心	bai mao teng	Herba Solani Lyrati	Viridiplantae
CHP00122	白毛藤根		bai mao teng gen	Solanum lyratum	Viridiplantae
CHP00123	白毛委陵菜		bai mao wei ling cai	Potentilla conferta	Viridiplantae
CHP00124	白茅根	茅根	bai mao gen	Rhizoma Imperatae	Viridiplantae
CHP00125	白茅花		bai mao hua	Imperata cylindrica	Viridiplantae
CHP00126	白茅针		bai mao zhen	Imperata cylindrica	Viridiplantae
CHP00127	白梅		bai mei	Armeniaca mume	Viridiplantae
CHP00128	白木		bai mu	Micromelum falcatum	Viridiplantae
CHP00129	白楠木		bai nan mu	Machilus pauhoi	Viridiplantae
CHP00130	白牛胆	山白芷|羊耳菊	bai niu dan	Herba Inulae cappae	Viridiplantae
CHP00131	白牛胆根		bai niu dan gen	Inula Cappa (Ham.) Dc	Viridiplantae
CHP00132	白皮柯		bai pi ke	Lithocarpus dealbatus	Viridiplantae
CHP00133	白婆婆纳		bai po po na	Veronica incana	Viridiplantae
CHP00134	白千层		bai qian ceng	Cajeput-tree	Viridiplantae
CHP00135	白前	无叶白前	bai qian	Rhizoma et Radix Cynanchi Stauntonii	Viridiplantae
CHP00136	白枪杆根		bai qiang gan gen	Fraxinus malacophylla	Viridiplantae
CHP00137	白屈菜		bai qu cai	Herba Chelidonii	Viridiplantae
CHP00138	白屈菜根		bai qu cai gen	Radix Chelidonii maji	Viridiplantae
CHP00139	白山苔		bai shan tai	Rhododendron tomentosum	Viridiplantae
CHP00140	白首乌	隔山消	bai shou wu	Bunge Swallowwort Equivalent plant: Cynanchum auriculatum; Cynanchum bungei; Bunge SwaIIowwort	Viridiplantae
CHP00141	白薯莨		bai shu liang	Hispid Yam	Viridiplantae
CHP00142	白术	麸炒白术|炒白术	bai zhu	rhizome of Largehead Atractylodes	Viridiplantae
CHP00143	白松塔		bai song ta	Pinus bungeana	Viridiplantae
CHP00144	白檀		bai tan	Symplocos paniculata	Viridiplantae
CHP00145	白藤		bai teng	Calamus tetradactylus	Viridiplantae
CHP00146	白头翁		bai tou weng	Root of Chinese Pulsatilla	Viridiplantae
CHP00147	白头翁花		bai tou weng hua	bloom of Radix Pulsatillae Chinensis	Viridiplantae
CHP00148	白透骨消		bai tou gu xiao	Glechoma biondiana	Viridiplantae
CHP00149	白土茯苓		bai tu fu ling	Smilax goeringii	Viridiplantae
CHP00150	白薇		bai wei	Radix et Rhizoma Cynanchi Atrati	Viridiplantae
CHP00151	白鲜皮		bai xian pi	Dictamni Cortex	Viridiplantae
CHP00152	白苋		bai xian	Amaranthus viridis	Viridiplantae
CHP00153	白杨树皮		bai yang shu pi	Populus davidiana	Viridiplantae
CHP00154	白药		bai yao	Aconitum duclouxii	Viridiplantae
CHP00155	白叶火草	舒戛千里光	bai ye huo cao	Synotis nagensium	Viridiplantae
CHP00156	白叶藤		bai ye teng	Chinese Cryptolepis	Viridiplantae
CHP00157	白英		bai ying	Solanum lyratum	Viridiplantae
CHP00158	白颖苔草		bai ying tai cao	Carex duriuscula	Viridiplantae
CHP00159	白鱼尾	白背枫	bai yu wei	Buddleja asiatica	Viridiplantae
CHP00160	白鱼尾果		bai yu wei guo	Buddleja asiatica	Viridiplantae
CHP00161	白脂麻		bai zhi ma	Sesamum indicum	Viridiplantae
CHP00162	白芷	香白芷|白苟|酒白苟|大活	bai zhi	Radix Angelicae Dahuricae	Viridiplantae
CHP00163	白芷叶		bai zhi ye	Angelica dahurica	Viridiplantae
CHP00164	白朱砂莲		bai zhu sha lian	Aristolochia tuberosa	Viridiplantae
CHP00165	白珠树	透骨香	bai zhu shu	CommonGaultheria	Viridiplantae
CHP00166	白紫草		bai zi cao	Antiotrema dunnianum	Viridiplantae
CHP00167	百步还阳丹		bai bu huan yang dan	Ponerorchis cucullata	Viridiplantae
CHP00168	百部	蜜百部|百部干|对叶百部	bai bu	Radix Stemonae	Viridiplantae
CHP00169	百部还魂		bai bu huan hun	Gymnotheca chinensis	Viridiplantae
CHP00170	百合	百路通	bai he	Bulbus Lilii	Viridiplantae
CHP00171	百合子		bai he zi	Semen Lilii brownii	Viridiplantae
CHP00172	百解马兜铃		bai jie ma dou ling	Aristolochia westlandii	Viridiplantae
CHP00173	百里香	地椒	bai li xiang	Breckland Thyme	Viridiplantae
CHP00174	百里香叶杜鹃		bai li xiang ye du juan	Rhododendron thymifolium	Viridiplantae
CHP00175	百脉根	地羊鹊	bai mai gen	Lotus corniculatus	Viridiplantae
CHP00176	百蕊草		bai rui cao	Chinese Bastardtoadflax	Viridiplantae
CHP00177	百蕊草根		bai rui cao gen	Thesium chinense	Viridiplantae
CHP00178	百眼藤		bai yan teng	Littleleaf Indianmulberry	Viridiplantae
CHP00179	柏根白皮		bai gen bai pi	Cortex Platycladi orientalis	Viridiplantae
CHP00180	柏树		bai shu	Cupressus funebris	Viridiplantae
CHP00181	柏树根		bai shu gen	Callitropsis funebris	Viridiplantae
CHP00182	柏树果		bai shu guo	Cupressus funebris	Viridiplantae
CHP00183	柏树叶		bai shu ye	Chinese Weeping Cypress Leaf	Viridiplantae
CHP00184	柏树油		bai shu you	Cupressus funebris	Viridiplantae
CHP00185	柏脂		bai zhi	Platycladus orientalis	Viridiplantae
CHP00186	柏子仁	柏子仁霜	bai zi ren	Semen Platycladi	Viridiplantae
CHP00187	败酱草	白花败酱草|败酱|黄花败酱草|黄花败酱	bai jiang cao	All - grass of Dahurian Patrinia	Viridiplantae
CHP00188	稗根苗		bai gen miao	Echinochloa crus-galli	Viridiplantae
CHP00189	斑草	大尾摇	ban cao	Indian  Heliotrope	Viridiplantae
CHP00190	斑点虎耳草		ban dian hu er cao	Micranthes punctata	Viridiplantae
CHP00191	斑鸠菊		ban jiu ju	Edible Bitterleaf	Viridiplantae
CHP00192	斑鸠木		ban jiu mu	Strobocalyx solanifolia	Viridiplantae
CHP00193	斑鸠占		ban jiu zhan	Premna fulva	Viridiplantae
CHP00194	斑鸠占叶		ban jiu zhan ye	Premna fulva	Viridiplantae
CHP00195	斑茅		ban mao	Tripidium arundinaceum	Viridiplantae
CHP00196	斑茅花		ban mao hua	Tripidium arundinaceum	Viridiplantae
CHP00197	斑叶堇菜		ban ye jin cai	Viola variegata	Viridiplantae
CHP00198	斑叶紫金牛	小罗伞|血党	ban ye zi jin niu	Ardisia punctata	Viridiplantae
CHP00199	半把伞		ban ba san	Neocheiropteris palmatopedata	Viridiplantae
CHP00200	半边风		ban bian feng	Liquidambar chinensis	Viridiplantae
CHP00201	半边莲		ban bian lian	Chinese Lobelia Herb	Viridiplantae
CHP00202	半边藕		ban bian ou	Dipteris chinensis	Viridiplantae
CHP00203	半边旗		ban bian qi	pinnated brake herb	Viridiplantae
CHP00204	半边钱		ban bian qian	Christia obcordata	Viridiplantae
CHP00205	半边山		ban bian shan	Elatostema sublineare	Viridiplantae
CHP00206	半边苏		ban bian su	Common Elsholtzia	Viridiplantae
CHP00207	半春莲		ban chun lian	Platanthera ussuriensis	Viridiplantae
CHP00208	半枫荷		ban feng he	Pterospermum heterophyllum	Viridiplantae
CHP00209	半夏	生半夏|仙半夏|掌叶半夏|姜半夏|清半夏|水半夏|法半夏|制半夏	ban xia	Pinellia ternata	Viridiplantae
CHP00210	半夏曲		ban xia qu	Rhizoma Pinelliae Fermentata	Viridiplantae
CHP00211	半圆盖阴石蕨		ban yuan gai yin shi jue	Davallia platylepis	Viridiplantae
CHP00212	半枝莲		ban zhi lian	all - grass of Barbed Skullcap	Viridiplantae
CHP00213	榜嘎	船形乌头	bang ga	all-grass of Scaphoidhelmet monkshood	Viridiplantae
CHP00214	棒棒木		bang bang mu	Celtis bungeana	Viridiplantae
CHP00215	苞蔷薇根	硕苞蔷薇	bao qiang wei gen	Rosa bracteata	Viridiplantae
CHP00216	薄荷	薄荷冰|薄菏|薄荷水|兴安薄荷|薄荷脑|薄荷香|薄荷油|薄荷素油	bo he	Herba Menthae	Viridiplantae
CHP00217	薄荷露		bo he lu	Mentha canadensis	Viridiplantae
CHP00218	薄雪火绒草		bao xue huo rong cao	Leontopodium japonicum	Viridiplantae
CHP00219	薄叶卷柏		bao ye juan bai	Selaginella delicatula	Viridiplantae
CHP00220	宝盖草		bao gai cao	Henbit Deadnettle	Viridiplantae
CHP00221	保山乌头	保山附片|雪上一支篙|小白撑	bao shan wu tou	Paoshan Monkshood	Viridiplantae
CHP00222	报春花		bao chun hua	Fairy Primrose	Viridiplantae
CHP00223	抱茎獐牙菜		bao jing zhang ya cai	Amplexicaul Swertia	Viridiplantae
CHP00224	豹皮樟		bao pi zhang	Litsea coreana	Viridiplantae
CHP00225	暴马子皮		bao ma zi pi	bark of manchurian lilac	Viridiplantae
CHP00226	杯苋	蛇见怕	bei xian	Cyathula prostrata	Viridiplantae
CHP00227	北豆	蝙蝠葛	bei dou	Menispermum dauricum	Viridiplantae
CHP00228	北豆根	蝙蝠葛根	bei dou gen	Rhizoma Menispermi	Viridiplantae
CHP00229	北沙参		bei sha shen	root of Coastal Glehnia	Viridiplantae
CHP00230	北丝石竹		bei si shi zhu	Gypsophila davurica	Viridiplantae
CHP00231	北玄参		bei xuan can	Buerger Figwort	Viridiplantae
CHP00232	北野菊		bei ye ju	Boreal Wild Chrysanthemum	Viridiplantae
CHP00233	北鱼黄草		bei yu huang cao	Merremia sibirica	Viridiplantae
CHP00234	贝加尔唐松草		bei jia er tang song cao	Baikal Meadowrue	Viridiplantae
CHP00235	贝母兰		bei mu lan	Common Coelogyne	Viridiplantae
CHP00236	荸荠		bi qi	Eleocharis dulcis	Viridiplantae
CHP00237	笔管榕		bi guan rong	Ficus wightiana	Viridiplantae
CHP00238	荜茇	荜苃|筚茇|荜拔|荜茇油|荜菝	bi ba	Piperis Longi Fructus	Viridiplantae
CHP00239	荜茇根	荜苃根	bi ba gen	Radix Piperis longi;Long Pepper Root	Viridiplantae
CHP00240	荜澄茄	山苍子|豆豉姜|山鸡椒	bi cheng jia	Litseae Fructus	Viridiplantae
CHP00241	萆薢	福州薯蓣|粉萆薢|川萆薢	bi xie	Rhizoma Dioscoreae Hypoglaucae	Viridiplantae
CHP00242	蓖麻		bi ma	Ricinus communis	Viridiplantae
CHP00243	蓖麻根		bi ma gen	Castorbean Root	Viridiplantae
CHP00244	蓖麻叶		bi ma ye	Castorbean Leaf	Viridiplantae
CHP00245	蓖麻油		bi ma you	Oleum Ricini	Viridiplantae
CHP00246	蓖麻子	蓖麻仁	bi ma zi	Semen Ricini	Viridiplantae
CHP00247	薜荔	薜荔汁	bi li	Climbing Fig	Viridiplantae
CHP00248	薜荔根		bi li gen	Ficus pumila	Viridiplantae
CHP00249	薜荔果		bi li guo	Ficus pumila	Viridiplantae
CHP00250	篦子三尖杉		bi zi san jian shan	Oliver Plumyew	Viridiplantae
CHP00251	边缘鳞盖蕨		bian yuan lin gai jue	Marginate Microlepia	Viridiplantae
CHP00252	萹蓄		bian xu	Herba Polygoni Avicularis	Viridiplantae
CHP00253	蝙蝠草	双飞蝴蝶	bian fu cao	Christia vespertilionis	Viridiplantae
CHP00254	鞭打绣球		bian da xiu qiu	Diversifolious Hemiphragma	Viridiplantae
CHP00255	鞭叶耳蕨		bian ye er jue	Polystichum craspedosorum	Viridiplantae
CHP00256	鞭叶铁线蕨		bian ye tie xian jue	Walking Maidenhair	Viridiplantae
CHP00257	扁担杆	娃娃拳|吉利子树	bian dan gan	Grewia biloba	Viridiplantae
CHP00258	扁豆	扁豆花|白扁豆	bian dou	Semen Lablab Album	Viridiplantae
CHP00259	扁果		bian guo	Searsia paniculata	Viridiplantae
CHP00260	扁蕾		bian lei	Gentianopsis barbata	Viridiplantae
CHP00261	扁桃斑鸠菊		bian tao ban jiu ju	Bitterleaf	Viridiplantae
CHP00262	扁藤	扁藤叶	bian teng	Tetrastigma planicaule	Viridiplantae
CHP00263	扁樱桃		bian ying tao	Eugenia uniflora	Viridiplantae
CHP00264	扁竹测	复生草	bian zhu ce	Tofieldia divergens	Viridiplantae
CHP00265	扁竹根		bian zhu gen	Rhizoma seu Radix Iridis japoniae	Viridiplantae
CHP00266	扁竹兰		bian zhu lan	Rohdea wattii	Viridiplantae
CHP00267	变叶胡椒		bian ye hu jiao	Piper mutabile	Viridiplantae
CHP00268	变异鳞毛蕨		bian yi lin mao jue	Dryopteris varia	Viridiplantae
CHP00269	遍地金		bian di jin	Wight’s St.John’swort	Viridiplantae
CHP00270	辫子草根		bian zi cao gen	Leptodesmia microphylla	Viridiplantae
CHP00271	杓儿菜	挖耳草根	biao er cai	Carpesium cernuum	Viridiplantae
CHP00272	滨海前胡		bin hai qian hu	Japan Hogfennel	Viridiplantae
CHP00273	滨旋花	孝扇草根	bin xuan hua	Calystegia soldanella	Viridiplantae
CHP00274	槟榔	摈榔|大腹皮|槟榔花|枣槟榔	bing lang	areca seed	Viridiplantae
CHP00275	冰糖草		bing tang cao	Scoparia dulcis	Viridiplantae
CHP00276	柄果槲寄生		bing guo hu ji sheng	Stipefruit Mistletoe	Viridiplantae
CHP00277	波棱瓜		bo leng gua	Herpetospermum pedunculosum	Viridiplantae
CHP00278	波罗蜜树液		bo luo mi shu ye	Artocarpus heterophyllus	Viridiplantae
CHP00279	波叶紫金牛		bo ye zi jin niu	Ardisia affinis	Viridiplantae
CHP00280	波缘楤木		bo yuan song mu	Aralia undulata	Viridiplantae
CHP00281	菠菜		bo cai	Spinish	Viridiplantae
CHP00282	菠菜子		bo cai zi	Spinacia oleracea	Viridiplantae
CHP00283	菠萝皮		bo luo pi	Ananas comosus	Viridiplantae
CHP00284	播娘蒿	葶苈草	bo niang hao	Flixweed Tansymustard Seed	Viridiplantae
CHP00285	伯乐树		bo le shu	Bretschneidera sinensis	Viridiplantae
CHP00286	博落回		bo luo hui	Pink Plumepoppy	Viridiplantae
CHP00287	卜芥		bo jie	Alocasia cucullata	Viridiplantae
CHP00288	补骨脂	盐补骨脂	bu gu zhi	Malaytea scurfpea	Viridiplantae
CHP00289	补血草	中华补血草	bu xue cao	Gmelin Sealavender Herb	Viridiplantae
CHP00290	补血薯	七叶薯	bu xue shu	Dioscorea esquirolii	Viridiplantae
CHP00291	不凋木		bu diao mu	Osteomeles schwerinae	Viridiplantae
CHP00292	布渣叶	布渣|破布叶	bu zha ye	Microctis Folium	Viridiplantae
CHP00293	菜豆树		cai dou shu	Asia Belltree	Viridiplantae
CHP00294	菜蓟		cai ji	GIobe Artichoke	Viridiplantae
CHP00295	菜子七		cai zi qi	Cardamine leucantha	Viridiplantae
CHP00296	蚕豆		can dou	Broadbean	Viridiplantae
CHP00297	蚕豆花		can dou hua	Vicia faba	Viridiplantae
CHP00298	苍耳	苍耳花|苍耳草	cang er	Siberian Cocklebur	Viridiplantae
CHP00299	苍耳根		cang er gen	Radix Xanthii sibirici	Viridiplantae
CHP00300	苍耳子	苍耳子油	cang er zi	fruit of Siberian Cockleblur	Viridiplantae
CHP00301	苍山黄堇		cang shan huang jin	Corydalis delavayi	Viridiplantae
CHP00302	苍山橐吾		cang shan tuo wu	Ligularia tsangchanensis	Viridiplantae
CHP00303	苍术	仓术	cang zhu	Rhizome of Swordlike Atractylodes	Viridiplantae
CHP00304	藏报春		cang bao chun	Primula sinensis	Viridiplantae
CHP00305	藏边大黄	白牛尾七	cang bian dai huang	Austral Rhubarb	Viridiplantae
CHP00306	藏红花	西红花|番红花	zang hong hua	Crocus sativus	Viridiplantae
CHP00307	藏绵芪		cang mian qi	Astragalus tibetanus	Viridiplantae
CHP00308	藏青果	西青果	zang qing guo	Fructus Chebulae Immaturus	Viridiplantae
CHP00309	糙苏	牛王肺筋草	cao su	Jerusalemsage	Viridiplantae
CHP00310	糙叶千里光		cao ye qian li guang	Senecio asperifolius	Viridiplantae
CHP00311	草柏枝		cao bai zhi	Pterygiella tenuisecta	Viridiplantae
CHP00312	草本威灵仙	斩龙剑|草灵仙	cao ben wei ling xian	Veronicastrum sibiricum (L.) Pennell	Viridiplantae
CHP00313	草苁蓉		cao cong rong	Boschniakia Rossica Herba	Viridiplantae
CHP00314	草地黄芩	川黄芩	cao di huang qin	Scutellaria hypericifolia	Viridiplantae
CHP00315	草豆蔻	小草蔻	cao dou kou	Semen Alpiniae Katsumadai	Viridiplantae
CHP00316	草果	草果仁	cao guo	Fructus Tsaoko	Viridiplantae
CHP00317	草果药		cao guo yao	Hedychium spicatum	Viridiplantae
CHP00318	草胡椒		cao hu jiao	Shiny Peperomia	Viridiplantae
CHP00319	草莓		cao mei	Common Strawberry	Viridiplantae
CHP00320	草牡丹		cao mu dan	Clematis heracleifolia	Viridiplantae
CHP00321	草问荆		cao wen jing	Meadaw Horsetail	Viridiplantae
CHP00322	草乌	生草乌|生草鸟|制草乌|北乌头|射罔|制黄草乌|滇草乌	cao wu	Prepared Kusnezoff Monkshood Root	Viridiplantae
CHP00323	草乌叶		cao wu ye	Kusnezoff Monkshood Leaf	Viridiplantae
CHP00324	草香附		cao xiang fu	Juncus amplifolius	Viridiplantae
CHP00325	草泽泻		cao ze xie	Alisma gramineum	Viridiplantae
CHP00326	侧柏叶	刺柏叶|侧柏|柏叶	ce bai ye	leafy twigs of Oriental Arborvitae	Viridiplantae
CHP00327	侧柏枝节	柏枝节	ce bai zhi jie	Chinese Arborvitae Branch	Viridiplantae
CHP00328	叉枝鸦葱	苦葵鸦葱	cha zhi ya cong	Lipschitzia divaricata	Viridiplantae
CHP00329	茶膏		cha gao	Camellia sinensis	Viridiplantae
CHP00330	茶花	白花茶	cha hua	Tea Flower	Viridiplantae
CHP00331	茶树根		cha shu gen	Tea Root	Viridiplantae
CHP00332	茶条槭	桑芽	cha tiao qi	Amur Maple	Viridiplantae
CHP00333	茶叶	皋芦|茶|普洱茶|绿茶|大茶药	cha ye	Common Tea	Viridiplantae
CHP00334	茶油	油茶油	cha you	Oleum Camelliae	Viridiplantae
CHP00335	茶油粑		cha you ba	Camellia oleifera	Viridiplantae
CHP00336	茶子		cha zi	Tea Seed	Viridiplantae
CHP00337	茶子饼		cha zi bing	Camellia oleifera	Viridiplantae
CHP00338	檫树		cha shu	Sassafras tzumu	Viridiplantae
CHP00339	柴桂	三条筋	chai gui	Tibet Cinnamon Bark	Viridiplantae
CHP00340	柴厚朴		chai hou po	Magnolia figlarii	Viridiplantae
CHP00341	柴胡	滇柴胡|烟台柴胡|紫胡|地胆头|北柴胡|狭叶柴胡|红柴胡|春柴胡|醋北柴胡	chai hu	Radix Bupleuri	Viridiplantae
CHP00342	柴胡叶链荚豆		chai hu ye lian jia dou	Alysicarpus bupleurifolius	Viridiplantae
CHP00343	豺皮樟		chai pi zhang	Litsea rotundifolia	Viridiplantae
CHP00344	缠竹黄		chan zhu huang	Tripterospermum cordifolium	Viridiplantae
CHP00345	潺槁树	残槁蔃	chan gao shu	Litsea glutinosa	Viridiplantae
CHP00346	菖蒲叶		chang pu ye	Acorus tatarinowii	Viridiplantae
CHP00347	常春藤		chang chun teng	Chinese Ivy Equivalent plant: Hedera rhombea	Viridiplantae
CHP00348	常春藤子		chang chun teng zi	Hedera nepalensis	Viridiplantae
CHP00349	常春卫矛	扶芳藤	chang chun wei mao	Euonymus fortunei	Viridiplantae
CHP00350	常山	蜀漆	chang shan	Radix Dichroae	Viridiplantae
CHP00351	朝鲜白头翁		chao xian bai tou weng	Korean Pulsatilla	Viridiplantae
CHP00352	朝鲜崖柏		chao xian ya bai	Thuja koraiensis	Viridiplantae
CHP00353	朝鲜崖柏仁		chao xian ya bai ren	Thuja koraiensis	Viridiplantae
CHP00354	朝鲜一枝黄花		chao xian yi zhi huang hua	Solidago virgaurea	Viridiplantae
CHP00355	车前草	车前|平车前|滇车前	che qian cao	all-grass of Rippleseed plantain	Viridiplantae
CHP00356	车前子	盐车前子	che qian zi	seed of Asiatic pantain	Viridiplantae
CHP00357	车桑仔	车桑子	che sang zai	Dodonaea viscosa	Viridiplantae
CHP00358	车桑仔根	车桑子根	che sang zai gen	Dodonaea viscosa	Viridiplantae
CHP00359	车桑仔叶	车桑子叶	che sang zai ye	Clammy Hopseedbush Leaf	Viridiplantae
CHP00360	沉香	土沉香|白沉香	chen xiang	Lignum Aquilariae Resinatum	Viridiplantae
CHP00361	陈皮	广陈皮|陈皮油	chen pi	Dried Tangerine Peel	Viridiplantae
CHP00362	柽柳	西河柳	cheng liu	Chinese Tamarisk Equivalent plant: Tamarix ramosissima	Viridiplantae
CHP00363	柽柳花		cheng liu hua	Tamarix chinensis	Viridiplantae
CHP00364	澄茄子		cheng qie zi	Mountain Spicy Tree	Viridiplantae
CHP00365	橙黄玉凤花		cheng huang yu feng hua	Habenaria rhodocheila	Viridiplantae
CHP00366	橙皮		cheng pi	Bitter orange	Viridiplantae
CHP00367	橙叶		cheng ye	Citrus sinensis	Viridiplantae
CHP00368	橙子	鲜橙	cheng zi	Fragrant Citrus	Viridiplantae
CHP00369	橙子核		cheng zi he	Fragrant Citrus Seed	Viridiplantae
CHP00370	橙子皮		cheng zi pi	Pericarp	Viridiplantae
CHP00371	秤钩风	苍白秤钩风	cheng gou feng	Diploclisia glaucescens	Viridiplantae
CHP00372	齿瓣延胡索		chi ban yan hu suo	Toothedpetal Corydalis	Viridiplantae
CHP00373	齿叶草		chi ye cao	Lateripening Bartsia	Viridiplantae
CHP00374	齿叶橐吾		chi ye tuo wu	Toothleaf Goldenray	Viridiplantae
CHP00375	豉汁		shi zhi	Glycine max	Viridiplantae
CHP00376	赤瓟		chi bo	Thladiantha dubia	Viridiplantae
CHP00377	赤瓟根		chi bo gen	Thladiantha dubia	Viridiplantae
CHP00378	赤车		chi che	Pellionia radicans	Viridiplantae
CHP00379	赤车使者		chi che shi zhe	Pellionia radicans	Viridiplantae
CHP00380	赤车使者根		chi che shi zhe gen	Elatostema umbellatum	Viridiplantae
CHP00381	赤麻		chi ma	Tricuspidate Falsenettle	Viridiplantae
CHP00382	赤楠	赤楠根|牛金子	chi nan	Boxleaf Syzygium	Viridiplantae
CHP00383	赤楠蒲桃叶		chi nan pu tao ye	Syzygium buxifolium	Viridiplantae
CHP00384	赤小豆	赤豆	chi xiao dou	Semen Phaseoli	Viridiplantae
CHP00385	赤小豆叶		chi xiao dou ye	Vigna angularis	Viridiplantae
CHP00386	赤杨		chi yang	Japanese Alder	Viridiplantae
CHP00387	翅柄铁线蕨		chi bing tie xian jue	Adiantum capillus-junonis	Viridiplantae
CHP00388	虫莲		chong lian	Sanguisorba filiformis	Viridiplantae
CHP00389	臭柏		chou bai	Savin	Viridiplantae
CHP00390	臭黄荆根		chou huang jing gen	Premna ligustroides	Viridiplantae
CHP00391	臭灵丹		chou ling dan	Laggera pterodonta	Viridiplantae
CHP00392	臭灵丹草		chou ling dan cao	Laggera crispata	Viridiplantae
CHP00393	臭茉莉		chou mo li	Fragrant Glorybower	Viridiplantae
CHP00394	臭牡丹		chou mu dan	Rose Glorybower (Clerodendrum)	Viridiplantae
CHP00395	臭牡丹根		chou mu dan gen	Radix Clerodendri bungei	Viridiplantae
CHP00396	臭山羊		chou shan yang	Japanese Orixa	Viridiplantae
CHP00397	臭梧桐	土阿魏	chou wu tong	Glorybower leaf, Clerodendron leaf	Viridiplantae
CHP00398	臭梧桐根		chou wu tong gen	Harlequin Glorybower Root	Viridiplantae
CHP00399	臭梧桐叶		chou wu tong ye	Clerodendrum trichotomum	Viridiplantae
CHP00400	樗叶		chu ye	Ailanthus altissima	Viridiplantae
CHP00401	樗叶花椒	浙桐皮	chu ye hua jiao	Ailanthus-like Pricklyash	Viridiplantae
CHP00402	樗叶花椒根		chu ye hua jiao gen	Ailanthus-like Pricklyash Root	Viridiplantae
CHP00403	除虫菊		chu chong ju	Dalmatian Pyrethrum Equivalent plant: Chrysanthemum coccineum	Viridiplantae
CHP00404	楮茎		chu jing	Broussonetia papyrifera	Viridiplantae
CHP00405	楮皮间白汁		chu pi jian bai zhi	Broussonetia papyrifera	Viridiplantae
CHP00406	楮实子	楮实	chu shi zi	Broussonetiae Fructus	Viridiplantae
CHP00407	楮树白皮		chu shu bai pi	Broussonetia papyrifera	Viridiplantae
CHP00408	楮树根	构树根|构树	chu shu gen	Broussonetia papyrifera	Viridiplantae
CHP00409	楮头红		chu tou hong	Melastoma candidum	Viridiplantae
CHP00410	楮叶		chu ye	Broussonetia papyrifera	Viridiplantae
CHP00411	川八角莲		chuan ba jiao lian	Veitch Dysosma	Viridiplantae
CHP00412	川贝母	贝母|贝母花|紫贝母|棱砂贝母|川贝	chuan bei mu	Bulb of Tendrilleaf Fritillary	Viridiplantae
CHP00413	川滇淫羊藿		chuan dian yin yang huo	David Epimedium	Viridiplantae
CHP00414	川鄂淫羊藿		chuan e yin yang huo	Farges Epimedium	Viridiplantae
CHP00415	川木通		chuan mu tong	Caulis Clematidis Armandii	Viridiplantae
CHP00416	川木香		chuan mu xiang	Radix Vladimiriae	Viridiplantae
CHP00417	川乌	侧子|乌头|生川乌	chuan wu	root of Common Monkshood	Viridiplantae
CHP00418	川西獐牙菜		chuan xi zhang ya cai	Mussot Swertia; Musso!  Swertia	Viridiplantae
CHP00419	川芎	酒川芎|川穹	chuan qiong	Rhizoma Chuanxiong	Viridiplantae
CHP00420	穿根藤	春根藤	chuan gen teng	Psychotria serpens	Viridiplantae
CHP00421	穿龙薯蓣	穿山龙	chuan long shu yu	Nippon Yam Equivalent plant: Dioscorea nipponica ssp rosthornii	Viridiplantae
CHP00422	穿心莲	穿心莲叶|莶草	chuan xin lian	all-grass of Common Androgrphis	Viridiplantae
CHP00423	吹云草	一碗泡	chui yun cao	Salomonia cantoniensis	Viridiplantae
CHP00424	垂盆草	鲜垂盆草|虎眼万年青	chui pen cao	Herba Sedi	Viridiplantae
CHP00425	垂丝海棠		chui si hai tang	Malus halliana	Viridiplantae
CHP00426	垂丝卫矛	青皮树	chui si wei mao	Euonymus oxyphyllus	Viridiplantae
CHP00427	春不见		chun bu jian	Botrypus virginianus	Viridiplantae
CHP00428	春福寿草		chun fu shou cao	Yellow Adonis	Viridiplantae
CHP00429	春砂花		chun sha hua	Wurfbainia villosa	Viridiplantae
CHP00430	椿白皮		chun bai pi	Cortex Toonae Sinensis Radicis	Viridiplantae
CHP00431	椿皮	樗白皮|大果臭椿皮	chun pi	Cortex Ailanthi	Viridiplantae
CHP00432	椿叶		chun ye	Toona sinensis	Viridiplantae
CHP00433	莼菜	莼	chun cai	Brasenia schreberi	Viridiplantae
CHP00434	慈竹根		ci zhu gen	Bambusa textilis	Viridiplantae
CHP00435	慈竹花		ci zhu hua	Bambusa textilis	Viridiplantae
CHP00436	慈竹气笋		ci zhu qi sun	Neosinocalamus affinis	Viridiplantae
CHP00437	慈竹茹		ci zhu ru	Bambusa textilis	Viridiplantae
CHP00438	慈竹笋		ci zhu sun	Neosinocalamus affinis	Viridiplantae
CHP00439	慈竹箨		ci zhu tuo	Neosinocalamus affinis	Viridiplantae
CHP00440	慈竹叶		ci zhu ye	Bambusa emeiensis	Viridiplantae
CHP00441	刺柏	山刺柏	ci bai	Taiwan Juniper	Viridiplantae
CHP00442	刺参	红花刺参|白仙茅	ci can	Morina nepalensis	Viridiplantae
CHP00443	刺果甘草		ci guo gan cao	Pricklyfruit Licorice	Viridiplantae
CHP00444	刺果苏木		ci guo su mu	Nickernut Caesalpinia	Viridiplantae
CHP00445	刺槐花		ci huai hua	Black Locust Flower	Viridiplantae
CHP00446	刺黄柏茎叶		ci huang bai jing ye	Berberis gracilipes	Viridiplantae
CHP00447	刺黄连		ci huang lian	Radix et Caulis Mahonae flavidae	Viridiplantae
CHP00448	刺梨	刺梨果	ci li	Roxburgh Rose	Viridiplantae
CHP00449	刺梨花		ci li hua	Rosa roxburghii	Viridiplantae
CHP00450	刺藜		ci li	Teloxys aristata	Viridiplantae
CHP00451	刺李		ci li	Prunus spinosa	Viridiplantae
CHP00452	刺莓果		ci mei guo	Rosa davurica	Viridiplantae
CHP00453	刺楸树根		ci qiu shu gen	Kalopanax septemlobus	Viridiplantae
CHP00454	刺楸树皮		ci qiu shu pi	Septemlobate Kalopanax Bark	Viridiplantae
CHP00455	刺桐	乔木刺桐|海桐皮	ci tong	Coral-tree	Viridiplantae
CHP00456	刺五加	川加皮	ci wu jia	Radix et Rhizoma seu Caulis Acanthopanacis Senticosi	Viridiplantae
CHP00457	葱	鲜葱|生葱	cong	Allium fistulosum	Viridiplantae
CHP00458	葱白		cong bai	Allium bulb, Wild scallion, Chinese green onion	Viridiplantae
CHP00459	葱实		cong shi	Semen Allii fistulosi	Viridiplantae
CHP00460	葱须		cong xu	Radix Allii fistulosi	Viridiplantae
CHP00461	葱叶		cong ye	Folium Allii fistulosi	Viridiplantae
CHP00462	葱汁		cong zhi	Caulis seu Herba Allii fistulosi	Viridiplantae
CHP00463	楤木		song mu	Japanese Aralia	Viridiplantae
CHP00464	楤木白皮		song mu bai pi	Aralia chinensis	Viridiplantae
CHP00465	楤木根		song mu gen	Aralia chinensis	Viridiplantae
CHP00466	粗榧子		cu fei zi	Cephalotaxus sinensis	Viridiplantae
CHP00467	粗叶悬钩子		cu ye xuan gou zi	Roughleaf Raspberry	Viridiplantae
CHP00468	粗硬毛滇紫草		cu ying mao dian zi cao	Hispid Onosma*	Viridiplantae
CHP00469	催吐萝芙木		cui tu luo fu mu	Emitic DeviIpepper	Viridiplantae
CHP00470	翠雀花		cui que hua	Bouquet Larkspur	Viridiplantae
CHP00471	寸节七		cun jie qi	Viola diamantiaca	Viridiplantae
CHP00472	打碗花	面根藤	da wan hua	Calystegia hederacea	Viridiplantae
CHP00473	大白杜鹃	白马鬃铃花	da bai du juan	Rhododendron decorum	Viridiplantae
CHP00474	大半边旗		da ban bian qi	Pteris dissitifolia	Viridiplantae
CHP00475	大苞寄生		da bao ji sheng	Tolypanthus maclurei	Viridiplantae
CHP00476	大苞芹		da bao qin	Dickinsia hydrocotyloides	Viridiplantae
CHP00477	大苞鸭跖草		da bao ya zhi cao	Commelina paludosa	Viridiplantae
CHP00478	大报春花	滇海水仙花	da bao chun hua	Primula pseudodenticulata	Viridiplantae
CHP00479	大扁竹兰		da bian zhu lan	Iris wattii	Viridiplantae
CHP00480	大驳骨		da bo gu	Malabanut	Viridiplantae
CHP00481	大草蔻		da cao kou	Alpinia katsumadai	Viridiplantae
CHP00482	大巢菜		da chao cai	Herba Viciae Sativae	Viridiplantae
CHP00483	大车前		da che qian	Rippleseed Plantain	Viridiplantae
CHP00484	大串连果		da chuan lian guo	Bridelia stipularis	Viridiplantae
CHP00485	大丁草		da ding cao	Herba Leibnitziae	Viridiplantae
CHP00486	大豆	豆黄|大豆油	da dou	Soybean	Viridiplantae
CHP00487	大豆黄卷		da dou huang juan	Glycine max	Viridiplantae
CHP00488	大独叶草	酸模叶橐吾	da du ye cao	Ligularia lapathifolia	Viridiplantae
CHP00489	大杜鹃		da du juan	Rhododendron spinuliferum	Viridiplantae
CHP00490	大对经草		da dui jing cao	Hypericum przewalskii	Viridiplantae
CHP00491	大萼鹿角藤		da e lu jiao teng	Chonemorpha megacalyx	Viridiplantae
CHP00492	大飞扬		da fei yang	Bauhinia faberi	Viridiplantae
CHP00493	大肺筋草		da fei jin cao	Sanicula lamelligera	Viridiplantae
CHP00494	大风药		da feng yao	Rhamnus napalensis	Viridiplantae
CHP00495	大风药叶		da feng yao ye	Rhamnus napalensis	Viridiplantae
CHP00496	大风子	大枫子仁|大枫子	da feng zi	Hydnocarpi Anthelminticae Semen	Viridiplantae
CHP00497	大风子油		da feng zi you	Hydnocarpus hainanensis	Viridiplantae
CHP00498	大浮萍		da fu ping	Herba Pistiae	Viridiplantae
CHP00499	大果巴戟		da guo ba ji	Gynochthodes cochinchinensis	Viridiplantae
CHP00500	大果大戟		da guo da ji	Largefruit Euphorbia	Viridiplantae
CHP00501	大果卫矛		da guo wei mao	Euonymus myrianthus	Viridiplantae
CHP00502	大过路黄		da guo lu huang	Lysimachia phyllocephala	Viridiplantae
CHP00503	大过山龙		da guo shan long	Rhaphidophora decursiva	Viridiplantae
CHP00504	大黑头草		da hei tou cao	Herba Elsholtziae penduliflorae	Viridiplantae
CHP00505	大红花点地梅		da hong hua dian di mei	Androsace bulleyana	Viridiplantae
CHP00506	大红毛叶		da hong mao ye	Pterospermum kingtungense	Viridiplantae
CHP00507	大红青菜		da hong qing cai	Jacobaea analoga	Viridiplantae
CHP00508	大花糙苏		da hua cao su	Largeflower Jerusalemsage	Viridiplantae
CHP00509	大花活血丹		da hua huo xue dan	Glechoma sinograndis	Viridiplantae
CHP00510	大花美人蕉		da hua mei ren jiao	Canna x generalis	Viridiplantae
CHP00511	大花素馨花		da hua su xin hua	Jasminum officinale	Viridiplantae
CHP00512	大花威灵仙		da hua wei ling xian	Clematis courtoisii	Viridiplantae
CHP00513	大黄	酒大黄|熟大黄|掌叶大黄|大黄药|制大黄	dai huang	root and rhziome of Sorrel Rhubarb	Viridiplantae
CHP00514	大黄花		dai huang hua	Cymbaria daurica	Viridiplantae
CHP00515	大黄茎		dai huang jing	Rhizoma seu Plantula Rhei palmati	Viridiplantae
CHP00516	大昏鸡头		da hun ji tou	Cyrtomium caryotideum	Viridiplantae
CHP00517	大昏头鸡		da hun tou ji	Cyrtomium caryotideum	Viridiplantae
CHP00518	大火草根		da huo cao gen	Radix Anemones Tomentosae	Viridiplantae
CHP00519	大戟	红大戟|绵大戟|京大戟	da ji	Euphorbia pekinensis	Viridiplantae
CHP00520	大蓟	牛戳口	da ji	all-grass of Thistle	Viridiplantae
CHP00521	大蓟根		da ji gen	Eryngium planum	Viridiplantae
CHP00522	大蓟炭		da ji tan	Cirsium japonicum	Viridiplantae
CHP00523	大剑叶木		da jian ye mu	Dracaena terniflora	Viridiplantae
CHP00524	大箭		da jian	Herba Alismatis Canaliculati	Viridiplantae
CHP00525	大金银花		da jin yin hua	Lonicera fragrantissima	Viridiplantae
CHP00526	大九股牛		da jiu gu niu	Radix Dobineae Delavayi	Viridiplantae
CHP00527	大块瓦		da kuai wa	Asarum geophilum	Viridiplantae
CHP00528	大狼把草		da lang ba cao	Bidens frondosa	Viridiplantae
CHP00529	大冷水麻		da leng shui ma	Pilea melastomoides	Viridiplantae
CHP00530	大理木香		da li mu xiang	Dolomiaea edulis	Viridiplantae
CHP00531	大鳞毛蕨		da lin mao jue	Dryopteris expansa	Viridiplantae
CHP00532	大麻疙瘩		da ma ge da	Piper yunnanense	Viridiplantae
CHP00533	大麻叶泽兰	大麻叶佩兰	da ma ye ze lan	Hemp-agrimony	Viridiplantae
CHP00534	大麦	浮大麦	da mai	Hordeum vulgare	Viridiplantae
CHP00535	大麦苗		da mai miao	Hordeum vulgare	Viridiplantae
CHP00536	大芒萁		da mang qi	Dicranopteris ampla	Viridiplantae
CHP00537	大毛桐子根		da mao tong zi gen	Radix Malloti Barbarati	Viridiplantae
CHP00538	大膜盖蕨		da mo gai jue	Leucostegia immersa	Viridiplantae
CHP00539	大母猪藤		da mu zhu teng	Pseudocayratia oligocarpa	Viridiplantae
CHP00540	大木通		da mu tong	Clematis argentilucida	Viridiplantae
CHP00541	大青	土地骨皮	da qing	Clerodendrum cyrtophyllum	Viridiplantae
CHP00542	大青根		da qing gen	Clerodendrum cyrtophyllum	Viridiplantae
CHP00543	板蓝根	板蓝板|板兰根|蓼大青叶|木板蓝根|木大青叶|大青叶|蓝根	da qing ye	Isatis leaf	Viridiplantae
CHP00544	大散血		da san xue	Lysimachia japonica	Viridiplantae
CHP00545	大沙叶		da sha ye	Pavetta hongkongensis	Viridiplantae
CHP00546	大砂仁		da sha ren	Meistera muricarpa	Viridiplantae
CHP00547	大山豆		da shan dou	Clitoria mariana	Viridiplantae
CHP00548	大山黧豆		da shan li dou	Lathyrus davidii	Viridiplantae
CHP00549	大山玄参		da shan xuan can	Scrophularia kakudensis	Viridiplantae
CHP00550	大伸筋		da shen jin	Schisandra henryi	Viridiplantae
CHP00551	大伸筋草		da shen jin cao	Phlegmariurus carinatus	Viridiplantae
CHP00552	大石枣		da shi zao	Malus kansuensis	Viridiplantae
CHP00553	大树跌打		da shu die da	Endospermum chinense	Viridiplantae
CHP00554	大树甘草		da shu gan cao	Schizomussaenda dehiscens	Viridiplantae
CHP00555	大树三台		da shu san tai	Cleidion brevipetiolatum	Viridiplantae
CHP00556	大酸浆草		da suan jiang cao	Rumex hastatus	Viridiplantae
CHP00557	大蒜	紫皮大蒜|大蒜油	da suan	Bulbus Allii	Viridiplantae
CHP00558	大铜钱菜		da tong qian cai	Lilaeopsis chinensis	Viridiplantae
CHP00559	大头陈		da tou chen	Adenosma indiana	Viridiplantae
CHP00560	大头橐吾	兔打伞	da tou tuo wu	Japanese Goldenray	Viridiplantae
CHP00561	大透骨消		da tou gu xiao	Radix seu Folium Gaultheriae Forrestii	Viridiplantae
CHP00562	大瓦韦		da wa wei	Lepisorus macrosphaerus	Viridiplantae
CHP00563	大乌金草		da wu jin cao	Asarum pulchellum	Viridiplantae
CHP00564	大乌泡		da wu pao	Herba Rubi multibracteati	Viridiplantae
CHP00565	大乌泡根		da wu pao gen	Rubus setchuenensis	Viridiplantae
CHP00566	大五爪金龙		da wu zhao jin long	Tetrastigma lenticellatum	Viridiplantae
CHP00567	大细辛		da xi xin	Asarum maximum	Viridiplantae
CHP00568	大荨麻	焮麻	da xun ma	Urtica mairei	Viridiplantae
CHP00569	大叶桉	大叶桉油	da ye an	Eucalyptus robusta	Viridiplantae
CHP00570	大叶桉果		da ye an guo	Eucalyptus robusta	Viridiplantae
CHP00571	大叶桉叶		da ye an ye	Swamp Mahogany Leaf	Viridiplantae
CHP00572	大叶白花灯笼		da ye bai hua deng long	Clerodendrum canescens	Viridiplantae
CHP00573	大叶柴胡		da ye chai hu	Bigleaf Thorowax	Viridiplantae
CHP00574	大叶钓樟		da ye diao zhang	Lindera umbellata	Viridiplantae
CHP00575	大叶凤仙花		da ye feng xian hua	Impatiens apalophylla	Viridiplantae
CHP00576	大叶骨碎补		da ye gu sui bu	Taiwan Davallia	Viridiplantae
CHP00577	大叶花椒		da ye hua jiao	Shellfish Pricklyash	Viridiplantae
CHP00578	大叶花椒茎叶		da ye hua jiao jing ye	Zanthoxylum dissitum	Viridiplantae
CHP00579	大叶矶松		da ye ji song	Limonium gmelinii	Viridiplantae
CHP00580	大叶鸡菊花		da ye ji ju hua	Vernonia volkameriifolia	Viridiplantae
CHP00581	大叶金花草		da ye jin hua cao	Common Wedgelet Fern	Viridiplantae
CHP00582	大叶金锦香	蚂蚁花根	da ye jin jin xiang	Osbeckia nepalensis	Viridiplantae
CHP00583	大叶蒟		da ye ju	Largeleaf Pipper*	Viridiplantae
CHP00584	大叶苣荬菜		da ye qu mai cai	Herba seu radix Sonchi asperis	Viridiplantae
CHP00585	大叶藜		da ye li	Chenopodiastrum hybridum	Viridiplantae
CHP00586	大叶马尾连	大叶唐松草	da ye ma yi lian	Thalictrum acutifolium	Viridiplantae
CHP00587	大叶拿身草		da ye na shen cao	Sohmaea laxiflora	Viridiplantae
CHP00588	大叶南苏		da ye nan su	Rhaphidophora peepla	Viridiplantae
CHP00589	大叶楠根		da ye nan gen	Machilus leptophylla	Viridiplantae
CHP00590	大叶排草		da ye pai cao	Lysimachia fordiana	Viridiplantae
CHP00591	大叶千斤拔		da ye qian jin ba	Flemingia macrophylla	Viridiplantae
CHP00592	大叶青木香		da ye qing mu xiang	Aristolochia kwangsiensis	Viridiplantae
CHP00593	大叶树萝卜		da ye shu luo bo	Vaccinium ardisioides	Viridiplantae
CHP00594	大叶酸藤子		da ye suan teng zi	Embelia subcoriacea	Viridiplantae
CHP00595	大叶糖胶树		da ye tang jiao shu	Deviltree Alstonia	Viridiplantae
CHP00596	大叶铁包金		da ye tie bao jin	Berchemia giraldiana	Viridiplantae
CHP00597	大叶仙茅		da ye xian mao	Largeleaf Curculigo	Viridiplantae
CHP00598	大叶香荠菜		da ye xiang ji cai	Lepidium virginicum	Viridiplantae
CHP00599	大叶香薷		da ye xiang ru	Twoanther Mosla	Viridiplantae
CHP00600	大叶云实		da ye yun shi	Ticanto magnifoliolata	Viridiplantae
CHP00601	大叶藻		da ye zao	Zostera marina	Viridiplantae
CHP00602	大叶子		da ye zi	Astilboides tabularis	Viridiplantae
CHP00603	大叶紫苏		da ye zi su	Vuhuangia flava	Viridiplantae
CHP00604	大叶紫珠	广东紫珠	da ye zi zhu	Bigleaf Beautyberry	Viridiplantae
CHP00605	大叶醉鱼草		da ye zui yu cao	Orangeeye Butterflybush	Viridiplantae
CHP00606	大一箭球		da yi jian qiu	Rhynchospora rubra	Viridiplantae
CHP00607	大羽藓		da yu xian	Thuidium cymbifolium	Viridiplantae
CHP00608	大枣	红枣	da zao	Jujube Chinese date	Viridiplantae
CHP00609	大粘药	水鸡油	da zhan yao	Pouzolzia sanguinea	Viridiplantae
CHP00610	大种半边莲		da zhong ban bian lian	Lobelia davidii	Viridiplantae
CHP00611	大种鹅儿肠		da zhong e er chang	Schizotechium monospermum	Viridiplantae
CHP00612	代代花	玳玳花	dai dai hua	Flos Citri Aurantii Amarae	Viridiplantae
CHP00613	带刺马鞭		dai ci ma bian	Girardinia chingiana	Viridiplantae
CHP00614	带叶报春花		dai ye bao chun hua	Primula secundiflora	Viridiplantae
CHP00615	待宵草		dai xiao cao	Oenothera stricta	Viridiplantae
CHP00616	戴星草		dai xing cao	Sphaeranthus africanus	Viridiplantae
CHP00617	丹参	丹参酮|酒丹参|紫丹参	dan shen	root of Ligulilobe sage	Viridiplantae
CHP00618	单鞭		dan bian	Sarcococca orientalis	Viridiplantae
CHP00619	单花金丝桃		dan hua jin si tao	Hypericum monanthemum	Viridiplantae
CHP00620	单花鸢尾		dan hua yuan wei	Iris uniflora	Viridiplantae
CHP00621	单花鸢尾子		dan hua yuan wei zi	Iris uniflora	Viridiplantae
CHP00622	单面针		dan mian zhen	Zanthoxylum echinocarpum	Viridiplantae
CHP00623	单肾草		dan shen cao	Habenaria petelotii	Viridiplantae
CHP00624	单体蕊黄芪		dan ti rui huang qi	Astragalus monadelphus	Viridiplantae
CHP00625	单头紫菀	陀罗紫菀|仙百草	dan tou zi wan	Aster turbinatus	Viridiplantae
CHP00626	单头紫菀根		dan tou zi wan gen	Aster turbinatus	Viridiplantae
CHP00627	单叶铁线莲		dan ye tie xian lian	Clematis henryi	Viridiplantae
CHP00628	胆木		dan mu	Medicinal Fatheadtree	Viridiplantae
CHP00629	胆南星	胆星	dan nan xing	Bile Arisaema	Viridiplantae
CHP00630	淡豆豉	豆豉	dan dou chi	Semen Sojae Praeparatum	Viridiplantae
CHP00631	淡花当药		dan hua dang yao	Swertia diluta	Viridiplantae
CHP00632	淡竹根	紫竹根	dan zhu gen	Phyllostachys nigra	Viridiplantae
CHP00633	淡竹壳		dan zhu ke	Phyllostachys nigra	Viridiplantae
CHP00634	淡竹笋		dan zhu sun	Phyllostachys nigra	Viridiplantae
CHP00635	淡竹叶		dan zhu ye	Common Lophatherum	Viridiplantae
CHP00636	弹刀子菜		dan dao zi cai	Mazus stachydifolius	Viridiplantae
CHP00637	弹裂碎米荠		dan lie sui mi ji	Cardamine impatiens	Viridiplantae
CHP00638	当归	不当归|酒当归|当归尾|分叉当归|当归油	dang gui	root of Chinese Angelica	Viridiplantae
CHP00639	当归藤	小花酸藤子	dang gui teng	Embelia parviflora	Viridiplantae
CHP00640	当药		dang yao	Chinese Swertia	Viridiplantae
CHP00641	党参	川党参|藏党参	dang shen	root Pilose Asiabell	Viridiplantae
CHP00642	刀豆		dao dou	Semen Canavaliae	Viridiplantae
CHP00643	刀豆根		dao dou gen	Canavalia gladiata	Viridiplantae
CHP00644	刀豆壳		dao dou ke	Canavalia gladiata	Viridiplantae
CHP00645	刀灰树		dao hui shu	Symplocos lancifolia	Viridiplantae
CHP00646	到老嫩		dao lao nen	Pilea martinii	Viridiplantae
CHP00647	倒插花		dao cha hua	Asarum wulingense	Viridiplantae
CHP00648	倒地铃	假苦瓜|三角泡|小果倒地铃|金丝苦楝	dao di ling	BaIIoonvine Heartseed	Viridiplantae
CHP00649	倒吊笔	倒吊蜡烛	dao diao bi	Wrightia pubescens	Viridiplantae
CHP00650	倒吊笔叶		dao diao bi ye	Wrightia pubescens	Viridiplantae
CHP00651	倒根蓼		dao gen liao	Polygonum ochotense	Viridiplantae
CHP00652	倒挂草		dao gua cao	Asplenium normale	Viridiplantae
CHP00653	倒莓子		dao mei zi	Rubus parvifolius	Viridiplantae
CHP00654	倒生根		dao sheng gen	Rubus coreanus	Viridiplantae
CHP00655	倒生莲	定草根	dao sheng lian	Asplenium prolongatum	Viridiplantae
CHP00656	倒水莲		dao shui lian	Thalictrum omeiense	Viridiplantae
CHP00657	倒心叶桃叶珊瑚		dao xin ye tao ye shan hu	Aucuba obcordata	Viridiplantae
CHP00658	倒扎龙		dao zha long	Rubus pungens	Viridiplantae
CHP00659	倒爪草	牛含水	dao zhao cao	Dodartia orientalis	Viridiplantae
CHP00660	稻草		dao cao	Rice Straw	Viridiplantae
CHP00661	稻谷芒		dao gu mang	Oryza sativa	Viridiplantae
CHP00662	稻芽	谷芽	dao ya	Fructus Oryzae Germinatus	Viridiplantae
CHP00663	地八角	球花紫云英	di ba jiao	Astragalus bhotanensis	Viridiplantae
CHP00664	地白草	匍伏堇	di bai cao	Viola diffusa	Viridiplantae
CHP00665	地柏		di bai	Selaginella remotifolia	Viridiplantae
CHP00666	地柏树		di bai shu	Selaginella sanguinolenta	Viridiplantae
CHP00667	地柏枝		di bai zhi	Chinese Corydalis	Viridiplantae
CHP00668	地不容		di bu rong	Delavay Stephania	Viridiplantae
CHP00669	地朝阳		di zhao yang	Carpesium nepalense	Viridiplantae
CHP00670	地胆草	地胆	di dan cao	Elephantopus scaber	Viridiplantae
CHP00671	地丁		di ding	Viola yedoensis	Viridiplantae
CHP00672	地耳草	田基黄	di er cao	Herba Hyperici Japonici	Viridiplantae
CHP00673	地枫皮		di feng pi	Difengpi Bark	Viridiplantae
CHP00674	地蜂子	三叶委陵菜	di feng zi	Potentilla freyniana	Viridiplantae
CHP00675	地肤苗		di fu miao	Bassia scoparia	Viridiplantae
CHP00676	地肤子		di fu zi	fruit of Belvedere	Viridiplantae
CHP00677	地膏药	宽叶鼠曲草	di gao yao	Pseudognaphalium adnatum	Viridiplantae
CHP00678	地骨皮		di gu pi	Cortex Lycii	Viridiplantae
CHP00679	地瓜	凉薯	di gua	Pachyrhizus erosus	Viridiplantae
CHP00680	地瓜根		di gua gen	Ficus tikoua	Viridiplantae
CHP00681	地瓜果		di gua guo	Ficus tikoua	Viridiplantae
CHP00682	地瓜藤		di gua teng	Ficus tikoua	Viridiplantae
CHP00683	地瓜子		di gua zi	Wayaka Yambean Seed	Viridiplantae
CHP00684	地贵草		di gui cao	Ophiorrhiza succirubra	Viridiplantae
CHP00685	地核桃		di he tao	Viola collina	Viridiplantae
CHP00686	地红子	水莲沙	di hong zi	Cotoneaster horizontalis	Viridiplantae
CHP00687	地红子根		di hong zi gen	Cotoneaster horizontalis	Viridiplantae
CHP00688	地花生		di hua sheng	Polygala crotalarioides	Viridiplantae
CHP00689	地黄	熟地|生地|生地黄|熟地黄|土生地	di huang	Radix Rehmanniae	Viridiplantae
CHP00690	地黄花		di huang hua	Rehmannia glutinosa	Viridiplantae
CHP00691	地黄实		di huang shi	Rehmannia glutinosa	Viridiplantae
CHP00692	地黄叶		di huang ye	Rehmannia glutinosa	Viridiplantae
CHP00693	地锦		di jin	Japanese Creeper	Viridiplantae
CHP00694	地锦草	路边青|地绵草	di jin cao	all - grass of Humifuse Euphorbia	Viridiplantae
CHP00695	地锦槭		di jin qi	Acer pictum	Viridiplantae
CHP00696	地锦苋		di jin xian	Gomphrena celosioides	Viridiplantae
CHP00697	地精草	接筋草	di jing cao	Stellaria vestita	Viridiplantae
CHP00698	地骷髅		di ku lou	Raphanus sativus	Viridiplantae
CHP00699	地灵根		di ling gen	Ligustrum delavayanum	Viridiplantae
CHP00700	地莓子		di mei zi	Rubus xanthocarpus	Viridiplantae
CHP00701	地菍		di nie	Melastoma dodecandrum	Viridiplantae
CHP00702	地菍果		di nie guo	Melastoma dodecandrum	Viridiplantae
CHP00703	地皮风	红地榆|翻白叶	di pi feng	Potentilla griffithii	Viridiplantae
CHP00704	地皮消		di pi xiao	Pararuellia delavayana	Viridiplantae
CHP00705	地蔷薇		di qiang wei	Chamaerhodos erecta	Viridiplantae
CHP00706	地梢瓜		di shao gua	Bastardtoadflaxlike Swallowwort	Viridiplantae
CHP00707	地石榴花		di shi liu hua	Cudrania tricuspidata	Viridiplantae
CHP00708	地刷子	过江龙	di shua zi	Diphasiastrum complanatum	Viridiplantae
CHP00709	地苏木		di su mu	Menisciopsis penangiana	Viridiplantae
CHP00710	地梭罗	地钱	di suo luo	Marchantia polymorpha	Viridiplantae
CHP00711	地桃花	肖梵天花	di tao hua	Rose Mallow	Viridiplantae
CHP00712	地乌		di wu	Anemone flaccida	Viridiplantae
CHP00713	地五泡藤		di wu pao teng	Rubus irenaeus	Viridiplantae
CHP00714	地下明珠		di xia ming zhu	Drosera peltata	Viridiplantae
CHP00715	地仙桃		di xian tao	Aegonychon zollingeri	Viridiplantae
CHP00716	地血香	凤庆鸡血藤|异型南五味子	di xue xiang	Kadsura interior	Viridiplantae
CHP00717	地血香果		di xue xiang guo	Kadsura heteroclita	Viridiplantae
CHP00718	地杨梅		di yang mei	Luzula capitata	Viridiplantae
CHP00719	地涌金莲		di yong jin lian	Musella lasiocarpa	Viridiplantae
CHP00720	地榆		di yu	Radix Sanguisorbae	Viridiplantae
CHP00721	地毡草		di zhan cao	Drosera spatulata	Viridiplantae
CHP00722	灯笼草		deng long cao	Peruvian Groundcherry	Viridiplantae
CHP00723	灯笼花		deng long hua	Agapetes lacei	Viridiplantae
CHP00724	灯笼泡	天泡子	deng long pao	Physalis minima	Viridiplantae
CHP00725	灯台莲		deng tai lian	Arisaema sikokianum	Viridiplantae
CHP00726	灯心草	川灯心草	deng xin cao	pith of Common Rush	Viridiplantae
CHP00727	灯心草根		deng xin cao gen	Juncus effusus	Viridiplantae
CHP00728	灯油藤子		deng you teng zi	Paniculed Bittersweet Seed	Viridiplantae
CHP00729	灯盏细辛	灯盏花	deng zhan xi xin	Shortscape Fleabane	Viridiplantae
CHP00730	等宽鳞毛蕨		deng kuan lin mao jue	Dryopteris lepidopoda	Viridiplantae
CHP00731	棣棠花		di tang hua	Japanese Kerria Flower	Viridiplantae
CHP00732	滇白药子		dian bai yao zi	Dioscorea kamoonensis	Viridiplantae
CHP00733	滇白芷		dian bai zhi	Scabrous Cowparsnip	Viridiplantae
CHP00734	滇白芷果		dian bai zhi guo	Heracleum scabridum	Viridiplantae
CHP00735	滇常山		dian chang shan	Clerodendrum yunnanense	Viridiplantae
CHP00736	滇常山花		dian chang shan hua	Clerodendrum yunnanense	Viridiplantae
CHP00737	滇丁香	小黄树	dian ding xiang	Luculia intermedia	Viridiplantae
CHP00738	滇榧子	沙松果	dian fei zi	Torreya fargesii	Viridiplantae
CHP00739	滇杠柳	黑骨藤	dian gang liu	Periploca forrestii	Viridiplantae
CHP00740	滇高良姜		dian gao liang jiang	Rhynchanthus beesianus	Viridiplantae
CHP00741	滇藁本		dian gao ben	Hymenidium delavayi	Viridiplantae
CHP00742	滇黄芩		dian huang qin	Yunnan Skullcap	Viridiplantae
CHP00743	滇缅古柯		dian mian gu ke	Erythroxylum kunthianum	Viridiplantae
CHP00744	滇南寄生		dian nan ji sheng	Scurrula ferruginea	Viridiplantae
CHP00745	滇南马钱		dian nan ma qian	Strychnos nitida	Viridiplantae
CHP00746	滇茜草	小红参|小茜草	dian xi cao	Rubia yunnanensis	Viridiplantae
CHP00747	滇羌活		dian qiang huo	Pleurospermum rivulorum	Viridiplantae
CHP00748	滇瑞香		dian rui xiang	Daphne acutiloba	Viridiplantae
CHP00749	滇山茶		dian shan cha	Camellia reticulata	Viridiplantae
CHP00750	滇瓦花		dian wa hua	Sedum multicaule	Viridiplantae
CHP00751	滇五味	香血藤	dian wu wei	Schisandra rubriflora	Viridiplantae
CHP00752	滇西风毛菊		dian xi feng mao ju	Saussurea pachyneura	Viridiplantae
CHP00753	滇崖爬藤		dian ya pa teng	Tetrastigma yunnanense	Viridiplantae
CHP00754	滇竹根七		dian zhu gen qi	Polygonatum tessellatum	Viridiplantae
CHP00755	滇竹叶		dian zhu ye	Fargesia murielae	Viridiplantae
CHP00756	颠茄	颠茄草	dian jia	Common Atropa	Viridiplantae
CHP00757	点乳冷水花		dian ru leng shui hua	Pilea glaberrima	Viridiplantae
CHP00758	点腺过路黄		dian xian guo lu huang	Lysimachia hemsleyana	Viridiplantae
CHP00759	电灯花		dian deng hua	Polemonium caeruleum	Viridiplantae
CHP00760	吊灯花叶		diao deng hua ye	Hibiscus schizopetalus	Viridiplantae
CHP00761	吊吊果		diao diao guo	Schisandra henryi	Viridiplantae
CHP00762	吊干麻		diao gan ma	Angled Bittersweet	Viridiplantae
CHP00763	吊兰	挂兰	diao lan	Chlorophytum comosum	Viridiplantae
CHP00764	钓杆柴	钓竿柴|中华绣线梅	diao gan chai	Neillia ribesioides	Viridiplantae
CHP00765	钓兰		diao lan	Chlorophytum capense	Viridiplantae
CHP00766	钓鱼秆		diao yu gan	Veronicastrum latifolium	Viridiplantae
CHP00767	钓樟根皮		diao zhang gen pi	Largeleaf Spicebush Root-bark	Viridiplantae
CHP00768	钓樟枝叶		diao zhang zhi ye	Largeleaf Spicebush Branch-leaf	Viridiplantae
CHP00769	调羹树		tiao geng shu	Heliciopsis lobata	Viridiplantae
CHP00770	调经草		diao jing cao	Evergreen Euonymus	Viridiplantae
CHP00771	跌打草		die da cao	Asystasia gangetica	Viridiplantae
CHP00772	跌打老		die da lao	Whorlleaf Litse	Viridiplantae
CHP00773	迭裂黄堇		die lie huang jin	Corydalis dasyptera	Viridiplantae
CHP00774	蝶兰		die lan	Phalaenopsis wilsonii	Viridiplantae
CHP00775	丁公藤	光叶丁公藤	ding gong teng	Caulis Erycibes	Viridiplantae
CHP00776	丁癸草根		ding gui cao gen	Radix Zorniae Gibbosae	Viridiplantae
CHP00777	丁锅树叶		ding guo shu ye	Blastus cavaleriei	Viridiplantae
CHP00778	丁茄	黄果茄|野颠茄|丁茄根	ding jia	Aculeate Nightshade	Viridiplantae
CHP00779	丁香	丁香油酚|母丁香|丁香酚|公丁香|丁香罗勤油	ding xiang	Flos Caryophylli	Viridiplantae
CHP00780	丁香根		ding xiang gen	Radix Syzygii aromatici	Viridiplantae
CHP00781	丁香蓼	水丁香	ding xiang liao	Ludwigia prostrata	Viridiplantae
CHP00782	丁香蓼根		ding xiang liao gen	Ludwigia prostrata	Viridiplantae
CHP00783	丁香露		ding xiang lu	Liquor destillata Caryophylli	Viridiplantae
CHP00784	丁香罗勒	毛叶西香罗勒|丁香罗勒油	ding xiang luo le	Sweetscented Basil	Viridiplantae
CHP00785	丁香树皮		ding xiang shu pi	Cortex Syzygii aromatici	Viridiplantae
CHP00786	丁香叶	毛野丁香叶	ding xiang ye	Clove leaf	Viridiplantae
CHP00787	丁香油		ding xiang you	Oleum Caryophylli	Viridiplantae
CHP00788	丁香枝		ding xiang zhi	Ramulus Syzygii aromatici	Viridiplantae
CHP00789	钉头果		ding tou guo	Gomphocarpus fruticosus	Viridiplantae
CHP00790	定经草	鸭嘴癀	ding jing cao	Torenia anagallis	Viridiplantae
CHP00791	定木香	铁破锣	ding mu xiang	Beesia calthifolia	Viridiplantae
CHP00792	丢了棒		diu le bang	Claoxylon indicum	Viridiplantae
CHP00793	东北刺人参		dong bei ci ren shen	Northeast Spineginseng;Tall Oplopanax	Viridiplantae
CHP00794	东北点地梅		dong bei dian di mei	Androsace filiformis	Viridiplantae
CHP00795	东北蛔蒿		dong bei hui hao	Northeast Seriphidium	Viridiplantae
CHP00796	东北堇菜		dong bei jin cai	Viola mandshurica	Viridiplantae
CHP00797	东北雷公藤		dong bei lei gong teng	Radix Tripterygii regeli	Viridiplantae
CHP00798	东北溲疏		dong bei sou shu	Deutzia parviflora	Viridiplantae
CHP00799	东北延胡索	全叶延胡索	dong bei yan hu suo	Amur Corydalis Equivalent plant: Corydalis repens	Viridiplantae
CHP00800	东北羊角芹		dong bei yang jiao qin	Aegopodium alpestre	Viridiplantae
CHP00801	东当归		dong dang gui	Acutelobed Angelica	Viridiplantae
CHP00802	东方狗脊		dong fang gou ji	Oriental Chain Fern	Viridiplantae
CHP00803	东方荚果蕨		dong fang jia guo jue	Oriental Ostrich Fern	Viridiplantae
CHP00804	东风草	大头艾纳香	dong feng cao	Blumea megacephala	Viridiplantae
CHP00805	东风橘	酒饼簕|东风桔	dong feng ju	Atalantia buxifolia	Viridiplantae
CHP00806	东风橘根		dong feng ju gen	Boxleaf Atalantia Root	Viridiplantae
CHP00807	东莨菪		dong lang dang	Scopolia japonica	Viridiplantae
CHP00808	东廧子		dong qiang zi	Agriophyllum squarrosum	Viridiplantae
CHP00809	东一号剑麻		dong yi hao jian ma	Cultivate Sisalan Agave East-1	Viridiplantae
CHP00810	东紫堇		dong zi jin	Corydalis buschii	Viridiplantae
CHP00811	冬瓜		dong gua	Benincasa hispida	Viridiplantae
CHP00812	冬瓜皮		dong gua pi	Exocarpium Benincasae	Viridiplantae
CHP00813	冬瓜瓤		dong gua rang	Benincasa hispida	Viridiplantae
CHP00814	冬瓜藤		dong gua teng	Benincasa hispida	Viridiplantae
CHP00815	冬瓜叶		dong gua ye	Benincasa hispida	Viridiplantae
CHP00816	冬瓜子		dong gua zi	Semen Benincasae	Viridiplantae
CHP00817	冬葵		dong kui	Malva verticillata	Viridiplantae
CHP00818	冬葵根		dong kui gen	Malva crispa	Viridiplantae
CHP00819	冬葵果		dong kui guo	Fructus Malvae	Viridiplantae
CHP00820	冬葵叶		dong kui ye	Malva crispa	Viridiplantae
CHP00821	冬葵子		dong kui zi	Fructus Malvae	Viridiplantae
CHP00822	冬里麻		dong li ma	Debregeasia orientalis	Viridiplantae
CHP00823	冬里麻根		dong li ma gen	Debregeasia orientalis	Viridiplantae
CHP00824	冬凌草	卢氏冬凌草	dong ling cao	BIushred Rabdosia	Viridiplantae
CHP00825	冬青皮		dong qing pi	Ilex purpurea	Viridiplantae
CHP00826	冬青叶		dong qing ye	Ilex chinensis	Viridiplantae
CHP00827	冬青子		dong qing zi	Ilex purpurea	Viridiplantae
CHP00828	冬珊瑚	野海椒	dong shan hu	Solanum pseudocapsicum	Viridiplantae
CHP00829	冻绿刺		dong lv ci	Rhamnus globosa	Viridiplantae
CHP00830	冻青叶	云南冻青叶|狗爪樟皮	dong qing ye	Machilus yunnanensis	Viridiplantae
CHP00831	都拉鸢尾	蓝花扁竹	dou la yuan wei	Iris confusa	Viridiplantae
CHP00832	都咸	鸡腰果	dou xian	Anacardium occidentale	Viridiplantae
CHP00833	都咸子		dou xian zi	Common Cashew Fruit	Viridiplantae
CHP00834	都咸子树皮		dou xian zi shu pi	Anacardium occidentale	Viridiplantae
CHP00835	豆瓣绿		dou ban lv	Peperomia tetraphylla	Viridiplantae
CHP00836	豆瓣七		dou ban qi	Elatostema lineolatum	Viridiplantae
CHP00837	豆瓣香		dou ban xiang	Osmanthus delavayi	Viridiplantae
CHP00838	豆腐		dou fu	Glycine max	Viridiplantae
CHP00839	豆腐泔水		dou fu gan shui	Glycine max	Viridiplantae
CHP00840	豆腐皮		dou fu pi	Glycine max	Viridiplantae
CHP00841	豆腐渣果		dou fu zha guo	Helicia nilagirica	Viridiplantae
CHP00842	豆腐渣果根		dou fu zha guo gen	Helicia nilagirica	Viridiplantae
CHP00843	豆角柴		dou jiao chai	Campylotropis delavayi	Viridiplantae
CHP00844	豆蔻	白豆蔻	dou kou	Fructus Amomi Rotundus	Viridiplantae
CHP00845	豆蔻壳		dou kou ke	Wurfbainia compacta	Viridiplantae
CHP00846	豆麻		dou ma	Laportea violacea	Viridiplantae
CHP00847	豆叶参		dou ye can	Primula epilosa	Viridiplantae
CHP00848	豆叶七		dou ye qi	Rhodiola yunnanensis	Viridiplantae
CHP00849	豆油		dou you	Soybean Oil	Viridiplantae
CHP00850	豆渣树		dou zha shu	Alniphyllum fortunei	Viridiplantae
CHP00851	毒根斑鸠菊		du gen ban jiu ju	Vernonia cumingiana	Viridiplantae
CHP00852	毒芹		du qin	Cicuta virosa	Viridiplantae
CHP00853	毒芹根		du qin gen	European Waterhemlock Root	Viridiplantae
CHP00854	毒蛆草	老婆子针线	du qu cao	Phryma leptostachya	Viridiplantae
CHP00855	毒鱼藤		du yu teng	Derris fordii	Viridiplantae
CHP00856	独花兰		du hua lan	Changnienia amoena	Viridiplantae
CHP00857	独活	独活在|独活挥发油	du huo	Doubleteeth Pubescent Angelica Root	Viridiplantae
CHP00858	独椒		du jiao	Sorbus prattii	Viridiplantae
CHP00859	独角莲		du jiao lian	Typhonium giganteum Engl	Viridiplantae
CHP00860	独角牛		du jiao niu	Craibiodendron kwangtungense	Viridiplantae
CHP00861	独脚蟾蜍		du jiao chan chu	Ampelopsis aconitifolia	Viridiplantae
CHP00862	独脚金	独脚柑	du jiao jin	Striga asiatica	Viridiplantae
CHP00863	独脚乌桕	白粉藤|白鸡屎藤	du jiao wu jiu	Cissus repens	Viridiplantae
CHP00864	独脚乌桕叶		du jiao wu jiu ye	Cissus repens	Viridiplantae
CHP00865	独蕨萁		du jue qi	Japanobotrychium lanuginosum	Viridiplantae
CHP00866	独行千里	猫胡子花	du xing qian li	Capparis acutifolia	Viridiplantae
CHP00867	独叶白芨		du ye bai ji	Pleione yunnanensis	Viridiplantae
CHP00868	独叶山兰		du ye shan lan	Oreorchis foliosa	Viridiplantae
CHP00869	独叶岩珠		du ye yan zhu	Bulbophyllum levinei	Viridiplantae
CHP00870	独叶一枝花		du ye yi zhi hua	Hemipilia flabellata	Viridiplantae
CHP00871	独叶一枝枪		du ye yi zhi qiang	Ponerorchis gracilis	Viridiplantae
CHP00872	独一味		du yi wei	Common Lamiophlomis	Viridiplantae
CHP00873	堵喇		du la	Aconitum episcopale	Viridiplantae
CHP00874	杜衡		du heng	Forbes Wildginger	Viridiplantae
CHP00875	杜茎山		du jing shan	Japanese Maesa	Viridiplantae
CHP00876	杜鹃花	紫花杜鹃|青蛙七	du juan hua	Indian Azalea	Viridiplantae
CHP00877	杜鹃花根		du juan hua gen	Rhododendron simsii	Viridiplantae
CHP00878	杜鹃花果实		du juan hua guo shi	Rhododendron simsii	Viridiplantae
CHP00879	杜鹃花叶		du juan hua ye	Indian Azalea Leaf	Viridiplantae
CHP00880	杜梨	棠梨枝叶	du li	Pyrus betulifolia	Viridiplantae
CHP00881	杜楝		du lian	Turraea pubescens	Viridiplantae
CHP00882	杜松		du song	Stiffleaf Juniper Fruit	Viridiplantae
CHP00883	杜松实		du song shi	Stiffleaf Juniper Fruit	Viridiplantae
CHP00884	杜仲	盐杜仲|杜仲藤	du zhong	Cortex Eucommiae	Viridiplantae
CHP00885	杜仲叶	檰芽	du zhong ye	Eucommiae Folium	Viridiplantae
CHP00886	肚拉	都拉	du la	Triplostegia glandulifera	Viridiplantae
CHP00887	短瓣花	白牛膝	duan ban hua	Shortpetalflower	Viridiplantae
CHP00888	短瓣女娄菜		duan ban nv lou cai	Silene songarica	Viridiplantae
CHP00889	短柄枹栎虫瘿		duan bing bao li chong ying	Quercus serrata	Viridiplantae
CHP00890	短柄南蛇藤根		duan bing nan she teng gen	Celastrus rosthornianus	Viridiplantae
CHP00891	短柄南蛇藤茎叶		duan bing nan she teng jing ye	Celastrus rosthornianus	Viridiplantae
CHP00892	短柄忍冬		duan bing ren dong	Lonicera pampaninii	Viridiplantae
CHP00893	短齿楼梯草		duan chi lou ti cao	Elatostema brachyodontum	Viridiplantae
CHP00894	短冠草	小伸筋草	duan guan cao	Sopubia trifida	Viridiplantae
CHP00895	短茎独活		duan jing du huo	Angelica brevicaulis	Viridiplantae
CHP00896	短穗兔耳草		duan sui tu er cao	Lagotis brachystachya	Viridiplantae
CHP00897	短小蛇根草		duan xiao she gen cao	Dwarf Ophiorrhiza	Viridiplantae
CHP00898	短叶锦鸡儿		duan ye jin ji er	Caragana brevifolia	Viridiplantae
CHP00899	短叶蹄盖蕨		duan ye ti gai jue	Athyrium brevifrons	Viridiplantae
CHP00900	短枝六道木	紫荆桠|紫荆丫	duan zhi liu dao mu	Abelia macrotera	Viridiplantae
CHP00901	短柱梅花草		duan zhu mei hua cao	Parnassia brevistyla	Viridiplantae
CHP00902	断节参		duan jie can	Kunming Mosquitotrap	Viridiplantae
CHP00903	椴树		duan shu	Common Lime	Viridiplantae
CHP00904	椴树根		duan shu gen	Tilia tuan	Viridiplantae
CHP00905	椴叶独活		duan ye du huo	Heracleum tiliifolium	Viridiplantae
CHP00906	堆心菊		dui xin ju	Sneezeweed	Viridiplantae
CHP00907	对叉疔药		dui cha ding yao	Passiflora cupiformis	Viridiplantae
CHP00908	对对参	滇南鸟足兰|缘毛鸟足兰	dui dui can	Satyrium nepalense	Viridiplantae
CHP00909	对节树根		dui jie shu gen	Callicarpa rubella	Viridiplantae
CHP00910	对马耳蕨		dui ma er jue	Polystichum tsus-simense	Viridiplantae
CHP00911	对马耳蕨根		dui ma er jue gen	Polystichum tsus-simense	Viridiplantae
CHP00912	对生耳蕨	灰贯众	dui sheng er jue	Polystichum deltodon	Viridiplantae
CHP00913	对叶豆		dui ye dou	Folium Cassiae alatae	Viridiplantae
CHP00914	对叶林		dui ye lin	Ceropegia pubescens	Viridiplantae
CHP00915	对叶林根		dui ye lin gen	Ceropegia pubescens	Viridiplantae
CHP00916	对叶油麻根		dui ye you ma gen	Viburnum taitoense	Viridiplantae
CHP00917	对叶油麻叶		dui ye you ma ye	Viburnum taitoense	Viridiplantae
CHP00918	钝叶草		dun ye cao	Stenotaphrum helferi	Viridiplantae
CHP00919	钝叶蔷薇		dun ye qiang wei	Rosa sertata	Viridiplantae
CHP00920	盾翅藤		dun chi teng	Aspidopterys obcordata	Viridiplantae
CHP00921	盾果草		dun guo cao	Thyrocarpus sampsonii	Viridiplantae
CHP00922	盾叶莓		dun ye mei	Rubus peltatus	Viridiplantae
CHP00923	盾叶薯蓣		dun ye shu yu	Peltate Yam	Viridiplantae
CHP00924	盾叶唐松草	岩扫把	dun ye tang song cao	Peltateleaf Meadowrue	Viridiplantae
CHP00925	多苞糙苏		duo bao cao su	Phlomoides bracteosa	Viridiplantae
CHP00926	多齿蹄盖蕨		duo chi ti gai jue	Athyrium multidentatum	Viridiplantae
CHP00927	多根乌头		duo gen wu tou	Manyroot Monkshood	Viridiplantae
CHP00928	多花蒿		duo hua hao	Manyflower Wormwood	Viridiplantae
CHP00929	多花胡枝子	铁鞭草	duo hua hu zhi zi	Lespedeza floribunda	Viridiplantae
CHP00930	多花筋骨草		duo hua jin gu cao	Ajuga multiflora	Viridiplantae
CHP00931	多花猕猴桃茎叶		duo hua mi hou tao jing ye	Actinidia latifolia	Viridiplantae
CHP00932	多花沿阶草		duo hua yan jie cao	Ophiopogon tonkinensis	Viridiplantae
CHP00933	多花野牡丹	破碗掌脚树	duo hua ye mu dan	Melastoma affine	Viridiplantae
CHP00934	多茎野豌豆		duo jing ye wan dou	Vicia multicaulis	Viridiplantae
CHP00935	多裂独活		duo lie du huo	Heracleum dissectifolium	Viridiplantae
CHP00936	多裂委陵菜		duo lie wei ling cai	Many-cleft Cinquefoil	Viridiplantae
CHP00937	多鳞鳞毛蕨		duo lin lin mao jue	Dryopteris barbigera	Viridiplantae
CHP00938	多脉鹅耳枥		duo mai e er li	Carpinus polyneura	Viridiplantae
CHP00939	多伞阿魏	香阿魏	duo san a wei	Manyumbell Giantfennel	Viridiplantae
CHP00940	多穗蓼		duo sui liao	Manyspike Knotweed	Viridiplantae
CHP00941	多穗石柯		duo sui shi ke	Lithocarpus polystachyus	Viridiplantae
CHP00942	多穗石柯根		duo sui shi ke gen	Lithocarpus polystachyus	Viridiplantae
CHP00943	多穗石柯果		duo sui shi ke guo	Lithocarpus polystachyus	Viridiplantae
CHP00944	多穗石柯茎		duo sui shi ke jing	Lithocarpus polystachyus	Viridiplantae
CHP00945	多穗石柯叶		duo sui shi ke ye	Manyspike Tanoak Leaf	Viridiplantae
CHP00946	多头苦荬		duo tou ku mai	Ixeris polycephala	Viridiplantae
CHP00947	多足蕨		duo zu jue	Common Polypody	Viridiplantae
CHP00948	莪术	莪术油|郁金|温郁金|郁金挥发油|醋我术|片姜黄|醋郁金|醋莪术|广郁金	e shu	Zedoray Rhizome	Viridiplantae
CHP00949	峨参		e can	Woodland Beakchervil	Viridiplantae
CHP00950	峨参叶		e can ye	Anthriscus sylvestris	Viridiplantae
CHP00951	峨眉耳蕨		e mei er jue	Polystichum caruifolium	Viridiplantae
CHP00952	峨眉观音座莲	峨眉半边莲	e mei guan yin zuo lian	Angiopteris omeiensis	Viridiplantae
CHP00953	峨眉石凤丹		e mei shi feng dan	Ypsilandra thibetica	Viridiplantae
CHP00954	峨眉香科	峨眉香料	e mei xiang ke	Teucrium omeiense	Viridiplantae
CHP00955	峨眉紫金牛		e mei zi jin niu	Ardisia caudata	Viridiplantae
CHP00956	峨山雪莲花		e shan xue lian hua	Primula faberi	Viridiplantae
CHP00957	鹅不食草		e bu shi cao	Small Centipeda Herb	Viridiplantae
CHP00958	鹅骨梢		e gu shao	Rapanea neriifolia	Viridiplantae
CHP00959	鹅观草		e guan cao	Campeiostachys kamoji	Viridiplantae
CHP00960	鹅脚板		e jiao ban	Pimpinella diversifolia	Viridiplantae
CHP00961	鹅脚板根		e jiao ban gen	Pimpinella diversifolia	Viridiplantae
CHP00962	鹅脚木叶		e jiao mu ye	Crateva formosensis	Viridiplantae
CHP00963	鹅绒藤		e rong teng	Chinese Swallowwort	Viridiplantae
CHP00964	鹅首马先蒿		e shou ma xian hao	Pedicularis chenocephala	Viridiplantae
CHP00965	鹅掌楸	北美鹅掌楸|凹朴皮	e zhang qiu	Liriodendron tulipifera	Viridiplantae
CHP00966	鹅掌楸根		e zhang qiu gen	Liriodendron chinense	Viridiplantae
CHP00967	蛾药		e yao	Leontopodium artemisiifolium	Viridiplantae
CHP00968	饿蚂蝗		e ma huang	Ototropis multiflora	Viridiplantae
CHP00969	鄂报春		e bao chun	Top Primrose	Viridiplantae
CHP00970	鄂北贝母		e bei bei mu	Ebei Fritillary	Viridiplantae
CHP00971	鄂豆根		e dou gen	Euchresta tubulosa	Viridiplantae
CHP00972	儿茶	方儿茶	er cha	Cutch, Black Catechu	Viridiplantae
CHP00973	儿茶钩藤		er cha gou teng	Gambier Gambirplant	Viridiplantae
CHP00974	耳草		er cao	Auricled Hedyotis	Viridiplantae
CHP00975	耳水苋		er shui xian	Ammannia arenaria	Viridiplantae
CHP00976	耳叶排草		er ye pai cao	Lysimachia auriculata	Viridiplantae
CHP00977	二郎剑		er lang jian	Ainsliaea henryi	Viridiplantae
CHP00978	二色补血草		er se bu xue cao	Limonium bicolor	Viridiplantae
CHP00979	二色内风消		er se nei feng xiao	Schisandra bicolor	Viridiplantae
CHP00980	二仙桃		er xian tao	Liparis odorata	Viridiplantae
CHP00981	二叶舌唇兰	土白芨	er ye she chun lan	Platanthera chlorantha	Viridiplantae
CHP00982	二叶舞鹤草		er ye wu he cao	Maianthemum bifolium	Viridiplantae
CHP00983	法罗海		fa luo hai	Angelica apaensis	Viridiplantae
CHP00984	番荔枝		fan li zhi	Custard Apple	Viridiplantae
CHP00985	番荔枝根		fan li zhi gen	Annona squamosa	Viridiplantae
CHP00986	番荔枝叶		fan li zhi ye	Annona squamosa	Viridiplantae
CHP00987	番木瓜		fan mu gua	Papaya Fruit	Viridiplantae
CHP00988	番木瓜叶		fan mu gua ye	Papaya Leaf	Viridiplantae
CHP00989	番茄		fan qie	Tomato	Viridiplantae
CHP00990	番石榴		fan shi liu	Psidium guajava	Viridiplantae
CHP00991	番石榴干	芭乐干	fan shi liu gan	Guava Unripe Fruit	Viridiplantae
CHP00992	番石榴根		fan shi liu gen	Psidium guajava	Viridiplantae
CHP00993	番石榴皮	番石榴树皮	fan shi liu pi	Guava Bark	Viridiplantae
CHP00994	番石榴叶		fan shi liu ye	Guava Leaf	Viridiplantae
CHP00995	番石榴子	芭乐籽	fan shi liu zi	Psidium guajava	Viridiplantae
CHP00996	番薯藤		fan shu teng	Ipomoea batatas	Viridiplantae
CHP00997	番泻叶	尖叶番泻叶	fan xie ye	Sen leaf	Viridiplantae
CHP00998	翻白草		fan bai cao	Herba Potentillae Discoloris	Viridiplantae
CHP00999	翻白柴		fan bai chai	Cotoneaster salicifolius	Viridiplantae
CHP01000	翻背白草		fan bei bai cao	Potentilla turfosa	Viridiplantae
CHP01001	翻天红		fan tian hong	Carex scaposa	Viridiplantae
CHP01002	繁缕		fan lv	Stellaria media	Viridiplantae
CHP01003	梵天花	狗脚迹	fan tian hua	Urena procumbens	Viridiplantae
CHP01004	梵天花根		fan tian hua gen	Urena procumbens	Viridiplantae
CHP01005	方榄		fang lan	Canarium bengalense	Viridiplantae
CHP01006	方叶五月茶		fang ye wu yue cha	Antidesma ghaesembilla	Viridiplantae
CHP01007	防风		fang feng	root of Divaricate Saposhnikovia	Viridiplantae
CHP01008	防风草	广防风	fang feng cao	Anisomeles indica	Viridiplantae
CHP01009	防风花		fang feng hua	Flos Saposhnikoviae divaricatae	Viridiplantae
CHP01010	防风叶		fang feng ye	Folium Saposhnikoviae divaricatae	Viridiplantae
CHP01011	防己	粉防己|汉防己|青风藤|防已	fang ji	Radix Stephaniae Tetrandrae	Viridiplantae
CHP01012	防己叶菝葜		fang ji ye ba qia	Gansu Greenbrier	Viridiplantae
CHP01013	飞机草		fei ji cao	Fragrant Eupatorium	Viridiplantae
CHP01014	飞来鹤		fei lai he	Cynanchum auriculatum	Viridiplantae
CHP01015	飞廉		fei lian	Curly Bristlethistle Equivalent plant: Carduus acanthoides	Viridiplantae
CHP01016	飞龙掌血		fei long zhang xue	AsiaticTodda lia	Viridiplantae
CHP01017	飞龙掌血叶		fei long zhang xue ye	Zanthoxylum asiaticum	Viridiplantae
CHP01018	飞天蠄蟧		fei tian qin lao	Alsophila spinulosa	Viridiplantae
CHP01019	飞燕草		fei yan cao	Fivestyle Larkspur	Viridiplantae
CHP01020	飞扬草	飞杨草|大飞扬草	fei yang cao	Euphorbia hirta	Viridiplantae
CHP01021	肥肉草	酸猴儿	fei rou cao	Fordiophyton faberi	Viridiplantae
CHP01022	肥皂核		fei zao he	Gymnocladus chinensis	Viridiplantae
CHP01023	肥皂荚		fei zao jia	Gymnocladus chinensis	Viridiplantae
CHP01024	肥猪草		fei zhu cao	Bulbophyllum ambrosia	Viridiplantae
CHP01025	肥猪苗		fei zhu miao	Sinosenecio oldhamianus	Viridiplantae
CHP01026	榧根皮		fei gen pi	Torreya grandis	Viridiplantae
CHP01027	榧花		fei hua	Torreya grandis	Viridiplantae
CHP01028	榧子		fei zi	Semen Torreyae	Viridiplantae
CHP01029	肺形草		fei xing cao	Tripterospermum chinense	Viridiplantae
CHP01030	分心木		fen xin mu	Juglans Regia	Viridiplantae
CHP01031	分枝火绒草		fen zhi huo rong cao	Leontopodium dedekensii	Viridiplantae
CHP01032	粉菝葜		fen ba qia	Smilax glaucochina	Viridiplantae
CHP01033	粉背蕨		fen bei jue	Aleuritopteris pseudofarinosa	Viridiplantae
CHP01034	粉萆		fen bi	Dioscorea septemloba	Viridiplantae
CHP01035	粉葛		fen ge	Radix Puerariae Thomsonii	Viridiplantae
CHP01036	粉藜		fen li	Atriplex fera	Viridiplantae
CHP01037	粉绿藤		fen lv teng	Pachygone sinica	Viridiplantae
CHP01038	粉团花根		fen tuan hua gen	Hydrangea paniculata	Viridiplantae
CHP01039	粉叶地锦		fen ye di jin	Yua thomsonii	Viridiplantae
CHP01040	粪箕笃		fen ji du	Long Stephania and resolve toxin, disinhibit damp and disperse swelling, dispel wind and quicken network vessels	Viridiplantae
CHP01041	风花菜		feng hua cai	Rorippa globosa	Viridiplantae
CHP01042	风轮菜	多头风轮菜|荫风轮|断血流|翠云草	feng lun cai	Chinese Clinopodium	Viridiplantae
CHP01043	风毛菊	八楞木	feng mao ju	Wildhairdaisy	Viridiplantae
CHP01044	风气草		feng qi cao	Adenostemma lavenia	Viridiplantae
CHP01045	风藤	海风藤|大风藤	feng teng	Piper kadsura	Viridiplantae
CHP01046	风藤草		feng teng cao	Clematis peterae	Viridiplantae
CHP01047	风藤草根		feng teng cao gen	Clematis peterae	Viridiplantae
CHP01048	风箱树	风箱树花	feng xiang shu	Cephalanthus occidentalis	Viridiplantae
CHP01049	风箱树根		feng xiang shu gen	Radix Cephalanthi occidentalis	Viridiplantae
CHP01050	风箱树叶		feng xiang shu ye	Common Butterbush	Viridiplantae
CHP01051	枫荷梨		feng he li	Dendropanax dentigerus	Viridiplantae
CHP01052	枫树		feng shu	Liquidambar formosana	Viridiplantae
CHP01053	枫树叶		feng shu ye	Acer saccharum	Viridiplantae
CHP01054	枫香寄生		feng xiang ji sheng	FIatshoot MistIetoe; Flatshoot Mistletoe Equivalent plant: Viscum articulactum	Viridiplantae
CHP01055	枫香树根		feng xiang shu gen	Liquidambar formosana	Viridiplantae
CHP01056	枫香树皮		feng xiang shu pi	Cortex Liquidambaris Formosanae	Viridiplantae
CHP01057	枫香树叶		feng xiang shu ye	Liquidambar formosana	Viridiplantae
CHP01058	蜂斗菜		feng dou cai	Japanese Butterbur	Viridiplantae
CHP01059	蜂窝草		feng wo cao	Leucas zeylanica	Viridiplantae
CHP01060	蜂药		feng yao	Selaginella kraussiana	Viridiplantae
CHP01061	凤冠草		feng guan cao	Pteris ensiformis	Viridiplantae
CHP01062	凤凰毛		feng huang mao	Gastrochilus distichus	Viridiplantae
CHP01063	凤凰木		feng huang mu	Flamboyanttree	Viridiplantae
CHP01064	凤尾参		feng wei can	Pedicularis henryi	Viridiplantae
CHP01065	凤尾草		feng wei cao	all - grass of Chinese Brake	Viridiplantae
CHP01066	凤尾茶		feng wei cha	Elsholtzia heterophylla	Viridiplantae
CHP01067	凤尾贯众		feng wei guan zhong	Polystichum acanthophyllum	Viridiplantae
CHP01068	凤尾七		feng wei qi	Rhodiola dumulosa	Viridiplantae
CHP01069	凤尾搜山虎		feng wei sou shan hu	Selliguea mairei	Viridiplantae
CHP01070	凤尾猪鬃草	云南铁角蕨	feng wei zhu zong cao	Asplenium yunnanense	Viridiplantae
CHP01071	凤仙根		feng xian gen	Impatiens balsamina	Viridiplantae
CHP01072	凤仙花		feng xian hua	Garden Balsum Flower	Viridiplantae
CHP01073	凤仙透骨草	急性子|凤仙|鲜凤仙透骨草	feng xian tou gu cao	all-grass of Tubercultae speranskia	Viridiplantae
CHP01074	凤仙叶		feng xian ye	Impatiens balsamina	Viridiplantae
CHP01075	凤丫草	散血莲	feng ya cao	Coniogramme japonica	Viridiplantae
CHP01076	凤眼草		feng yan cao	Ailanthi Altissimae Fructus	Viridiplantae
CHP01077	凤眼果		feng yan guo	Sterculia nobilis	Viridiplantae
CHP01078	凤眼果根		feng yan guo gen	Sterculia nobilis	Viridiplantae
CHP01079	凤眼果壳		feng yan guo ke	Sterculia nobilis	Viridiplantae
CHP01080	凤眼果树皮		feng yan guo shu pi	Sterculia nobilis	Viridiplantae
CHP01081	伏牛花		fu niu hua	Damnacanthus indicus	Viridiplantae
CHP01082	扶桑根		fu sang gen	Hibiscus rosa-sinensis	Viridiplantae
CHP01083	扶桑花		fu sang hua	Chinese Hibiscus Flower	Viridiplantae
CHP01084	扶桑金星蕨		fu sang jin xing jue	Coryphopteris nipponica	Viridiplantae
CHP01085	芙蓉根		fu rong gen	Hibiscus mutabilis	Viridiplantae
CHP01086	芙蓉花	木芙蓉花	fu rong hua	Hibiscus mutabilis	Viridiplantae
CHP01087	芙蓉菊根		fu rong ju gen	Chinese Crossostephium Root	Viridiplantae
CHP01088	芙蓉叶	木芙蓉叶	fu rong ye	Hibiscus mutabilis	Viridiplantae
CHP01089	佛甲草		fo jia cao	Linear Stonecrop	Viridiplantae
CHP01090	佛葵		fu kui	Lycianthes lysimachioides	Viridiplantae
CHP01091	佛手		fo shou	Fructus Citri Sarcodactylis	Viridiplantae
CHP01092	佛手柑		fo shou gan	Citrus medica	Viridiplantae
CHP01093	佛手柑根		fo shou gan gen	Citrus medica	Viridiplantae
CHP01094	佛手花		fo shou hua	Flos Citri Sarcodactylis	Viridiplantae
CHP01095	佛手露		fo shou lu	Citrus medica	Viridiplantae
CHP01096	浮萍		fu ping	Herba Spirodelae	Viridiplantae
CHP01097	浮尸草		fu shi cao	Potentilla limprichtii	Viridiplantae
CHP01098	浮小麦		fu xiao mai	Light wheat	Viridiplantae
CHP01099	浮叶眼子菜		fu ye yan zi cai	Floatingleaf Pondweed	Viridiplantae
CHP01100	福参		fu can	Angelica morii	Viridiplantae
CHP01101	福参叶		fu can ye	Angelica morii	Viridiplantae
CHP01102	福建柏		fu jian bai	Chamaecyparis hodginsii	Viridiplantae
CHP01103	福建排草		fu jian pai cao	Lysimachia fukienensis	Viridiplantae
CHP01104	福寿草		fu shou cao	Amur Adonis	Viridiplantae
CHP01105	腐巴		fu ba	Glycine max	Viridiplantae
CHP01106	腐卑		fu bei	Premna microphylla	Viridiplantae
CHP01107	腐婢		fu bi	Premna microphylla	Viridiplantae
CHP01108	腐婢根		fu bi gen	Premna microphylla	Viridiplantae
CHP01109	腐沫		fu mo	Glycine max	Viridiplantae
CHP01110	附子	生附子|漏篮子|天雄|川附子	fu zi	Radix Aconiti Lateralis Praeparata	Viridiplantae
CHP01111	阜康阿魏根		fu kang a wei gen	Fukang Giantfennel Root	Viridiplantae
CHP01112	复叶耳蕨		fu ye er jue	Arachniodes exilis	Viridiplantae
CHP01113	腹水草		fu shui cao	Veronicastrum villosulum	Viridiplantae
CHP01114	覆盆子	复盆子	fu pen zi	Fructus Rubi	Viridiplantae
CHP01115	覆盆子根		fu pen zi gen	Radix Rubi chingii	Viridiplantae
CHP01116	覆盆子叶		fu pen zi ye	Folium Rubi chingii	Viridiplantae
CHP01117	伽蓝菜		qie lan cai	Kalanchoe laciniata	Viridiplantae
CHP01118	甘草	生甘草|蜜甘草|土甘草|光果甘草|甘草霜|炙甘草	gan cao	Radix et Rhizoma Glycyrrhizae	Viridiplantae
CHP01119	甘草节		gan cao jie	Glycyrrhiza uralensis Fisch	Viridiplantae
CHP01120	甘草梢		gan cao shao	Radix Tenuis Glycyrrhizae	Viridiplantae
CHP01121	甘草头		gan cao tou	Rhizoma Glycyrrhizae uralensis	Viridiplantae
CHP01122	甘葛藤根		gan ge teng gen	Thomson Kudzuvine Root	Viridiplantae
CHP01123	甘菊		gan ju	Lavandulaleaf Chrysanthemum	Viridiplantae
CHP01124	甘木通		gan mu tong	Clematis filamentosa	Viridiplantae
CHP01125	甘青铁线莲	唐古特铁线莲	gan qing tie xian lian	Tangut Clematis	Viridiplantae
CHP01126	甘薯		gan shu	Sweet Potato	Viridiplantae
CHP01127	甘松	匙叶甘松|甘松油	gan song	Radix et Rhizoma Nardostachyos	Viridiplantae
CHP01128	甘肃黄芩		gan su huang qin	Rehder Skullcap	Viridiplantae
CHP01129	甘肃棘豆		gan su ji dou	Oxytropis kansuensis	Viridiplantae
CHP01130	甘遂	醋甘遂	gan sui	Radix Kansui	Viridiplantae
CHP01131	甘西鼠尾草	甘西鼠尾	gan xi shu wei cao	Przewalsk Sage	Viridiplantae
CHP01132	肝风草	玉帘	gan feng cao	Autumn Zephyrlily	Viridiplantae
CHP01133	疳积草		gan ji cao	Rungia pectinata	Viridiplantae
CHP01134	疳积药		gan ji yao	Isodon adenanthus	Viridiplantae
CHP01135	赶黄草	水泽兰	gan huang cao	Penthorum chinense	Viridiplantae
CHP01136	赶山鞭		gan shan bian	Hypericum attenuatum	Viridiplantae
CHP01137	感应草		gan ying cao	Biophytum sensitivum	Viridiplantae
CHP01138	橄榄	橄榄油	gan lan	Cabbage	Viridiplantae
CHP01139	橄榄根		gan lan gen	Canarium album	Viridiplantae
CHP01140	橄榄核		gan lan he	Nux Canarii albi	Viridiplantae
CHP01141	橄榄露		gan lan lu	Canarium album	Viridiplantae
CHP01142	橄榄仁		gan lan ren	Semen Canarii albi	Viridiplantae
CHP01143	干地黄		gan di huang	Adhesive Rehmannia Dried Root	Viridiplantae
CHP01144	干冬菜	陈冬菜卤汁	gan dong cai	Brassica rapa	Viridiplantae
CHP01145	干旱毛蕨		gan han mao jue	Cyclosorus aridus	Viridiplantae
CHP01146	干姜	干姜油|姜	gan jiang	Dried Ginger	Viridiplantae
CHP01147	干蕨鸡		gan jue ji	Selaginella stauntoniana	Viridiplantae
CHP01148	干漆		gan qi	Dried Lacquer	Viridiplantae
CHP01149	干檀香	山苏木	gan tan xiang	Osyris wightiana	Viridiplantae
CHP01150	干檀香根		gan tan xiang gen	Osyris wightiana	Viridiplantae
CHP01151	干檀香叶		gan tan xiang ye	Osyris wightiana	Viridiplantae
CHP01152	岗边菊		gang bian ju	Aster panduratus	Viridiplantae
CHP01153	岗柃叶		gang ling ye	Eurya groffii	Viridiplantae
CHP01154	岗梅	岗梅根	gang mei	root of Roughhaired Holly	Viridiplantae
CHP01155	岗梅叶		gang mei ye	Ilex asprella	Viridiplantae
CHP01156	岗松	岗松油	gang song	Northern Pitch Pine;Shrubby  Baeckea	Viridiplantae
CHP01157	岗松根		gang song gen	Baeckea frutescens	Viridiplantae
CHP01158	杠板归	扛板归	gang ban gui	Persicaria perfoliata	Viridiplantae
CHP01159	杠香藤	山龙眼	gang xiang teng	Mallotus repandus	Viridiplantae
CHP01160	高飞燕草		gao fei yan cao	Alpine Larkspur	Viridiplantae
CHP01161	高良姜	良姜|高良姜油	gao liang jiang	Alpiniae Officirum Rhizome	Viridiplantae
CHP01162	高梁泡叶	黄水藨叶	gao liang pao ye	Rubus lambertianus	Viridiplantae
CHP01163	高粱		gao liang	Sorghum	Viridiplantae
CHP01164	高粱泡		gao liang pao	Rubus lambertianus	Viridiplantae
CHP01165	高山大黄	塔黄	gao shan dai huang	Rheum nobile	Viridiplantae
CHP01166	高山大戟		gao shan da ji	Euphorbia stracheyi	Viridiplantae
CHP01167	高山黄华		gao shan huang hua	Alplne Thermopsis	Viridiplantae
CHP01168	高山火绒草		gao shan huo rong cao	Alpine Edelweiss	Viridiplantae
CHP01169	高山栲		gao shan kao	Castanopsis delavayi	Viridiplantae
CHP01170	高山辣根菜		gao shan la gen cai	all-grass of acaulescent Pegaeophyton	Viridiplantae
CHP01171	高山龙胆	白花龙胆	gao shan long dan	Alpine Gentian	Viridiplantae
CHP01172	高山唐松草	惊风草	gao shan tang song cao	Alpine Meadowrue	Viridiplantae
CHP01173	高山望		gao shan wang	Elaeocarpus chinensis	Viridiplantae
CHP01174	高山羊不吃		gao shan yang bu chi	Corydalis esquirolii	Viridiplantae
CHP01175	高山紫菀		gao shan zi wan	Aster alpinus	Viridiplantae
CHP01176	高乌头	麻布七	gao wu tou	Tall Monkshood	Viridiplantae
CHP01177	高原点地梅		gao yuan dian di mei	Androsace integra	Viridiplantae
CHP01178	高原鸢尾子		gao yuan yuan wei zi	Iris potaninii	Viridiplantae
CHP01179	高原蚤缀		gao yuan zao zhui	Arenaria przewalskii	Viridiplantae
CHP01180	藁本	蒿本|辽藁本	gao ben	Ligustici Rhizoma Et Radix	Viridiplantae
CHP01181	戈壁天门冬		ge bi tian men dong	Desertliving Asparagus	Viridiplantae
CHP01182	革叶茴芹		ge ye hui qin	Pimpinella coriacea	Viridiplantae
CHP01183	茖葱		ge cong	Longroot Onion	Viridiplantae
CHP01184	葛粉		ge fen	Pueraria lobata	Viridiplantae
CHP01185	葛根	葛根粉|葛根素|川葛	ge gen	Radix Puerariae Lobatae	Viridiplantae
CHP01186	葛谷		ge gu	Semen Puerariae lobatae	Viridiplantae
CHP01187	葛花		ge hua	Flos Puerariae lobatae	Viridiplantae
CHP01188	葛藟		ge lei	Vitis flexuosa	Viridiplantae
CHP01189	葛藟果实		ge lei guo shi	Vitis flexuosa	Viridiplantae
CHP01190	葛藟叶		ge lei ye	Vitis flexuosa	Viridiplantae
CHP01191	葛藟汁		ge lei zhi	Vitis flexuosa	Viridiplantae
CHP01192	葛蔓		ge man	Caulis Puerariae lobatae	Viridiplantae
CHP01193	葛蕈		ge xun	Japanese Balanophora	Viridiplantae
CHP01194	葛叶		ge ye	Folium Puerariae lobatae	Viridiplantae
CHP01195	隔山撬		ge shan qiao	Cynanchum wilfordii	Viridiplantae
CHP01196	隔山香		ge shan xiang	Ostericum citriodorum	Viridiplantae
CHP01197	梗花雀梅藤		geng hua que mei teng	Sageretia henryi	Viridiplantae
CHP01198	弓果藤		gong guo teng	Toxocarpus wightianus	Viridiplantae
CHP01199	公鸡头叶		gong ji tou ye	Cyrtomium fortunei	Viridiplantae
CHP01200	公英叶风毛菊		gong ying ye feng mao ju	Saussurea taraxacifolia	Viridiplantae
CHP01201	功劳子		gong lao zi	Fructus Mahonae bealei	Viridiplantae
CHP01202	勾儿茶		gou er cha	Berchemia lineata	Viridiplantae
CHP01203	钩苞大丁草		gou bao da ding cao	Gerbera delavayi	Viridiplantae
CHP01204	钩栲	钩栗	gou kao	Castanopsis tibetana	Viridiplantae
CHP01205	钩钱草		gou qian cao	Juncus prismatocarpus	Viridiplantae
CHP01206	钩藤	椭圆钩藤|钩滕|华钩藤|大叶钩藤|钩藤根|白钩藤	gou teng	Gambir Plant	Viridiplantae
CHP01207	钩吻	常绿钩吻|断肠草	gou wen	Graceful Jessamine	Viridiplantae
CHP01208	狗肝菜		gou gan cai	Dicliptera chinensis	Viridiplantae
CHP01209	狗骨柴		gou gu chai	Diplospora dubia	Viridiplantae
CHP01210	狗骨节		gou gu jie	Pellionia viridis	Viridiplantae
CHP01211	狗脊	狗肾|金狗脊黄毛|金毛狗脊	gou ji	Rhizoma Cibotii	Viridiplantae
CHP01212	狗脊贯众		gou ji guan zhong	Woodwardia japonica	Viridiplantae
CHP01213	狗脚草根		gou jiao cao gen	Craibiodendron stellatum	Viridiplantae
CHP01214	狗筋蔓		gou jin man	Silene baccifera	Viridiplantae
CHP01215	狗泡草		gou pao cao	Strobilanthes chinensis	Viridiplantae
CHP01216	狗屎花		gou shi hua	Chinese Forgetmenot	Viridiplantae
CHP01217	狗屎花根		gou shi hua gen	Cynoglossum amabile	Viridiplantae
CHP01218	狗娃花		gou wa hua	Aster hispidus	Viridiplantae
CHP01219	狗尾花		gou wei hua	Grona heterocarpos	Viridiplantae
CHP01220	狗牙贝		gou ya bei	Lloydia tibetica	Viridiplantae
CHP01221	狗牙根		gou ya gen	Cynodon dactylon	Viridiplantae
CHP01222	狗牙花		gou ya hua	Medicinal Ervatamia	Viridiplantae
CHP01223	狗蚁草		gou yi cao	Alysicarpus vaginalis	Viridiplantae
CHP01224	狗仔花		gou zai hua	Vernonia patula	Viridiplantae
CHP01225	枸骨		gou gu	Ilex cornuta	Viridiplantae
CHP01226	枸骨根		gou gu gen	Ilex cornuta lindl	Viridiplantae
CHP01227	枸骨树皮		gou gu shu pi	Chinese Holly Bark	Viridiplantae
CHP01228	枸骨叶	细叶功劳叶|功劳叶	gou gu ye	Folium Ilicis Cornutae	Viridiplantae
CHP01229	枸骨子		gou gu zi	Ilex cornuta Lindl	Viridiplantae
CHP01230	枸橘		gou ju	Trifoliate-orange	Viridiplantae
CHP01231	枸橘刺		gou ju ci	Citrus trifoliata	Viridiplantae
CHP01232	枸橘核		gou ju he	Trifoliate-orange Seed	Viridiplantae
CHP01233	枸橘叶		gou ju ye	Trifoliate-orange Leaf	Viridiplantae
CHP01234	枸杞		gou qi	Chinese wolfberry fruit	Viridiplantae
CHP01235	枸杞叶		gou qi ye	Chinese Wolfberry Leaf	Viridiplantae
CHP01236	枸杞子	鲜枸杞子	gou qi zi	Fructus Lycii	Viridiplantae
CHP01237	构皮麻		gou pi ma	Broussonetia kazinoki	Viridiplantae
CHP01238	菰根		gu gen	Zizania latifolia	Viridiplantae
CHP01239	菰米	菰	gu mi	Zizania latifolia	Viridiplantae
CHP01240	古钩藤		gu gou teng	Cryptolepis buchananii	Viridiplantae
CHP01241	古柯		gu ke	Peru Coca Shrub	Viridiplantae
CHP01242	谷精草		gu jing cao	Pipewort Flower	Viridiplantae
CHP01243	谷蓼		gu liao	Epilobium angustifolium	Viridiplantae
CHP01244	骨节草		gu jie cao	Marsh Horsetail	Viridiplantae
CHP01245	骨碎补	骨碎|盐骨碎补	gu sui bu	rhizome of Heartleaf Dryria	Viridiplantae
CHP01246	瓜蒌	栝楼|双边栝楼|瓜篓|栝蒌	gua lou	Trichosanthes Kirilowii Maxim	Viridiplantae
CHP01247	瓜蒌皮	瓜篓皮	gua lou pi	Snakegourd Peel	Viridiplantae
CHP01248	瓜蒌子	波棱瓜子|炒瓜蒌子|瓜蒌仁|栝楼子	gua lou zi	Trichosanthes kirilowii	Viridiplantae
CHP01249	瓜子金		gua zi jin	Polygala japonica	Viridiplantae
CHP01250	瓜子莲		gua zi lian	Crotalaria yunnanensis	Viridiplantae
CHP01251	瓜子藤	阿利藤	gua zi teng	Alyxia sinensis	Viridiplantae
CHP01252	刮筋板		gua jin ban	Excoecaria acerifolia	Viridiplantae
CHP01253	栝楼茎叶		gua lou jing ye	Trichosanthes kirilowii	Viridiplantae
CHP01254	拐棍竹		guai gun zhu	Fargesia spathacea	Viridiplantae
CHP01255	拐芹		guai qin	Polymorphic Angelica	Viridiplantae
CHP01256	关白附	生关白附|黄花乌头	guan bai fu	Aconitum coreanum	Viridiplantae
CHP01257	关苍术		guan cang zhu	Japanese Atractylodes	Viridiplantae
CHP01258	关东丁香		guan dong ding xiang	Syringa pubescens	Viridiplantae
CHP01259	关公须		guan gong xu	Herba et Radix Salviae kiangsiensis	Viridiplantae
CHP01260	关黄柏	盐关黄柏	guan huang bai	Phellodendri Amurensis Cortex	Viridiplantae
CHP01261	关木通		guan mu tong	Manchurian Dutchmanspipe	Viridiplantae
CHP01262	观音草		guan yin cao	Roxburgh Peristrophe	Viridiplantae
CHP01263	观音茶	银老梅	guan yin cha	Potentilla glabra	Viridiplantae
CHP01264	观音莲		guan yin lian	Monachosorum henryi	Viridiplantae
CHP01265	观音苋	紫背菜	guan yin xian	Gynura bicolor	Viridiplantae
CHP01266	观音苋根		guan yin xian gen	Gynura bicolor	Viridiplantae
CHP01267	观音竹	长距兰	guan yin zhu	Platanthera japonica	Viridiplantae
CHP01268	冠果草		guan guo cao	Sagittaria guayanensis	Viridiplantae
CHP01269	管花肉苁蓉		guan hua rou cong rong	Tubeshaped Flower Cistanche	Viridiplantae
CHP01270	管南香		guan nan xiang	Aristolochia cathcartii	Viridiplantae
CHP01271	管仲		guan zhong	Potentilla fulgens	Viridiplantae
CHP01272	贯叶连翘	贯叶金丝桃|千层楼	guan ye lian qiao	Common StJohn’swort	Viridiplantae
CHP01273	贯众	绵马贯众|紫箕贯众	guan zhong	root of Chinese Angelica	Viridiplantae
CHP01274	贯众叶溪边蕨		guan zhong ye xi bian jue	Leptogramma cyrtomioides	Viridiplantae
CHP01275	灌木蒲桃		guan mu pu tao	Syzygium fruticosum	Viridiplantae
CHP01276	罐嘴菜	消毒药	guan zui cai	Viola verecunda	Viridiplantae
CHP01277	光板猫叶草	龙鳞草	guang ban mao ye cao	Sedum drymarioides	Viridiplantae
CHP01278	光背杜鹃		guang bei du juan	Rhododendron przewalskii	Viridiplantae
CHP01279	光慈姑		guang ci gu	Edible Tulip	Viridiplantae
CHP01280	光刺兔唇花		guang ci tu chun hua	Lagochilus leiacanthus	Viridiplantae
CHP01281	光肺筋草		guang fei jin cao	Aletris glabra	Viridiplantae
CHP01282	光梗丝石竹		guang geng si shi zhu	Gypsophila acutifolia	Viridiplantae
CHP01283	光棍草		guang gun cao	Ainsliaea grossedentata	Viridiplantae
CHP01284	光决明		guang jue ming	Senna x floribunda	Viridiplantae
CHP01285	光石韦		guang shi wei	Bald Pyrrosia	Viridiplantae
CHP01286	光头稗子		guang tou bai zi	Echinochloa colona	Viridiplantae
CHP01287	光头前胡		guang tou qian hu	Radix Et Rhizoma Peucedani Medici	Viridiplantae
CHP01288	光叶巴豆		guang ye ba dou	Nitidleaf Croton	Viridiplantae
CHP01289	光叶海桐叶	山枝叶	guang ye hai tong ye	Pittosporum glabratum	Viridiplantae
CHP01290	光叶石楠		guang ye shi nan	Photinia glabra	Viridiplantae
CHP01291	光枝勾儿茶	鸭公藤	guang zhi gou er cha	Smoothbranched Supplejack	Viridiplantae
CHP01292	桄榔子	桄榔面	guang lang zi	Arenga pinnata	Viridiplantae
CHP01293	广东升麻		guang dong sheng ma	Leuzea chinensis	Viridiplantae
CHP01294	广东万年青	粤万年青	guang dong wan nian qing	Aglaonema modestum	Viridiplantae
CHP01295	广防己	排草	guang fang ji	Fangchi	Viridiplantae
CHP01296	广金钱草	广东金钱草	guang jin qian cao	Wallich Madder	Viridiplantae
CHP01297	广石豆兰		guang shi dou lan	Bulbophyllum kwangtungense	Viridiplantae
CHP01298	广藤根		guang teng gen	Sabia discolor	Viridiplantae
CHP01299	广西莪术		guang xi e shu	rhizome of Kwangsi Turmeric	Viridiplantae
CHP01300	广西过路黄		guang xi guo lu huang	Lysimachia alfredii	Viridiplantae
CHP01301	广西花点草根		guang xi hua dian cao gen	Oreocnide kwangsiensis	Viridiplantae
CHP01302	广西九里香		guang xi jiu li xiang	Kwangsi Jasminorange	Viridiplantae
CHP01303	广西九里香根		guang xi jiu li xiang gen	Murraya kwangsiensis	Viridiplantae
CHP01304	广西十大功劳		guang xi shi da gong lao	Mahonia shenii	Viridiplantae
CHP01305	广香藤	钻山风	guang xiang teng	Fissistigma oldhamii	Viridiplantae
CHP01306	广州耳草		guang zhou er cao	Hedyotis cantoniensis	Viridiplantae
CHP01307	广州山柑		guang zhou shan gan	Capparis cantoniensis	Viridiplantae
CHP01308	鬼点灯		gui dian deng	Bothriospermum tenellum	Viridiplantae
CHP01309	鬼箭锦鸡儿	狼麻	gui jian jin ji er	Shagspine Peashrub	Viridiplantae
CHP01310	鬼箭羽		gui jian yu	Ramulus Euonymi	Viridiplantae
CHP01311	鬼柳树		gui liu shu	Olea europaea	Viridiplantae
CHP01312	鬼针草	白花鬼针草|三叶鬼针草	gui zhen cao	all-grass of Spanishneedles	Viridiplantae
CHP01313	贵州花椒		gui zhou hua jiao	Zanthoxylum esquirolii	Viridiplantae
CHP01314	贵州獐牙菜		gui zhou zhang ya cai	Guizhou Swertia	Viridiplantae
CHP01315	桂丁		gui ding	Fructus Cinnamomi cassiae	Viridiplantae
CHP01316	桂花		gui hua	Sweet Osmanthus	Viridiplantae
CHP01317	桂花露		gui hua lu	Osmanthus fragrans	Viridiplantae
CHP01318	桂花岩陀		gui hua yan tuo	Daphne feddei	Viridiplantae
CHP01319	桂花枝		gui hua zhi	Osmanthus fragrans	Viridiplantae
CHP01320	桂花子		gui hua zi	Osmanthus fragrans	Viridiplantae
CHP01321	桂木干		gui mu gan	Artocarpus hypargyreus	Viridiplantae
CHP01322	桂木根		gui mu gen	Artocarpus nitidus	Viridiplantae
CHP01323	桂皮	桂皮油	gui pi	Japanese Cinnamon	Viridiplantae
CHP01324	桂皮紫萁		gui pi zi qi	Osmundastrum cinnamomeum	Viridiplantae
CHP01325	桂叶素馨		gui ye su xin	Jasminum laurifolium	Viridiplantae
CHP01326	桂枝	桂子	gui zhi	Ramulus Cinnamomi	Viridiplantae
CHP01327	桂竹香		gui zhu xiang	Common Wallflower	Viridiplantae
CHP01328	锅粑		guo ba	Oryza sativa	Viridiplantae
CHP01329	过路惊		guo lu jing	Tashiroea quadrangularis	Viridiplantae
CHP01330	过山龙		guo shan long	Ampelopsis japonica	Viridiplantae
CHP01331	咳喘木		ke chuan mu	Ardisia filiformis	Viridiplantae
CHP01332	咳嗽草	萼果香薷	ke sou cao	Elsholtzia densa	Viridiplantae
CHP01333	孩儿茶		hai er cha	Acacia catechu	Viridiplantae
CHP01334	海带	昆布|裙带菜	hai dai	Ellgrass	Algae
CHP01335	海带根		hai dai gen	Saccharina japonica	Algae
CHP01336	海红		hai hong	Malus micromalus	Viridiplantae
CHP01337	海红豆		hai hong dou	Adenanthera pavonina	Viridiplantae
CHP01338	海金砂	金沙藤|海金沙	hai jin sha	Lygodium japonicum	Viridiplantae
CHP01339	海韭菜		hai jiu cai	Shore Podgrass	Viridiplantae
CHP01340	海南粗榧		hai nan cu fei	Hainan Plumyew	Viridiplantae
CHP01341	海南虎皮楠		hai nan hu pi nan	Daphniphyllum paxianum	Viridiplantae
CHP01342	海南买麻藤		hai nan mai ma teng	Hainan Jointfir	Viridiplantae
CHP01343	海茄子		hai qie zi	Solanum capsicastrum	Viridiplantae
CHP01344	海藻	方海	hai zao	Sargassum	Algae
CHP01345	海州骨碎补		hai zhou gu sui bu	Squirrel’s Foot Fern	Viridiplantae
CHP01346	含羞草		han xiu cao	Sensitive Plant	Viridiplantae
CHP01347	韩信草		han xin cao	Indian Skullcap	Viridiplantae
CHP01348	蔊菜		han cai	Indian  Rorippa	Viridiplantae
CHP01349	旱莲花		han lian hua	Common Nasturtium	Viridiplantae
CHP01350	旱芹		han qin	Wildcelery	Viridiplantae
CHP01351	诃子	绒毛诃子	he zi	Medicine Termilia Fruit	Viridiplantae
CHP01352	诃子叶		he zi ye	Medicine Terminalia Leaf	Viridiplantae
CHP01353	禾秆蹄盖蕨		he gan ti gai jue	Athyrium yokoscense	Viridiplantae
CHP01354	禾叶风毛菊		he ye feng mao ju	Grassleaf Saussurea	Viridiplantae
CHP01355	合欢花		he huan hua	Albizia Flower	Viridiplantae
CHP01356	合欢皮		he huan pi	Silktree Albizia Bark	Viridiplantae
CHP01357	何首乌	制何首乌|首乌|制首乌|制何首鸟	he shou wu	Tuber Fleeceflower;Polygonum multiflorum	Viridiplantae
CHP01358	何首乌叶		he shou wu ye	Fallopia multiflora	Viridiplantae
CHP01359	河套大黄		he tao dai huang	River-bend Rhubarb*	Viridiplantae
CHP01360	荷包牡丹根		he bao mu dan gen	Showy Bleedingheart Root	Viridiplantae
CHP01361	荷蒂		he di	Nelumbo nucifera	Viridiplantae
CHP01362	荷梗		he geng	Petiolus Nelmbinis	Viridiplantae
CHP01363	荷花玉兰		he hua yu lan	Southern Magnolia	Viridiplantae
CHP01364	荷叶	鲜荷叶	he ye	Lotus leaf	Viridiplantae
CHP01365	荷叶蒂		he ye di	Nelumbo nucifera	Viridiplantae
CHP01366	核桃楸果仁	胡桃楸	he tao qiu guo ren	Juglans mandshurica	Viridiplantae
CHP01367	核桃仁	核桃馏油|核桃|核桃油|胡桃仁	he tao ren	Semen Juglandis	Viridiplantae
CHP01368	盒果藤		he guo teng	Operculina turpethum	Viridiplantae
CHP01369	鹤草芽	仙鹤草根芽	he cao ya	Agrimonia pilosa	Viridiplantae
CHP01370	鹤虱	北鹤虱|天名精	he shi	Common Carpesium Fruit	Viridiplantae
CHP01371	黑草		hei cao	Buchnera cruciata	Viridiplantae
CHP01372	黑大豆花		hei da dou hua	Glycine max	Viridiplantae
CHP01373	黑顶卷柏		hei ding juan bai	Selaginella picta	Viridiplantae
CHP01374	黑豆	穞豆|黑大豆|黑豆馏油	hei dou	Semen Sojae Nigrum	Viridiplantae
CHP01375	黑豆衣	穞豆衣|黑大豆皮	hei dou yi	Glycine max	Viridiplantae
CHP01376	黑杠柳		hei gang liu	Black Silkvine	Viridiplantae
CHP01377	黑藁本		hei gao ben	Conioselinum pteridophyllum	Viridiplantae
CHP01378	黑枸杞		hei gou qi	Lycium ruthenicum	Viridiplantae
CHP01379	黑骨走马		hei gu zou ma	Gomphandra tetrandra	Viridiplantae
CHP01380	黑虎耳草		hei hu er cao	Micranthes atrata	Viridiplantae
CHP01381	黑壳楠		hei ke nan	Largeleaf Spicebush	Viridiplantae
CHP01382	黑老虎	黑老虎根	hei lao hu	Kadsurae Coccineae Radix Et Caulis	Viridiplantae
CHP01383	黑面防己		hei mian fang ji	Aristolochia tagala	Viridiplantae
CHP01384	黑面叶		hei mian ye	Breynia fruticosa	Viridiplantae
CHP01385	黑面叶根		hei mian ye gen	Breynia fruticosa	Viridiplantae
CHP01386	黑皮跌打		hei pi die da	Fissistigma polyanthum	Viridiplantae
CHP01387	黑水翠雀		hei shui cui que	Potanin Larkspur Variety	Viridiplantae
CHP01388	黑穗画眉草		hei sui hua mei cao	Eragrostis nigra	Viridiplantae
CHP01389	黑塔子		hei ta zi	Diospyros cathayensis	Viridiplantae
CHP01390	黑塔子根		hei ta zi gen	Diospyros cathayensis	Viridiplantae
CHP01391	黑细辛		hei xi xin	Chloranthus fortunei	Viridiplantae
CHP01392	黑腺珍珠菜		hei xian zhen zhu cai	Lysimachia heterogenea	Viridiplantae
CHP01393	黑心姜		hei xin jiang	Curcuma caesia	Viridiplantae
CHP01394	黑心解		hei xin jie	Aconitum stapfianum	Viridiplantae
CHP01395	黑血藤		hei xue teng	Mucuna macrocarpa	Viridiplantae
CHP01396	黑阳参		hei yang can	Antiotrema dunnianum	Viridiplantae
CHP01397	黑脂麻		hei zhi ma	Sesamum indicum	Viridiplantae
CHP01398	黑种草		hei zhong cao	Jackinprison	Viridiplantae
CHP01399	黑种草子		hei zhong cao zi	Nigella glandulifera	Viridiplantae
CHP01400	黑珠芽薯蓣		hei zhu ya shu yu	Dioscorea melanophyma	Viridiplantae
CHP01401	横经席		heng jing xi	Calophyllum membranaceum	Viridiplantae
CHP01402	横经席叶		heng jing xi ye	Calophyllum membranaceum	Viridiplantae
CHP01403	衡州乌药		heng zhou wu yao	Laurelleaf Snailseed	Viridiplantae
CHP01404	红半边莲		hong ban bian lian	Begonia crassirostris	Viridiplantae
CHP01405	红背酸藤		hong bei suan teng	Urceola rosea	Viridiplantae
CHP01406	红背叶		hong bei ye	Alchornea trewioides	Viridiplantae
CHP01407	红萆薢		hong bi xie	Smilax mairei	Viridiplantae
CHP01408	红参		hong can	Red Ginseng	Viridiplantae
CHP01409	红车轴草		hong che zhou cao	Red Clover	Viridiplantae
CHP01410	红陈艾		hong chen ai	Artemisia selengensis	Viridiplantae
CHP01411	红椽木子		hong chuan mu zi	Castanopsis hystrix	Viridiplantae
CHP01412	红椿		hong chun	Burma Toon	Viridiplantae
CHP01413	红楤木		hong song mu	Aralia echinocaulis	Viridiplantae
CHP01414	红豆蔻	大良姜|大高良姜	hong dou kou	Galanga galangal fruit	Viridiplantae
CHP01415	红豆七		hong dou qi	Illigera grandiflora	Viridiplantae
CHP01416	红豆杉		hong dou shan	Chinese Yew	Viridiplantae
CHP01417	红枫荷		hong feng he	Artocarpus styracifolius	Viridiplantae
CHP01418	红麸杨		hong fu yang	Rhus punjabensis	Viridiplantae
CHP01419	红根		hong gen	Arisaema calcareum	Viridiplantae
CHP01420	红根草		hong gen cao	Hispid Sage	Viridiplantae
CHP01421	红果参		hong guo can	Cyclocodon lancifolius	Viridiplantae
CHP01422	红果楠		hong guo nan	Actinodaphne cupularis	Viridiplantae
CHP01423	红旱莲		hong han lian	Herba hyperici	Viridiplantae
CHP01424	红厚壳	海棠果|滇南红厚壳	hong hou ke	Kalofilum	Viridiplantae
CHP01425	红花	草红花|精制红花油	hong hua	Safflower	Viridiplantae
CHP01426	红花杜鹃		hong hua du juan	Rhododendron arboreum	Viridiplantae
CHP01427	红花栝楼		hong hua gua lou	Trichosanthes pubera	Viridiplantae
CHP01428	红花寄生		hong hua ji sheng	Scurrula parasitica	Viridiplantae
CHP01429	红花锦鸡儿		hong hua jin ji er	Caragana rosea	Viridiplantae
CHP01430	红花龙胆	小龙胆草	hong hua long dan	Redflower Gentian	Viridiplantae
CHP01431	红花鹿蹄草		hong hua lu ti cao	Redflower Pyrola	Viridiplantae
CHP01432	红花绿绒蒿		hong hua lv rong hao	Redflower Meconopsis	Viridiplantae
CHP01433	红花苗		hong hua miao	Carthamus tinctorius L.	Viridiplantae
CHP01434	红花木莲		hong hua mu lian	Magnolia insignis	Viridiplantae
CHP01435	红花青藤		hong hua qing teng	Illigera rhodantha	Viridiplantae
CHP01436	红花山牵牛		hong hua shan qian niu	Thunbergia coccinea	Viridiplantae
CHP01437	红花雪莲花		hong hua xue lian hua	Primula sonchifolia	Viridiplantae
CHP01438	红花岩松	石上开花	hong hua yan song	Sinocrassula indica	Viridiplantae
CHP01439	红花月见草		hong hua yue jian cao	Oenothera rosea	Viridiplantae
CHP01440	红花子		hong hua zi	Carthamus tinctorius	Viridiplantae
CHP01441	红铧头草	走边疆	hong hua tou cao	Viola acuminata	Viridiplantae
CHP01442	红茴香根	红毒茴|土八角	hong hui xiang gen	Illicium henryi	Viridiplantae
CHP01443	红茴香叶		hong hui xiang ye	Illicium henryi	Viridiplantae
CHP01444	红活麻		hong huo ma	Urtica thunbergiana	Viridiplantae
CHP01445	红鸡踢香		hong ji ti xiang	Elaeagnus henryi	Viridiplantae
CHP01446	红鸡踢香根		hong ji ti xiang gen	Elaeagnus henryi	Viridiplantae
CHP01447	红茎黄芩	血沟丹	hong jing huang qin	Scutellaria yunnanensis	Viridiplantae
CHP01448	红荆芥		hong jing jie	Teucrium ornatum	Viridiplantae
CHP01449	红景天	宽瓣红景天|大花红景天|圣地红景天	hong jing tian	all-grass of Rhodiola;Rhodiola rosea	Viridiplantae
CHP01450	红筷子		hong kuai zi	Great Willowherb (Firewood)	Viridiplantae
CHP01451	红葵		hong kui	Solanum lyratum	Viridiplantae
CHP01452	红郎伞		hong lang san	Sterculia hainanensis	Viridiplantae
CHP01453	红榔木		hong lang mu	Ulmus androssowii	Viridiplantae
CHP01454	红簕钩		hong le gou	Rubus pyrifolius	Viridiplantae
CHP01455	红莲子草		hong lian zi cao	Alternanthera bettzickiana	Viridiplantae
CHP01456	红马蹄草		hong ma ti cao	Hydrocotyle nepalensis	Viridiplantae
CHP01457	红马蹄乌		hong ma ti wu	Oxyria sinensis	Viridiplantae
CHP01458	红毛草		hong mao cao	Murdannia nudiflora	Viridiplantae
CHP01459	红毛对筋草		hong mao dui jin cao	Lysimachia hypericoides	Viridiplantae
CHP01460	红毛七		hong mao qi	Robust Leontice	Viridiplantae
CHP01461	红毛蛇		hong mao she	Humata repens	Viridiplantae
CHP01462	红毛悬钩子	老虎泡	hong mao xuan gou zi	Rubus pinfaensis	Viridiplantae
CHP01463	红毛野海棠		hong mao ye hai tang	Tuberculate Bredia	Viridiplantae
CHP01464	红毛叶马蹄香		hong mao ye ma ti xiang	Ainsliaea elegans	Viridiplantae
CHP01465	红毛走马胎		hong mao zou ma tai	Ardisia mamillata	Viridiplantae
CHP01466	红帽顶		hong mao ding	Mallotus barbatus	Viridiplantae
CHP01467	红门兰		hong men lan	Dactylorhiza incarnata	Viridiplantae
CHP01468	红绵藤		hong mian teng	Rubus hastifolius	Viridiplantae
CHP01469	红母鸡草		hong mu ji cao	Hookedhairypod Tickclover	Viridiplantae
CHP01470	红木香	长梗南五味子	hong mu xiang	Kadsura longipedunculata	Viridiplantae
CHP01471	红木子		hong mu zi	Carrierea calycina	Viridiplantae
CHP01472	红楠		hong nan	Red Nanmu Bark	Viridiplantae
CHP01473	红楠皮		hong nan pi	Red Nanmu Bark	Viridiplantae
CHP01474	红牛毛刺		hong niu mao ci	Rubus adenophorus	Viridiplantae
CHP01475	红牛尾七		hong niu wei qi	Rheum forrestii	Viridiplantae
CHP01476	红皮		hong pi	Styrax suberifolius	Viridiplantae
CHP01477	红芪	炙红芪	hong qi	Prepared Manyinflorescenced Sweetvetch Root	Viridiplantae
CHP01478	红千层		hong qian ceng	Callistemon rigidus	Viridiplantae
CHP01479	红茄苳		hong jia dong	Rhizophora mucronata	Viridiplantae
CHP01480	红雀珊瑚	玉带根	hong que shan hu	Euphorbia tithymaloides	Viridiplantae
CHP01481	红色新月蕨		hong se xin yue jue	Menisciopsis lakhimpurensis	Viridiplantae
CHP01482	红杉	小朴松实	hong shan	Larix potaninii	Viridiplantae
CHP01483	红苕母子		hong shao mu zi	Ipomoea batatas	Viridiplantae
CHP01484	红树皮		hong shu pi	Bruguiera gymnorhiza	Viridiplantae
CHP01485	红酸七		hong suan qi	Tricyrtis macropoda	Viridiplantae
CHP01486	红藤	丰城鸡血藤|大血藤|草红藤|活血藤	hong teng	Sargentodoxa cuneata	Viridiplantae
CHP01487	红藤蓼		hong teng liao	Bistorta emodi	Viridiplantae
CHP01488	红头草		hong tou cao	Malay Blumea	Viridiplantae
CHP01489	红线麻		hong xian ma	Laportea cuspidata	Viridiplantae
CHP01490	红香树		hong xiang shu	Anneslea fragrans	Viridiplantae
CHP01491	红香藤		hong xiang teng	Dalbergia hancei	Viridiplantae
CHP01492	红叶木姜子根		hong ye mu jiang zi gen	Litsea rubescens	Viridiplantae
CHP01493	红叶树		hong ye shu	Helicia cochinchinensis	Viridiplantae
CHP01494	红叶树子		hong ye shu zi	Helicia cochinchinensis	Viridiplantae
CHP01495	红芋		hong yu	Remusatia vivipara	Viridiplantae
CHP01496	红云草		hong yun cao	Ardisia maclurei	Viridiplantae
CHP01497	红粘谷		hong zhan gu	Amaranthus paniculatus	Viridiplantae
CHP01498	红粘谷子		hong zhan gu zi	Amaranthus paniculatus	Viridiplantae
CHP01499	红直獐牙菜	红直当药	hong zhi zhang ya cai	Redspot Swertia	Viridiplantae
CHP01500	红子仔		hong zi zai	Breynia vitis-idaea	Viridiplantae
CHP01501	红紫珠		hong zi zhu	Callicarpa rubella	Viridiplantae
CHP01502	猴樟	猴楠	hou zhang	Cinnamomum bodinieri	Viridiplantae
CHP01503	猴樟果		hou zhang guo	Cinnamomum bodinieri	Viridiplantae
CHP01504	厚壳树		hou ke shu	Ehretia acuminata	Viridiplantae
CHP01505	厚皮树		hou pi shu	Coromandel Lannea	Viridiplantae
CHP01506	厚皮香		hou pi xiang	Ternstroemia gymnanthera	Viridiplantae
CHP01507	厚皮香花		hou pi xiang hua	Ternstroemia gymnanthera	Viridiplantae
CHP01508	厚朴	川厚朴|姜厚朴|凹叶厚朴	hou po	bark of Officil magnolia	Viridiplantae
CHP01509	厚朴花		hou po hua	Officinal Magnolia Flower; Magnolia Flower; Flos Magnoliae Officinalis	Viridiplantae
CHP01510	厚朴子		hou po zi	Magnolia officinalis Rehd. Et Wils	Viridiplantae
CHP01511	厚叶牛耳草		hou ye niu er cao	Paraboea crassifolia	Viridiplantae
CHP01512	厚叶沿阶草		hou ye yan jie cao	Ophiopogon jaburan	Viridiplantae
CHP01513	狐狸尾		hu li wei	Uraria lagopodoides	Viridiplantae
CHP01514	胡黄连	西藏胡黄连	hu huang lian	Picrorhizae Rhizoma	Viridiplantae
CHP01515	胡椒	黑胡椒|白胡椒	hu jiao	Fructus Piperis	Viridiplantae
CHP01516	胡芦巴	葫芦巴|盐胡芦巴	hu lu ba	Trigonellae Semen	Viridiplantae
CHP01517	胡萝卜	野胡萝卜	hu luo bo	Carrot	Viridiplantae
CHP01518	胡萝卜叶		hu luo bo ye	Daucus carota	Viridiplantae
CHP01519	胡萝卜子	南鹤虱	hu luo bo zi	Carrot Seed	Viridiplantae
CHP01520	胡麻仁		hu ma ren	Sesamum indicum	Viridiplantae
CHP01521	胡麻叶	芝麻叶	hu ma ye	Oriental Sesame Leaf	Viridiplantae
CHP01522	胡桃根		hu tao gen	Radix seu Cortex Juglandis regiae	Viridiplantae
CHP01523	胡桃青皮		hu tao qing pi	English Walnut Exocarp	Viridiplantae
CHP01524	胡桃树皮		hu tao shu pi	English Walnut Bark	Viridiplantae
CHP01525	胡桃叶		hu tao ye	English Walnut Leaf	Viridiplantae
CHP01526	胡桃油		hu tao you	Oleum Juglandis	Viridiplantae
CHP01527	胡桃枝		hu tao zhi	Ramulus Juglandis regiae	Viridiplantae
CHP01528	胡桐泪		hu tong lei	Populus euphratica	Viridiplantae
CHP01529	胡颓子		hu tui zi	Elaeagnus pungens	Viridiplantae
CHP01530	胡颓子叶		hu tui zi ye	Elaeagnus pungens	Viridiplantae
CHP01531	胡枝子		hu zhi zi	Shrub Lespedeza	Viridiplantae
CHP01532	胡枝子根		hu zhi zi gen	Lespedeza bicolor	Viridiplantae
CHP01533	壶卢		hu lu	Cucurbita siceraria	Viridiplantae
CHP01534	葫芦茶		hu lu cha	Triquetrous tadehagi	Viridiplantae
CHP01535	葫芦茶根		hu lu cha gen	Tadehagi triquetrum	Viridiplantae
CHP01536	葫芦叶		hu lu ye	Adenocaulon himalaicum	Viridiplantae
CHP01537	湖北贝母		hu bei bei mu	Hupeh Fritillary	Viridiplantae
CHP01538	湖北地黄		hu bei di huang	Rehmannia henryi	Viridiplantae
CHP01539	湖北海棠		hu bei hai tang	Malus hupehensis	Viridiplantae
CHP01540	湖北黄精		hu bei huang jing	Hubei Landpick	Viridiplantae
CHP01541	湖北桑寄生		hu bei sang ji sheng	Taxillus sutchuenensis	Viridiplantae
CHP01542	湖瓜草		hu gua cao	Cyperus leptocarpus	Viridiplantae
CHP01543	槲寄生		hu ji sheng	Herba Visci	Viridiplantae
CHP01544	槲皮		hu pi	Quercus dentata	Viridiplantae
CHP01545	槲实仁		hu shi ren	Quercus dentata	Viridiplantae
CHP01546	槲叶		hu ye	Daimyo Oak Leaf	Viridiplantae
CHP01547	蝴蝶暗消		hu die an xiao	Aristolochia transsecta	Viridiplantae
CHP01548	蝴蝶果		hu die guo	Acer kweilinense	Viridiplantae
CHP01549	蝴蝶花		hu die hua	Fringed Iris	Viridiplantae
CHP01550	虎刺		hu ci	Indian Damnacanthus	Viridiplantae
CHP01551	虎耳草		hu er cao	stem or leaf of Fung Waxplant	Viridiplantae
CHP01552	虎皮草		hu pi cao	Chrysosplenium macrophyllum	Viridiplantae
CHP01553	虎皮楠		hu pi nan	Daphniphyllum oldhamii	Viridiplantae
CHP01554	虎石头		hu shi tou	Liparis distans	Viridiplantae
CHP01555	虎尾兰		hu wei lan	Snake Sansevieria	Viridiplantae
CHP01556	虎尾兰根		hu wei lan gen	Sansevieria trifasciata	Viridiplantae
CHP01557	虎尾轮		hu wei lun	Uraria crinita	Viridiplantae
CHP01558	虎掌草	破牛膝	hu zhang cao	Brooklet Anemone	Viridiplantae
CHP01559	虎掌草叶		hu zhang cao ye	Anemone rivularis	Viridiplantae
CHP01560	虎杖	虎杖叶	hu zhang	Rhizoma Polygoni Cuspidati	Viridiplantae
CHP01561	花椒	山花椒|川椒|青花椒	hua jiao	Pericarpium Zanthoxyli	Viridiplantae
CHP01562	花椒根		hua jiao gen	Bunge Pricklyash Root	Viridiplantae
CHP01563	花椒簕		hua jiao le	Cuspidate Pricklyash	Viridiplantae
CHP01564	花椒叶		hua jiao ye	Zanthoxylum bungeanum	Viridiplantae
CHP01565	花脸细辛		hua lian xi xin	Asarum splendens	Viridiplantae
CHP01566	花锚		hua mao	Corniculate Spurgentian	Viridiplantae
CHP01567	花木通	西藏花木通	hua mu tong	Clematis pseudopogonandra	Viridiplantae
CHP01568	花楸		hua qiu	Sorbus aucuparia	Viridiplantae
CHP01569	花生衣		hua sheng yi	Testa Arachidis Hypogaeae	Viridiplantae
CHP01570	花生油		hua sheng you	Arachis hypogaea L.	Viridiplantae
CHP01571	花唐松草	瓣蕊唐松草	hua tang song cao	Filamentary Meadowrue	Viridiplantae
CHP01572	花血藤		hua xue teng	Schisandra glaucescens	Viridiplantae
CHP01573	花叶假杜鹃		hua ye jia du juan	Barleria lupulina	Viridiplantae
CHP01574	花叶九节木		hua ye jiu jie mu	Psychotria siamica	Viridiplantae
CHP01575	花叶秋海棠		hua ye qiu hai tang	Begonia cathayana	Viridiplantae
CHP01576	花叶竹芋		hua ye zhu yu	Maranta bicolor	Viridiplantae
CHP01577	花叶子	千灵丹	hua ye zi	Paphiopedilum parishii	Viridiplantae
CHP01578	华北白前		hua bei bai qian	Hancock Swallowwort	Viridiplantae
CHP01579	华东瘤足蕨		hua dong liu zu jue	Plagiogyria japonica	Viridiplantae
CHP01580	华东膜蕨		hua dong mo jue	Barbate Filmy Fern	Viridiplantae
CHP01581	华东木蓝		hua dong mu lan	Indigofera fortunei	Viridiplantae
CHP01582	华东阴地蕨	西南小阴地蕨	hua dong yin di jue	Sceptridium daucifolium	Viridiplantae
CHP01583	华鹅耳枥	小果千金榆	hua e er li	Carpinus cordata	Viridiplantae
CHP01584	华风车子		hua feng che zi	Combretum alfredii	Viridiplantae
CHP01585	华风车子根		hua feng che zi gen	Combretum alfredii	Viridiplantae
CHP01586	华凤仙	水凤仙	hua feng xian	Impatiens chinensis	Viridiplantae
CHP01587	华萝藦		hua luo mo	Metaplexis hemsleyana	Viridiplantae
CHP01588	华南胡椒		hua nan hu jiao	Piper austrosinense	Viridiplantae
CHP01589	华南鳞盖蕨		hua nan lin gai jue	Microlepia hancei	Viridiplantae
CHP01590	华南毛蕨	华南实蕨	hua nan mao jue	Christella parasitica	Viridiplantae
CHP01591	华南舌蕨		hua nan she jue	Elaphoglossum yoshinagae	Viridiplantae
CHP01592	华南铁角蕨		hua nan tie jiao jue	Asplenium austrochinense	Viridiplantae
CHP01593	华南吴茱萸		hua nan wu zhu yu	South China Evodia	Viridiplantae
CHP01594	华南皂荚		hua nan zao jia	South China Honeyloeust	Viridiplantae
CHP01595	华南紫萁		hua nan zi qi	Plenasium vachellii	Viridiplantae
CHP01596	华千金藤	金不换|汝兰	hua qian jin teng	root of Chinese Stephania	Viridiplantae
CHP01597	华清香藤		hua qing xiang teng	Jasminum sinense	Viridiplantae
CHP01598	华桑		hua sang	Chinese Mulberry	Viridiplantae
CHP01599	华山参		hua shan can	Physochlaie Radix	Viridiplantae
CHP01600	华山矾		hua shan fan	Chinese Sweetleaf	Viridiplantae
CHP01601	华山矾根		hua shan fan gen	Symplocos chinensis	Viridiplantae
CHP01602	华西小石积	黑果	hua xi xiao shi ji	Osteomeles schwerinae	Viridiplantae
CHP01603	华泽兰	广东土牛膝	hua ze lan	Chinese Eupatorium	Viridiplantae
CHP01604	华中瘤足蕨		hua zhong liu zu jue	Fine-nerved Plagiogyria	Viridiplantae
CHP01605	华紫报春花		hua zi bao chun hua	Primula chionantha	Viridiplantae
CHP01606	铧尖草		hua jian cao	Viola inconspicua	Viridiplantae
CHP01607	铧头草		hua tou cao	Viola betonicifolia	Viridiplantae
CHP01608	化橘红	化州橘红	hua ju hong	Pummelo Peel	Viridiplantae
CHP01609	化香树		hua xiang shu	Platycarya strobilacea	Viridiplantae
CHP01610	化香树果		hua xiang shu guo	Fructus Platycaryae Strobilaceae	Viridiplantae
CHP01611	化香树叶		hua xiang shu ye	Dyetree Leaf	Viridiplantae
CHP01612	化药		hua yao	Cyrtomium macrophyllum	Viridiplantae
CHP01613	画眉草		hua mei cao	Eragrostis pilosa	Viridiplantae
CHP01614	桦树皮	桦木皮	hua shu pi	Betula platyphylla	Viridiplantae
CHP01615	桦树液		hua shu ye	Sucus Betulae platyphyllae	Viridiplantae
CHP01616	桦树汁		hua shu zhi	Betula platyphylla	Viridiplantae
CHP01617	桦叶荚蒾		hua ye jia mi	Viburnum betulifolium	Viridiplantae
CHP01618	桦叶葡萄根皮		hua ye pu tao gen pi	Vitis betulifolia	Viridiplantae
CHP01619	淮通		huai tong	Moupin Dutchmanspipe	Viridiplantae
CHP01620	槐		huai	Japanese Pagodatree	Viridiplantae
CHP01621	槐白皮		huai bai pi	Styphnolobium japonicum	Viridiplantae
CHP01622	槐根		huai gen	Sophora japonica	Viridiplantae
CHP01623	槐花		huai hua	Flos Sophorae	Viridiplantae
CHP01624	槐胶		huai jiao	Sophora japonica	Viridiplantae
CHP01625	槐角	蜜槐角	huai jiao	Fructus Sophorae	Viridiplantae
CHP01626	槐米		huai mi	Flos Sophorae Immaturus	Viridiplantae
CHP01627	槐叶		huai ye	Folium Sophorae japoniae	Viridiplantae
CHP01628	槐枝	鲜槐枝	huai zhi	Styphnolobium japonicum	Viridiplantae
CHP01629	换锦花		huan jin hua	Lycoris sprengeri	Viridiplantae
CHP01630	黄柏	台湾黄檗|黄皮树|盐黄柏|川黄柏	huang bai	Phellodendron bark	Viridiplantae
CHP01631	黄背草		huang bei cao	Themeda triandra	Viridiplantae
CHP01632	黄背草根		huang bei cao gen	Themeda triandra	Viridiplantae
CHP01633	黄背草果		huang bei cao guo	Themeda triandra	Viridiplantae
CHP01634	黄背草苗		huang bei cao miao	Themeda triandra	Viridiplantae
CHP01635	黄藨根	黄锁梅根	huang biao gen	Rubus ellipticus	Viridiplantae
CHP01636	黄藨叶		huang biao ye	Rubus ellipticus	Viridiplantae
CHP01637	黄草乌		huang cao wu	Aconitum vilmorinianum	Viridiplantae
CHP01638	黄茶根	岩枣树|女儿茶	huang cha gen	Rhamnus heterophylla	Viridiplantae
CHP01639	黄刺皮		huang ci pi	Berberis kansuensis	Viridiplantae
CHP01640	黄独零余子		huang du ling yu zi	Dioscorea bulbifera	Viridiplantae
CHP01641	黄甘草		huang gan cao	Yellow Licorice	Viridiplantae
CHP01642	黄藁本		huang gao ben	Sinodielsia yunnanensis	Viridiplantae
CHP01643	黄根		huang gen	Prismatomeris tetrandra	Viridiplantae
CHP01644	黄瓜		huang gua	Cucumber;Leptopeel Cucumber	Viridiplantae
CHP01645	黄瓜根		huang gua gen	Radix Cucumidis sativi	Viridiplantae
CHP01646	黄瓜霜		huang gua shuang	Cucumis sativus	Viridiplantae
CHP01647	黄瓜藤		huang gua teng	Caulis Cucumidis sativi	Viridiplantae
CHP01648	黄瓜叶		huang gua ye	Folium Cucumidis sativi	Viridiplantae
CHP01649	黄花补血草		huang hua bu xue cao	Limonium aureum	Viridiplantae
CHP01650	黄花菜	黄花油精|黄花|金针菜	huang hua cai	Citron Daylily	Viridiplantae
CHP01651	黄花菜子		huang hua cai zi	Corynandra viscosa	Viridiplantae
CHP01652	黄花倒水莲		huang hua dao shui lian	Polygala fallax	Viridiplantae
CHP01653	黄花地锦苗		huang hua di jin miao	Corydalis balansae	Viridiplantae
CHP01654	黄花地桃花		huang hua di tao hua	Triumfetta rhomboidea	Viridiplantae
CHP01655	黄花独蒜		huang hua du suan	Spathoglottis pubescens	Viridiplantae
CHP01656	黄花夹竹桃		huang hua jia zhu tao	Yellow Oleander	Viridiplantae
CHP01657	黄花夹竹桃叶		huang hua jia zhu tao ye	Thevetia peruviana	Viridiplantae
CHP01658	黄花绿绒蒿		huang hua lv rong hao	Cathcartia chelidoniifolia	Viridiplantae
CHP01659	黄花母		huang hua mu	Sida rhombifolia	Viridiplantae
CHP01660	黄花母根		huang hua mu gen	Sida rhombifolia	Viridiplantae
CHP01661	黄花蔷薇		huang hua qiang wei	Rosa setipoda	Viridiplantae
CHP01662	黄花忍冬		huang hua ren dong	Lonicera chrysantha	Viridiplantae
CHP01663	黄花稔		huang hua ren	Acute Sida	Viridiplantae
CHP01664	黄花鼠尾草		huang hua shu wei cao	Yellowflower Sage	Viridiplantae
CHP01665	黄花铁线莲	铁线透骨草	huang hua tie xian lian	Clematis intricata	Viridiplantae
CHP01666	黄花香		huang hua xiang	Hypericum beanii	Viridiplantae
CHP01667	黄花香薷		huang hua xiang ru	Elsholtzia eriostachya	Viridiplantae
CHP01668	黄花鸢尾		huang hua yuan wei	Iris wilsonii	Viridiplantae
CHP01669	黄花远志		huang hua yuan zhi	Yellowflower Milkwort	Viridiplantae
CHP01670	黄花獐牙菜		huang hua zhang ya cai	Swertia kingii	Viridiplantae
CHP01671	黄花紫堇		huang hua zi jin	Corydalis mucronifera	Viridiplantae
CHP01672	黄接骨丹		huang jie gu dan	Gypsophila	Viridiplantae
CHP01673	黄金凤		huang jin feng	Incurvedspur Snapweed	Viridiplantae
CHP01674	黄金钱		huang jin qian	Tripterospermum nienkui	Viridiplantae
CHP01675	黄堇	小花黄堇	huang jin	Tenuous Corydalis	Viridiplantae
CHP01676	黄荆	黄荆油|牡荆油|山牡荆|牡荆	huang jing	Vitex negundo	Viridiplantae
CHP01677	黄荆根	牡荆根	huang jing gen	Negundo Chastetree Root	Viridiplantae
CHP01678	黄荆沥		huang jing li	Vitex negundo	Viridiplantae
CHP01679	黄荆叶	牡荆叶	huang jing ye	Negundo Chastetree Leaf	Viridiplantae
CHP01680	黄荆枝		huang jing zhi	Rhizoma Polygonati	Viridiplantae
CHP01681	黄荆子	牡荆子	huang jing zi	Vitex negundo	Viridiplantae
CHP01682	黄精	多花黄精|滇黄精|酒黄精	huang jing	Rhizome of Fragrant Solomonseal	Viridiplantae
CHP01683	黄精叶钩吻		huang jing ye gou wen	Japanese Croomia	Viridiplantae
CHP01684	黄桷根	雀榕根	huang jue gen	Ficus virens	Viridiplantae
CHP01685	黄桷浆		huang jue jiang	Ficus virens	Viridiplantae
CHP01686	黄桷树根疙瘩		huang jue shu gen ge da	Ficus virens	Viridiplantae
CHP01687	黄桷叶	雀榕叶	huang jue ye	Ficus virens	Viridiplantae
CHP01688	黄开口		huang kai kou	Lysimachia klattiana	Viridiplantae
CHP01689	黄葵		huang kui	Musk-mallow	Viridiplantae
CHP01690	黄连	黄莲|萸黄连|峨嵋野黄连|云南黄连|三角叶黄连	huang lian	rhizome of Chinese Goldthread	Viridiplantae
CHP01691	黄连花		huang lian hua	Lysimachia davurica	Viridiplantae
CHP01692	黄楝树		huang lian shu	Pistacia chinensis	Viridiplantae
CHP01693	黄龙胆		huang long dan	Yellow Gentian	Viridiplantae
CHP01694	黄龙藤		huang long teng	Schisandra propinqua	Viridiplantae
CHP01695	黄栌		huang lu	Common Smoketree	Viridiplantae
CHP01696	黄栌根		huang lu gen	Cotinus coggygria	Viridiplantae
CHP01697	黄栌枝叶		huang lu zhi ye	Common Smoketree Branch-leaf	Viridiplantae
CHP01698	黄麻		huang ma	Corchorus capsularis	Viridiplantae
CHP01699	黄麻根		huang ma gen	Corchorus capsularis	Viridiplantae
CHP01700	黄麻梗虫		huang ma geng chong	Corchorus capsularis	Viridiplantae
CHP01701	黄麻灰		huang ma hui	Corchorus capsularis	Viridiplantae
CHP01702	黄麻叶		huang ma ye	Corchorus capsularis	Viridiplantae
CHP01703	黄麻子		huang ma zi	Roundpod Jute Seed	Viridiplantae
CHP01704	黄毛耳草		huang mao er cao	Exallage chrysotricha	Viridiplantae
CHP01705	黄毛榕		huang mao rong	Ficus fulva	Viridiplantae
CHP01706	黄毛岩白菜		huang mao yan bai cai	Oreocharis henryana	Viridiplantae
CHP01707	黄茅		huang mao	Heteropogon contortus	Viridiplantae
CHP01708	黄缅桂		huang mian gui	Champac Michelia	Viridiplantae
CHP01709	黄缅桂果		huang mian gui guo	Magnolia champaca	Viridiplantae
CHP01710	黄牛茶		huang niu cha	Cratoxylum cochinchinense	Viridiplantae
CHP01711	黄皮		huang pi	Cornus oblonga	Viridiplantae
CHP01712	黄皮根		huang pi gen	Chinese Wampee Root	Viridiplantae
CHP01713	黄皮果		huang pi guo	Clausena lansium	Viridiplantae
CHP01714	黄皮果核		huang pi guo he	Clausena lansium	Viridiplantae
CHP01715	黄皮树皮		huang pi shu pi	Clausena lansium	Viridiplantae
CHP01716	黄皮叶		huang pi ye	Chinese Wampee Leaf	Viridiplantae
CHP01717	黄芪	蒙古黄芪|膜荚黄芪|沙苑子|生黄芪|白芪|炙黄芪|蜜黄芪|蜜芪|黄耆		huang qi	root of Membranous Milkvetch	Viridiplantae
CHP01718	黄芪茎叶	黄耆茎叶	huang qi	Astragalus membranaceus	Viridiplantae
CHP01719	黄杞		huang qi	Ｒoxburgh Engelhardtia Root	Viridiplantae
CHP01720	黄杞皮		huang qi pi	Engelhardia roxburghiana	Viridiplantae
CHP01721	黄杞叶		huang qi ye	Engelhardia roxburghiana	Viridiplantae
CHP01722	黄茄花		huang jia hua	Abelmoschus crinitus	Viridiplantae
CHP01723	黄芩	黄苓|黄芩甙|酒黄芩|酒黄苓|西南黄芩	huang qin	root of Baikal skullcap	Viridiplantae
CHP01724	黄秦艽		huang qin jiao	Baillon Veratrilla	Viridiplantae
CHP01725	黄稔根		huang ren gen	Pseudodissochaeta septentrionalis	Viridiplantae
CHP01726	黄瑞木		huang rui mu	Adinandra millettii	Viridiplantae
CHP01727	黄三七		huang san qi	Common Souliea	Viridiplantae
CHP01728	黄山药		huang shan yao	Yellow Yam	Viridiplantae
CHP01729	黄鳝藤		huang shan teng	Berchemia floribunda	Viridiplantae
CHP01730	黄鳝藤根		huang shan teng gen	Berchemia lineata	Viridiplantae
CHP01731	黄蜀葵	黄蜀葵茎	huang shu kui	Abelmoschus manihot	Viridiplantae
CHP01732	黄蜀葵根		huang shu kui gen	Abelmoschus manihot	Viridiplantae
CHP01733	黄蜀葵花		huang shu kui hua	Setose Abelmoschus	Viridiplantae
CHP01734	黄蜀葵叶		huang shu kui ye	Abelmoschus manihot	Viridiplantae
CHP01735	黄蜀葵子		huang shu kui zi	Abelmoschus manihot	Viridiplantae
CHP01736	黄鼠狼		huang shu lang	Botrychium virginianum	Viridiplantae
CHP01737	黄水茄		huang shui jia	Greywhite  Nightshade*	Viridiplantae
CHP01738	黄藤	大黄藤	huang teng	Fibraurea recisa	Viridiplantae
CHP01739	黄菀	林荫千里光|印度獐牙菜	huang wan	Shady Groundsel	Viridiplantae
CHP01740	黄心果	云南山竹子	huang xin guo	Garcinia cowa	Viridiplantae
CHP01741	黄杨	山黄杨子	huang yang	Buxus sinica	Viridiplantae
CHP01742	黄杨根		huang yang gen	Buxus sinica	Viridiplantae
CHP01743	黄杨木		huang yang mu	Buxus sinica	Viridiplantae
CHP01744	黄杨叶		huang yang ye	Buxus sinica	Viridiplantae
CHP01745	黄药子		huang yao zi	rhizome of Airpotato Yam	Viridiplantae
CHP01746	黄缨菊		huang ying ju	Xanthopappus subacaulis	Viridiplantae
CHP01747	黄珠子草		huang zhu zi cao	Cathetus virgatus	Viridiplantae
CHP01748	黄紫堇		huang zi jin	Ochotsk Corydalis;Yellow Corydalis	Viridiplantae
CHP01749	灰绿黄堇	黄草花	hui lv huang jin	Greyish-Green Corydalis	Viridiplantae
CHP01750	灰叶	毒灰毛豆	hui ye	Purple Tephrosia	Viridiplantae
CHP01751	灰叶根		hui ye gen	Purple Tephrosia Root	Viridiplantae
CHP01752	灰叶南蛇藤		hui ye nan she teng	Celastrus glaucophyllus	Viridiplantae
CHP01753	回回豆		hui hui dou	Gram Chickpea	Viridiplantae
CHP01754	回回蒜		hui hui suan	Ranunculus chinensis	Viridiplantae
CHP01755	回回蒜果		hui hui suan guo	Ranunculus chinensis	Viridiplantae
CHP01756	茴芹		hui qin	Pimpinella anisum Linn;Anise	Viridiplantae
CHP01757	茴香	小茴香|小茴香油|盐小茴香|茴香油	hui xiang	Fennel fruit	Viridiplantae
CHP01758	茴香根		hui xiang gen	Fennel Root	Viridiplantae
CHP01759	茴香茎叶		hui xiang jing ye	Fennel Stem and Leaf	Viridiplantae
CHP01760	昏鸡头		hun ji tou	Cyrtomium fortunei	Viridiplantae
CHP01761	活血连	墨七	huo xue lian	Aconitum scaposum	Viridiplantae
CHP01762	火棘	红子根|赤阳子	huo ji	Pyracantha fortuneana	Viridiplantae
CHP01763	火索麻		huo suo ma	Tortedfruit Screwtree	Viridiplantae
CHP01764	火炭母草	胖根藤|晕药|小红人|野辣蓼	huo tan mu cao	Chinese Knotweed	Viridiplantae
CHP01765	火炭母草根		huo tan mu cao gen	Persicaria chinensis	Viridiplantae
CHP01766	火焰草		huo yan cao	Sedum stellariifolium	Viridiplantae
CHP01767	火焰花	焰爵床	huo yan hua	Curvedflower Phlogacanthus	Viridiplantae
CHP01768	火焰兰		huo yan lan	Renanthera coccinea	Viridiplantae
CHP01769	火焰子		huo yan zi	Aconitum sungpanense	Viridiplantae
CHP01770	火殃簕		huo yang le	Euphorbia antiquorum	Viridiplantae
CHP01771	藿香	广藿香|广藿香挥发油|广藿香叶|广藿香油|土藿香|广霍香	huo xiang	Herba Agastachis	Viridiplantae
CHP01772	藿香露		huo xiang lu	Agastache rugosa	Viridiplantae
CHP01773	鸡肠狼毒		ji chang lang du	Leafy Euphorbia	Viridiplantae
CHP01774	鸡蛋参		ji dan can	Convolvulate Asiabell	Viridiplantae
CHP01775	鸡蛋果		ji dan guo	Passionfruit	Viridiplantae
CHP01776	鸡蛋花		ji dan hua	Frangipani	Viridiplantae
CHP01777	鸡蛋七叶		ji dan qi ye	Panax zingiberensis	Viridiplantae
CHP01778	鸡肝散		ji gan san	Elsholtzia blanda	Viridiplantae
CHP01779	鸡公柴		ji gong chai	Viburnum setigerum	Viridiplantae
CHP01780	鸡骨草		ji gu cao	Canton Love-pea Vine	Viridiplantae
CHP01781	鸡骨柴	云南双盾木	ji gu chai	Dipelta yunnanensis	Viridiplantae
CHP01782	鸡骨柴叶		ji gu chai ye	Elsholtzia fruticosa	Viridiplantae
CHP01783	鸡骨常山	红辣树根|滇鸡骨常山	ji gu chang shan	Alstonia yunnanensis	Viridiplantae
CHP01784	鸡骨香		ji gu xiang	Croton crassifolius	Viridiplantae
CHP01785	鸡冠草	二裂叶委陵菜	ji guan cao	Sibbaldianthe bifurca	Viridiplantae
CHP01786	鸡冠花		ji guan hua	Cockscomb flower	Viridiplantae
CHP01787	鸡冠苗		ji guan miao	herb Celosiae cristatae	Viridiplantae
CHP01788	鸡冠子		ji guan zi	Common Cockscomb Seed	Viridiplantae
CHP01789	鸡脚刺	小檗根|土黄连	ji jiao ci	Berberis julianae	Viridiplantae
CHP01790	鸡脚莲		ji jiao lian	Angiopteris somae	Viridiplantae
CHP01791	鸡肉参		ji rou can	Incarvillea delavayi	Viridiplantae
CHP01792	鸡桑根	小叶桑根	ji sang gen	Morus australis	Viridiplantae
CHP01793	鸡桑叶		ji sang ye	Morus australis	Viridiplantae
CHP01794	鸡屎树		ji shi shu	Lasianthus chinensis	Viridiplantae
CHP01795	鸡屎藤	鸡矢藤	ji shi teng	Paederiae Scandentis Herba	Viridiplantae
CHP01796	鸡屎藤果		ji shi teng guo	Fevervine Fruit	Viridiplantae
CHP01797	鸡嗉子		ji su zi	Evergreen Dogwood	Viridiplantae
CHP01798	鸡血李		ji xue li	Prunus simonii	Viridiplantae
CHP01799	鸡血莲		ji xue lian	Pronephrium penangianum	Viridiplantae
CHP01800	鸡血七		ji xue qi	Polygonum amplexicaule	Viridiplantae
CHP01801	鸡血藤		ji xue teng	Suberect Spatholobus Stem	Viridiplantae
CHP01802	鸡眼草		ji yan cao	Striate kummerowia	Viridiplantae
CHP01803	鸡爪参		ji zhao can	Streptopus obtusatus	Viridiplantae
CHP01804	鸡爪草		ji zhao cao	Trollius yunnanensis	Viridiplantae
CHP01805	鸡爪簕		ji zhao le	Randia sinensis	Viridiplantae
CHP01806	鸡爪槭		ji zhao qi	Acer palmatum	Viridiplantae
CHP01807	鸡爪芹		ji zhao qin	Sanicula rubriflora	Viridiplantae
CHP01808	鸡爪乌		ji zhao wu	Delphinium tatsienense	Viridiplantae
CHP01809	积雪草		ji xue cao	Asiatic Pennywort Herb	Viridiplantae
CHP01810	姬蕨		ji jue	Punctate Flakelet Fern	Viridiplantae
CHP01811	吉林乌头		ji lin wu tou	Kirin Monkshood	Viridiplantae
CHP01812	吉龙草		ji long cao	Elsholtzia communis	Viridiplantae
CHP01813	吉祥草		ji xiang cao	Pink Reineckea	Viridiplantae
CHP01814	极美云实		ji mei yun shi	Prettiest Caesalpinia	Viridiplantae
CHP01815	棘豆	多叶棘豆	ji dou	Oxytropis myriophylla	Viridiplantae
CHP01816	棘豆根	薄叶棘豆	ji dou gen	Oxytropis leptophylla	Viridiplantae
CHP01817	棘针	枣树针	ji zhen	Spina Ziziphi jujubae	Viridiplantae
CHP01818	蒺藜	刺蒺藜|白蒺藜	ji li	Fructus Tribuli	Viridiplantae
CHP01819	蒺藜根		ji li gen	Puncturevine Caltrap Root	Viridiplantae
CHP01820	蒺藜花		ji li hua	Tribulus terrestris	Viridiplantae
CHP01821	蒺藜苗		ji li miao	Puncturevine Caltrap Shoot	Viridiplantae
CHP01822	蕺叶秋海棠		ji ye qiu hai tang	Limpricht Begonia	Viridiplantae
CHP01823	戟叶瓦韦	戟叶石韦	ji ye wa wei	Lepisorus waltonii	Viridiplantae
CHP01824	荠菜		ji cai	all-grass of Shepherdspurse	Viridiplantae
CHP01825	荠苨		ji ni	Adenophora remotiflora	Viridiplantae
CHP01826	荠苨苗		ji ni miao	Adenophora trachelioides	Viridiplantae
CHP01827	寄生黄		ji sheng huang	Balanophora involucrata	Viridiplantae
CHP01828	寄生藤		ji sheng teng	Dendrotrophe frutescens	Viridiplantae
CHP01829	蓟罂粟		ji ying su	Mexican Pricklepoppy	Viridiplantae
CHP01830	鲫鱼胆草		ji yu dan cao	Oldenlandia auricularia	Viridiplantae
CHP01831	檵花根		ji hua gen	Loropetalum chinense	Viridiplantae
CHP01832	檵木根		ji mu gen	Loropetalum chinense	Viridiplantae
CHP01833	檵木叶	檵花叶	ji mu ye	Loropetalum chinense	Viridiplantae
CHP01834	夹竹桃		jia zhu tao	Sweetscented Oleander	Viridiplantae
CHP01835	家独行菜		jia du xing cai	Garden Cress	Viridiplantae
CHP01836	荚蒾		jia mi	Linden Viburnum	Viridiplantae
CHP01837	荚蒾根		jia mi gen	Viburnum dilatatum	Viridiplantae
CHP01838	荚蒾子		jia mi zi	Viburnum dilatatum	Viridiplantae
CHP01839	荚囊蕨		jia nang jue	Cleistoblechnum eburneum	Viridiplantae
CHP01840	假百合	太白米	jia bai he	Hyacinth Falselily	Viridiplantae
CHP01841	假菠菜		jia bo cai	Rumex maritimus	Viridiplantae
CHP01842	假黄皮		jia huang pi	Clausena excavata	Viridiplantae
CHP01843	假蒟根		jia ju gen	Piper sarmentosum	Viridiplantae
CHP01844	假蒟果穗		jia ju guo sui	Piper sarmentosum	Viridiplantae
CHP01845	假蒟叶		jia ju ye	Piper sarmentosum	Viridiplantae
CHP01846	假蒟子		jia ju zi	Sarmentose Pepper Spike	Viridiplantae
CHP01847	假连翘		jia lian qiao	Creeping Skyflower	Viridiplantae
CHP01848	假酸浆子		jia suan jiang zi	Nicandra physalodes	Viridiplantae
CHP01849	假细锥香茶菜		jia xi zhui xiang cha cai	Falselittleconical Rabdosia	Viridiplantae
CHP01850	假芫茜		jia yan qian	Eryngium foetidum	Viridiplantae
CHP01851	尖距紫堇		jian ju zi jin	Sharpspur Corydalis	Viridiplantae
CHP01852	柬埔寨古柯		jian pu zhai gu ke	Cambodia Coca Shrub*	Viridiplantae
CHP01853	剪秋罗		jian qiu luo	Silene senno	Viridiplantae
CHP01854	剪夏萝		jian xia luo	Lychnis coronata	Viridiplantae
CHP01855	碱地马蔺		jian di ma lin	Iris halophila	Viridiplantae
CHP01856	见血飞	散血飞	jian xue fei	Trifoliate Acanthopanax	Viridiplantae
CHP01857	见血封喉树		jian xue feng hou shu	Antiaris toxicaria	Viridiplantae
CHP01858	见血清		jian xue qing	Liparis nervosa	Viridiplantae
CHP01859	建兰根		jian lan gen	Cymbidium ensifolium	Viridiplantae
CHP01860	建兰花		jian lan hua	Cymbidium ensifolium	Viridiplantae
CHP01861	建兰叶		jian lan ye	cymbidium ensifolium	Viridiplantae
CHP01862	剑花		jian hua	Selenicereus undatus	Viridiplantae
CHP01863	茳芒决明		jiang mang jue ming	Senna sophera	Viridiplantae
CHP01864	姜黄		jiang huang	rhizome of Common Turmeric	Viridiplantae
CHP01865	姜皮		jiang pi	Ginger peel	Viridiplantae
CHP01866	姜炭		jiang tan	Zingiber officinale	Viridiplantae
CHP01867	姜叶		jiang ye	Caulis et Folium Zingiberis officinali	Viridiplantae
CHP01868	浆果苋	九层风	jiang guo xian	Frutescent Cladostachys	Viridiplantae
CHP01869	浆水		jiang shui	Oryza sativa	Viridiplantae
CHP01870	降龙草		xiang long cao	Hemiboea subcapitata	Viridiplantae
CHP01871	降香	降香油|降真香	jiang xiang	Lignum Dalbergiae Odoriferae	Viridiplantae
CHP01872	绛梨木根		jiang li mu gen	Rhamnus leptophylla	Viridiplantae
CHP01873	绛梨木子		jiang li mu zi	Rhamnus leptophylla	Viridiplantae
CHP01874	交剪草		jiao jian cao	Xyris pauciflora	Viridiplantae
CHP01875	茭白		jiao bai	Zizania caduciflora	Viridiplantae
CHP01876	胶质鼠尾草		jiao zhi shu wei cao	Sticky Clary	Viridiplantae
CHP01877	椒蒿		jiao hao	Artemisia dracunculus	Viridiplantae
CHP01878	椒目		jiao mu	Semen Zanthoxyli	Viridiplantae
CHP01879	焦槟榔		jiao bing lang	Charred areca seed	Viridiplantae
CHP01880	焦栀子		jiao zhi zi	Gummy Gardenia	Viridiplantae
CHP01881	角翅卫矛		jiao chi wei mao	Euonymus cornutus	Viridiplantae
CHP01882	角翅卫矛根		jiao chi wei mao gen	Euonymus cornutus	Viridiplantae
CHP01883	角翅卫矛果		jiao chi wei mao guo	Euonymus cornutus	Viridiplantae
CHP01884	角蒿		jiao hao	Chinese Incarvillea	Viridiplantae
CHP01885	角茴香		jiao hui xiang	Hypecoum erectum	Viridiplantae
CHP01886	绞股蓝	七叶胆	jiao gu lan	Gynostemmae Pentaphylli Herba	Viridiplantae
CHP01887	接骨草		jie gu cao	Mimosa pudica	Viridiplantae
CHP01888	接骨丹		jie gu dan	Torricellia tiliifolia	Viridiplantae
CHP01889	接骨木		jie gu mu	Elder Equivalent plant: Sambucus nigra	Viridiplantae
CHP01890	接骨木根		jie gu mu gen	Sambucus williamsii	Viridiplantae
CHP01891	接骨木花		jie gu mu hua	Sambucus williamsii	Viridiplantae
CHP01892	接骨木叶		jie gu mu ye	Sambucus williamsii	Viridiplantae
CHP01893	节节草	土木贼|驳骨草	jie jie cao	Equisetum ramosissimum	Viridiplantae
CHP01894	节节茶		jie jie cha	Chloranthus officinalis	Viridiplantae
CHP01895	结香花	梦花	jie xiang hua	Edgeworthia chrysantha	Viridiplantae
CHP01896	芥菜	陈芥菜卤汁	jie cai	India Mustard	Viridiplantae
CHP01897	芥蓝	甘蓝	gai lan	Brassica oleracea	Viridiplantae
CHP01898	芥子		jie zi	Semen Sinapis	Viridiplantae
CHP01899	金棒锤		jin bang chui	Potentilla reptans	Viridiplantae
CHP01900	金背枇杷花		jin bei pi pa hua	Rhododendron przewalskii	Viridiplantae
CHP01901	金背枇杷叶		jin bei pi pa ye	Rhododendron przewalskii	Viridiplantae
CHP01902	金边兔耳草		jin bian tu er cao	Ainsliaea fragrans	Viridiplantae
CHP01903	金草		jin cao	Acuteangle Hedyotis	Viridiplantae
CHP01904	金钗		jin chai	Gaultheria leucocarpa	Viridiplantae
CHP01905	金钗凤尾蕨		jin chai feng wei jue	Faurie’s Brake	Viridiplantae
CHP01906	金钗石斛		jin chai shi hu	Dendrobium nobile	Viridiplantae
CHP01907	金粉蕨	小野鸡尾	jin fen jue	Siliculose Onychium	Viridiplantae
CHP01908	金钩如意草		jin gou ru yi cao	Corydalis taliensis	Viridiplantae
CHP01909	金冠鳞毛蕨		jin guan lin mao jue	Goldencoma Shield Fern	Viridiplantae
CHP01910	金光菊		jin guang ju	Cutleaf Coneflower	Viridiplantae
CHP01911	金果榄		jin guo lan	Tinosporae Radix	Viridiplantae
CHP01912	金合欢		jin he huan	Vachellia farnesiana	Viridiplantae
CHP01913	金花茶花		jin hua cha hua	Camellia petelotii	Viridiplantae
CHP01914	金花茶叶	大叶金花茶叶	jin hua cha ye	Camellia petelotii	Viridiplantae
CHP01915	金槐		jin huai	Hyptis suaveolens	Viridiplantae
CHP01916	金鸡纳	金鸡勒|粗壮金鸡纳	jin ji na	Ledger Cinchona	Viridiplantae
CHP01917	金剪刀草		jin jian dao cao	Clematis huchouensis	Viridiplantae
CHP01918	金锦香	天香炉|小朝天罐	jin jin xiang	Chinese Osbeckia	Viridiplantae
CHP01919	金橘	金柑	jin ju	Oval Kumquat; Japanese  Kumquat	Viridiplantae
CHP01920	金橘根		jin ju gen	Citrus japonica	Viridiplantae
CHP01921	金橘叶		jin ju ye	Oval Kumquat Leaf	Viridiplantae
CHP01922	金老梅根		jin lao mei gen	Dasiphora fruticosa	Viridiplantae
CHP01923	金莲花		jin lian hua	flower of Chinese Globeflower	Viridiplantae
CHP01924	金露梅	金刚藤头|药王茶	jin lu mei	Dasiphora fruticosa	Viridiplantae
CHP01925	金缕半枫荷		jin lv ban feng he	Semiliquidambar cathayensis	Viridiplantae
CHP01926	金缕半枫荷叶		jin lv ban feng he ye	Semiliquidambar cathayensis	Viridiplantae
CHP01927	金缕梅		jin lv mei	Hamamelis mollis	Viridiplantae
CHP01928	金猫头		jin mao tou	Centranthera grandiflora	Viridiplantae
CHP01929	金礞石	礞石	jin meng shi	Hamamelis mollis	Mineral
CHP01930	金牛草	大金不换|大金牛草	jin niu cao	Polygala glomerata	Viridiplantae
CHP01931	金钱草	大金钱草|穿破石	jin qian cao	Christi Loosestrife	Viridiplantae
CHP01932	金钱松叶		jin qian song ye	Pseudolarix amabilis	Viridiplantae
CHP01933	金荞麦	野荞麦|天荞麦根	jin qiao mai	Wild Buckwheat Rhizome	Viridiplantae
CHP01934	金荞麦茎叶		jin qiao mai jing ye	Fagopyrum dibotrys	Viridiplantae
CHP01935	金雀根		jin que gen	Chinese Peashrub Root	Viridiplantae
CHP01936	金雀花	锦鸡儿	jin que hua	Scotch Broom	Viridiplantae
CHP01937	金狮藤	毛叶小寒药	jin shi teng	Aristolochia kaempferi	Viridiplantae
CHP01938	金石斛		jin shi hu	Dendrobium linawianum	Viridiplantae
CHP01939	金丝草		jin si cao	Pogonatherum crinitum	Viridiplantae
CHP01940	金丝杜仲		jin si du zhong	Euonymus yunnanensis	Viridiplantae
CHP01941	金丝梅		jin si mei	Spreading StJohn’swort	Viridiplantae
CHP01942	金丝桃		jin si tao	Wetland StJohn’swort	Viridiplantae
CHP01943	金丝桃果		jin si tao guo	Hypericum monogynum	Viridiplantae
CHP01944	金丝藤		jin si teng	Jasminum cinnamomifolium	Viridiplantae
CHP01945	金铁锁		jin tie suo	Tuniclike Psammosilene	Viridiplantae
CHP01946	金挖耳		jin wa er	Carpesium divaricatum	Viridiplantae
CHP01947	金线草		jin xian cao	Longtube Ground Ivy	Viridiplantae
CHP01948	金线草根		jin xian cao gen	Persicaria filiformis	Viridiplantae
CHP01949	金线风		jin xian feng	Cyclea hypoglauca	Viridiplantae
CHP01950	金线兰		jin xian lan	Anoectochilus roxburghii	Viridiplantae
CHP01951	金榭榴		jin xie liu	Bredia oldhamii	Viridiplantae
CHP01952	金星蕨		jin xing jue	Cibotium barometz	Viridiplantae
CHP01953	金腰		jin yao	GoIdsaxifrage  Herb ;Alternate-leaved Golden-saxifrage	Viridiplantae
CHP01954	金腰草		jin yao cao	all-grass of Goldsaxifrage	Viridiplantae
CHP01955	金腰箭		jin yao jian	Synedrella nodiflora	Viridiplantae
CHP01956	金腰子		jin yao zi	AIternateIeaf GoIden-saxifrage	Viridiplantae
CHP01957	金叶子		jin ye zi	Yunnan Craibiodendron	Viridiplantae
CHP01958	金银花	山银花|忍冬|黄褐毛忍冬	jin yin hua	Honeysuckle Flower	Viridiplantae
CHP01959	金银花露		jin yin hua lu	Lonicera japonica	Viridiplantae
CHP01960	金银忍冬		jin yin ren dong	Lonicera maackii	Viridiplantae
CHP01961	金樱根		jin ying gen	root of Cherokee Rose	Viridiplantae
CHP01962	金樱花		jin ying hua	Flos Rosae laevigatae	Viridiplantae
CHP01963	金樱叶		jin ying ye	Cherokee Rose Leaf	Viridiplantae
CHP01964	金樱子	金樱子肉	jin ying zi	fruit of Cherokee Rose	Viridiplantae
CHP01965	金鱼藤	上石田螺|螺厣草	jin yu teng	Lemmaphyllum carnosum	Viridiplantae
CHP01966	金盏草		jin zhan cao	Calendula arvensis	Viridiplantae
CHP01967	金盏草根		jin zhan cao gen	Calendula arvensis	Viridiplantae
CHP01968	金盏菊	金盏菊花	jin zhan ju	Potmarigold Calendula	Viridiplantae
CHP01969	金盏菊根		jin zhan ju gen	Calendula officinalis	Viridiplantae
CHP01970	金爪儿		jin zhua er	Lysimachia grammica	Viridiplantae
CHP01971	金钟花		jin zhong hua	Greenstem Forsythia	Viridiplantae
CHP01972	金珠柳		jin zhu liu	Maesa montana	Viridiplantae
CHP01973	筋骨草	白毛夏枯草|夏菇草|缘毛筋骨草	jin gu cao	Ciliate Bugle	Viridiplantae
CHP01974	筋藤		jin teng	Alyxia levinei	Viridiplantae
CHP01975	堇宝莲叶		jin bao lian ye	Syzygium cumini	Viridiplantae
CHP01976	堇叶山梅花		jin ye shan mei hua	Philadelphus tenuifolius	Viridiplantae
CHP01977	锦地罗		jin di luo	Drosera burmannii	Viridiplantae
CHP01978	锦葵		jin kui	Malva cathayensis	Viridiplantae
CHP01979	锦香草	短毛熊巴掌	jin xiang cao	Phyllagathis cavaleriei	Viridiplantae
CHP01980	劲直蒿		jing zhi hao	Artemisia edgeworthii	Viridiplantae
CHP01981	荩草		jin cao	Acuteangle Hedyotis	Viridiplantae
CHP01982	茎花来江藤		jing hua lai jiang teng	Brandisia cauliflora	Viridiplantae
CHP01983	荆芥	荆芥油	jing jie	all-grass of Fineleaf Schizonepeta	Viridiplantae
CHP01984	荆芥根		jing jie gen	Radix Schizomepetae tenuifoliae	Viridiplantae
CHP01985	荆芥穗	荆芥穗油	jing jie sui	Schizonepetae Spica	Viridiplantae
CHP01986	荆芥穗炭		jing jie sui tan	Schizonepeta tenuifolia	Viridiplantae
CHP01987	荆芥炭		jing jie tan	Schizonepeta tenuifolia	Viridiplantae
CHP01988	粳米		jing mi	Oryza Sativa L.	Viridiplantae
CHP01989	井边草	大叶井口边草|井口边草	jing bian cao	Pteris cretica	Viridiplantae
CHP01990	景天		jing tian	Hylotelephium erythrostictum	Viridiplantae
CHP01991	景天花		jing tian hua	Hylotelephium erythrostictum	Viridiplantae
CHP01992	景天三七	横根费菜|景三七|多花景天三七|费菜	jing tian san qi	Herba Sedi Aizoon	Viridiplantae
CHP01993	镜面草		jing mian cao	Pilea peperomioides	Viridiplantae
CHP01994	九翅豆蔻		jiu chi dou kou	Amomum maximum	Viridiplantae
CHP01995	九倒生		jiu dao sheng	Herba Asplenii Variantis	Viridiplantae
CHP01996	九节茶	草珊瑚|肿节风	jiu jie cha	Glabrous sarcandra	Viridiplantae
CHP01997	九节菖蒲		jiu jie chang pu	Anemone altaica	Viridiplantae
CHP01998	九节莲	走游草|小九节铃	jiu jie lian	Tetrastigma obtectum	Viridiplantae
CHP01999	九里香	中华九里香	jiu li xiang	Common jasminorange	Viridiplantae
CHP02000	九里香根		jiu li xiang gen	Murraya paniculata(L.)Jack	Viridiplantae
CHP02001	九龙根		jiu long gen	Bauhinia pyrrhoclada	Viridiplantae
CHP02002	九龙吐珠		jiu long tu zhu	Clerodendrum thomsoniae	Viridiplantae
CHP02003	九头狮子草		jiu tou shi zi cao	Peristrophe japonica	Viridiplantae
CHP02004	九仙草		jiu xian cao	Thesium longifolium	Viridiplantae
CHP02005	九眼独活		jiu yan du huo	Aralia henryi	Viridiplantae
CHP02006	九爪龙		jiu zhao long	Holcoglossum amesianum	Viridiplantae
CHP02007	韭菜	鲜韭菜|韮子|韭子	jiu cai	Tuber Onion	Viridiplantae
CHP02008	韭菜莲	赛番红花	jiu cai lian	Amaryllis minuta	Viridiplantae
CHP02009	韭菜子	盐韭菜籽|盐韭菜子	jiu cai zi	Semen Allii Tuberosi	Viridiplantae
CHP02010	韭根		jiu gen	Radix Et Bulbus Allii Tuberosi	Viridiplantae
CHP02011	酒饼婆		jiu bing po	Uvaria microcarpa	Viridiplantae
CHP02012	酒饼叶		jiu bing ye	Malay Glycosmis	Viridiplantae
CHP02013	酒饼叶根		jiu bing ye gen	Desmos chinensis	Viridiplantae
CHP02014	酒糟		jiu zao	Hordeum vulgare	Viridiplantae
CHP02015	救必应		jiu bi ying	Ovateleaf holly	Viridiplantae
CHP02016	拘那花		ju na hua	Lagerstroemia subcostata	Viridiplantae
CHP02017	桔梗		jie geng	Radix Platycodonis	Viridiplantae
CHP02018	桔梗芦头		jie geng lu tou	Platycodon grandiflorus	Viridiplantae
CHP02019	菊花		ju hua	Flos Chrysanthemi	Viridiplantae
CHP02020	菊花暗消		ju hua an xiao	Aster vestitus	Viridiplantae
CHP02021	菊花根		ju hua gen	Chrysanthemum morifolium	Viridiplantae
CHP02022	菊花叶		ju hua ye	Chrysanthemum morifolium	Viridiplantae
CHP02023	菊苣		ju ju	Herba Cichorii	Viridiplantae
CHP02024	菊苣根		ju ju gen	Cichorium intybus	Viridiplantae
CHP02025	菊芋		ju yu	Jerusalem Artichoke	Viridiplantae
CHP02026	橘白		ju bai	Citrus reticulata	Viridiplantae
CHP02027	橘饼		ju bing	Citrus reticulata	Viridiplantae
CHP02028	橘根		ju gen	Radix Citri reticulatae	Viridiplantae
CHP02029	橘核	盐橘核	ju he	Semen Citri Reticulatae	Viridiplantae
CHP02030	橘红		ju hong	Citri Exocarpium Rubrum	Viridiplantae
CHP02031	橘络		ju luo	Citri Fructus Retinervus	Viridiplantae
CHP02032	橘皮		ju pi	Pericarpium Citri Reticulatae	Viridiplantae
CHP02033	橘叶		ju ye	tangerine leaf	Viridiplantae
CHP02034	橘叶巴戟	海巴戟	ju ye ba ji	Morinda citrifolia	Viridiplantae
CHP02035	橘子	福橘|橘	ju zi	Citrus reticulata	Viridiplantae
CHP02036	蒟酱叶	蒌叶	ju jiang ye	Betel Pepper Leaf	Viridiplantae
CHP02037	蒟蒻薯	箭根薯	ju ruo shu	Tacca chantrieri	Viridiplantae
CHP02038	蒟蒻薯叶		ju ruo shu ye	Tacca chantrieri	Viridiplantae
CHP02039	榉树		ju shu	Zelkova schneideriana	Viridiplantae
CHP02040	榉树皮		ju shu pi	Zelkova schneideriana	Viridiplantae
CHP02041	榉树叶		ju shu ye	Zelkova schneideriana	Viridiplantae
CHP02042	苣荬菜		qu mai cai	all - grass of Field sowthistle	Viridiplantae
CHP02043	具苞水柏枝	翁波	ju bao shui bai zhi	Myricaria bracteata	Viridiplantae
CHP02044	锯齿王		ju chi wang	Carallia diplopetala	Viridiplantae
CHP02045	锯齿王根		ju chi wang gen	Carallia diplopetala	Viridiplantae
CHP02046	聚头蓟	葵花大蓟	ju tou ji	Cirsium souliei	Viridiplantae
CHP02047	聚藻		ju zao	Myriophyllum spicatum	Viridiplantae
CHP02048	卷柏	江南卷柏	juan bai	Herba Selaginellae	Viridiplantae
CHP02049	卷丹		juan dan	Tiger Lily	Viridiplantae
CHP02050	卷毛耳草		juan mao er cao	Hedyotis mellii	Viridiplantae
CHP02051	卷毛婆婆纳		juan mao po po na	Veronica teucrium	Viridiplantae
CHP02052	绢毛菊		juan mao ju	Soroseris gillii	Viridiplantae
CHP02053	绢毛木姜子		juan mao mu jiang zi	Litsea sericea	Viridiplantae
CHP02054	绢毛蔷薇	山刺梨	juan mao qiang wei	Silky Rose	Viridiplantae
CHP02055	决明	小决明|草决明|野花生	jue ming	Senna tora	Viridiplantae
CHP02056	决明子		jue ming zi	Cassia Seed	Viridiplantae
CHP02057	蕨菜	蕨	jue cai	Pteridium aquilinum	Viridiplantae
CHP02058	蕨根		jue gen	Pteridium aquilinum	Viridiplantae
CHP02059	蕨麻		jue ma	Argentina anserina	Viridiplantae
CHP02060	爵床		jue chuang	Creeping rostellularia	Viridiplantae
CHP02061	君迁子		jun qian zi	Dateplum Persimmon	Viridiplantae
CHP02062	咖啡		ka fei	Coffea arabica	Viridiplantae
CHP02063	开口箭		kai kou jian	Chinese Tupistra	Viridiplantae
CHP02064	看麦娘		kan mai niang	Alopecurus aequalis	Viridiplantae
CHP02065	看麦娘状莎草		kan mai niang zhuang suo cao	Foxtail-like Galingale	Viridiplantae
CHP02066	扛板归根		kang ban gui gen	Persicaria perfoliata	Viridiplantae
CHP02067	抗痢鸦胆子		kang li ya dan zi	Antidysenteric Brucea*	Viridiplantae
CHP02068	栲栗	锥栗	kao li	Castanopsis chinensis	Viridiplantae
CHP02069	栲栗果壳		kao li guo ke	Castanopsis chinensis	Viridiplantae
CHP02070	柯榔木		ke lang mu	Colona floribunda	Viridiplantae
CHP02071	柯蒲木	云南蕊木	ke pu mu	Kopsia officinalis	Viridiplantae
CHP02072	柯树皮		ke shu pi	Lithocarpus glaber	Viridiplantae
CHP02073	榼藤	过岗龙	ke teng	Entada phaseoloides	Viridiplantae
CHP02074	榼藤子	榼藤子仁	ke teng zi	CIimbing Entada Seed	Viridiplantae
CHP02075	可爱复叶耳蕨		ke ai fu ye er jue	Arachniodes amabilis	Viridiplantae
CHP02076	可爱花		ke ai hua	Eranthemum pulchellum	Viridiplantae
CHP02077	刻裂紫堇	紫花鱼灯草	ke lie zi jin	Corydalis incisa	Viridiplantae
CHP02078	空桶参		kong tong can	Soroseris hookeriana	Viridiplantae
CHP02079	空筒泡		kong tong pao	Rubus phoenicolasius	Viridiplantae
CHP02080	空心柳		kong xin liu	Spiraea salicifolia	Viridiplantae
CHP02081	空心木	炮仗筒	kong xin mu	Leycesteria formosa	Viridiplantae
CHP02082	孔雀草		kong que cao	French Marigold	Viridiplantae
CHP02083	孔雀尾		kong que wei	Asplenium sarelii	Viridiplantae
CHP02084	苦艾	中亚苦蒿	ku ai	Artemisia absinthium	Viridiplantae
CHP02085	苦芺		ku ao	Chinese Thistle	Viridiplantae
CHP02086	苦白蜡		ku bai la	Eurya impressinervis	Viridiplantae
CHP02087	苦菜		ku cai	Sonchus oleraceus	Viridiplantae
CHP02088	苦菜根		ku cai gen	Sonchus oleraceus	Viridiplantae
CHP02089	苦菜花子		ku cai hua zi	Sonchus oleraceus	Viridiplantae
CHP02090	苦参		ku shen	root of Lightyellow sophora	Viridiplantae
CHP02091	苦参实		ku shen shi	Lightyellow Sophora Seed	Viridiplantae
CHP02092	苦草		ku cao	Eelgrass	Viridiplantae
CHP02093	苦茶叶		ku cha ye	Ligustrum japonicum	Viridiplantae
CHP02094	苦地胆根		ku di dan gen	Elephantopus scaber	Viridiplantae
CHP02095	苦地丁		ku di ding	Herba Corydalis Bungeanae	Viridiplantae
CHP02096	苦碟子	抱茎苦荬菜	ku die zi	Crepidiastrum sonchifolium	Viridiplantae
CHP02097	苦丁	丁萝卜	ku ding	Lactuca formosana	Viridiplantae
CHP02098	苦丁茶	大叶冬青	ku ding cha	Ilicis Cornutae Folium Immayuri	Viridiplantae
CHP02099	苦豆根		ku dou gen	Foxtail-like Sophora Root	Viridiplantae
CHP02100	苦豆子		ku dou zi	Sophora Alopecuroides	Viridiplantae
CHP02101	苦甘草		ku gan cao	Sophora flavescens	Viridiplantae
CHP02102	苦葛根		ku ge gen	Pueraria omeiensis	Viridiplantae
CHP02103	苦葛花		ku ge hua	Pueraria omeiensis	Viridiplantae
CHP02104	苦瓜	金铃子	ku gua	Balsampear	Viridiplantae
CHP02105	苦瓜花		ku gua hua	Momordica charantia	Viridiplantae
CHP02106	苦瓜藤		ku gua teng	Momordica charantia	Viridiplantae
CHP02107	苦瓜叶		ku gua ye	Momordica charantia	Viridiplantae
CHP02108	苦瓜子		ku gua zi	Momordica charantia	Viridiplantae
CHP02109	苦蒿		ku hao	Blin Conyza	Viridiplantae
CHP02110	苦壶卢	陈壶卢瓢|葫芦|壶卢秧|蒲种壳|葫芦壳|胡芦	ku hu lu	Lagenaria siceraria	Viridiplantae
CHP02111	苦壶卢花		ku hu lu hua	Lagenaria siceraria	Viridiplantae
CHP02112	苦壶卢蔓		ku hu lu man	Lagenaria siceraria	Viridiplantae
CHP02113	苦壶卢子	瓠子|壶卢子|瓠子子	ku hu lu zi	Lagenaria siceraria	Viridiplantae
CHP02114	苦苣	山苦荬	ku ju	Dwarf Marigold	Viridiplantae
CHP02115	苦苣根		ku ju gen	Ixeris chinensis	Viridiplantae
CHP02116	苦苣苔		ku ju tai	Conandron ramondioides	Viridiplantae
CHP02117	苦连翘		ku lian qiao	Hypericum choisyanum	Viridiplantae
CHP02118	苦楝花		ku lian hua	Melia azedarach	Viridiplantae
CHP02119	苦楝皮	川楝皮	ku lian pi	Cortex Meliae	Viridiplantae
CHP02120	苦楝实		ku lian shi	Chinaberry-tree Fruit	Viridiplantae
CHP02121	苦楝叶	楝叶	ku lian ye	Chinaberry-tree Leaf	Viridiplantae
CHP02122	苦楝子	川楝|川楝子	ku lian zi	Meliae Azedarach Fructus	Viridiplantae
CHP02123	苦良姜		ku liang jiang	Dioscorea parviflora	Viridiplantae
CHP02124	苦荬菜	野苦荬菜	ku mai cai	Crepidiastrum denticulatum	Viridiplantae
CHP02125	苦木		ku mu	Ramulus et Folium Picrasmae	Viridiplantae
CHP02126	苦木根		ku mu gen	Picrasma quassioides	Viridiplantae
CHP02127	苦木叶		ku mu ye	Picrasma quassioides	Viridiplantae
CHP02128	苦荞头		ku qiao tou	Fagopyrum tataricum	Viridiplantae
CHP02129	苦茄		ku jia	Solanum dulcamara	Viridiplantae
CHP02130	苦绳		ku sheng	Root Of Lightyellow Sophora	Viridiplantae
CHP02131	苦树皮		ku shu pi	Indian Quassiawood Bark;AngIed Bittersweet	Viridiplantae
CHP02132	苦檀叶		ku tan ye	Millettia pachycarpa	Viridiplantae
CHP02133	苦檀子		ku tan zi	Thickfruit Millettia	Viridiplantae
CHP02134	苦糖果		ku tang guo	Lonicera standishii	Viridiplantae
CHP02135	苦天茄		ku tian jia	Solanum aculeatissimum	Viridiplantae
CHP02136	苦天茄叶		ku tian jia ye	Solanum aculeatissimum	Viridiplantae
CHP02137	苦玄参		ku xuan can	Common bitterfigwort	Viridiplantae
CHP02138	苦油木		ku you mu	Aphanamixis grandifolia	Viridiplantae
CHP02139	苦蘵		ku zhi	Downy Groundcherry	Viridiplantae
CHP02140	苦蘵根		ku zhi gen	Physalis angulata	Viridiplantae
CHP02141	苦蘵果实		ku zhi guo shi	Physalis angulata	Viridiplantae
CHP02142	苦竹根		ku zhu gen	Pleioblastus amarus	Viridiplantae
CHP02143	苦竹沥		ku zhu li	Pleioblastus amarus	Viridiplantae
CHP02144	苦竹茹		ku zhu ru	Pleioblastus amarus	Viridiplantae
CHP02145	苦竹笋		ku zhu sun	Pleioblastus amarus	Viridiplantae
CHP02146	苦竹叶		ku zhu ye	Pleioblastus amarus	Viridiplantae
CHP02147	库页悬钩子		ku ye xuan gou zi	Rubus sachalinensis	Viridiplantae
CHP02148	库页悬钩子根		ku ye xuan gou zi gen	Rubus sachalinensis	Viridiplantae
CHP02149	块茎糙苏		kuai jing cao su	Tuberousroot Jerusalemsage	Viridiplantae
CHP02150	宽唇神香草		kuan chun shen xiang cao	Dracocephalum latilabiatum	Viridiplantae
CHP02151	宽筋藤		kuan jin teng	Tinospora sinensis	Viridiplantae
CHP02152	宽尾石韦		kuan wei shi wei	Pyrrosia tonkinensis	Viridiplantae
CHP02153	宽叶返魂草		kuan ye fan hun cao	Jacobaea cannabifolia	Viridiplantae
CHP02154	宽叶紫萁		kuan ye zi qi	Plenasium javanicum	Viridiplantae
CHP02155	款冬花	款花	kuan dong hua	Flos Farfarae	Viridiplantae
CHP02156	穬麦蘖		kuang mai nie	Hordeum vulgare	Viridiplantae
CHP02157	篑草		kui cao	Cyperus malaccensis	Viridiplantae
CHP02158	昆明鸡脚黄连		kun ming ji jiao huang lian	Berberis ferdinandi-coburgii	Viridiplantae
CHP02159	昆明鸡血藤	岩豆藤	kun ming ji xue teng	Diels Millettia	Viridiplantae
CHP02160	昆明堇菜		kun ming jin cai	Viola yunnanensis	Viridiplantae
CHP02161	昆明山海棠	掉毛草|紫金皮	kun ming shan hai tang	Radix Tripterygium Hypoglaucum	Viridiplantae
CHP02162	昆明水金凤		kun ming shui jin feng	Impatiens uliginosa	Viridiplantae
CHP02163	阔齿兔唇花		kuo chi tu chun hua	Lagochilus platyacanthus	Viridiplantae
CHP02164	阔叶赤车使者		kuo ye chi che shi zhe	Elatostema edule	Viridiplantae
CHP02165	阔叶垂头菊		kuo ye chui tou ju	Cremanthodium stenactinium	Viridiplantae
CHP02166	腊梅花	铁筷子|蜡梅花	la mei hua	Wintersweet Bud	Viridiplantae
CHP02167	辣薄荷		la bo he	Pepper Mint	Viridiplantae
CHP02168	辣根		la gen	Horseradish	Viridiplantae
CHP02169	辣根菜		la gen cai	Cochlearia officinalis	Viridiplantae
CHP02170	辣根草		la gen cao	Daphne pseudomezereum	Viridiplantae
CHP02171	辣姜子	樟树果	la jiang zi	Litsea rubescens	Viridiplantae
CHP02172	辣椒	红海椒|辣椒油|辣椒头|干辣椒|指天椒	la jiao	Hot pepper	Viridiplantae
CHP02173	辣椒茎		la jiao jing	Caulis Capsici annui	Viridiplantae
CHP02174	辣椒叶		la jiao ye	Capsicum annuum	Viridiplantae
CHP02175	辣蓼草	大马蓼|鱼蓼	la liao cao	Flaccid Knotweed	Viridiplantae
CHP02176	辣木		la mu	Moringa oleifera	Viridiplantae
CHP02177	辣子草		la zi cao	Galinsoga parviflora	Viridiplantae
CHP02178	莱菔		lai fu	Raphanus sativus	Viridiplantae
CHP02179	莱菔叶	莱菔缨	lai fu ye	Folium Raphani sativi	Viridiplantae
CHP02180	莱菔子	莱服子	lai fu zi	Radish Seed	Viridiplantae
CHP02181	癞皮根		lai pi gen	Oreocnide obovata	Viridiplantae
CHP02182	兰花	化气兰|牛角三七	lan hua	Cymbidium floribundum	Viridiplantae
CHP02183	兰花参		lan hua can	Wahlenbergia marginata	Viridiplantae
CHP02184	兰花根		lan hua gen	Cymbidium floribundum	Viridiplantae
CHP02185	兰花石参	蓝花石参	lan hua shi can	Campanula colorata	Viridiplantae
CHP02186	兰花双叶草		lan hua shuang ye cao	Cypripedium margaritaceum	Viridiplantae
CHP02187	兰花叶		lan hua ye	Cymbidium floribundum	Viridiplantae
CHP02188	兰石草		lan shi cao	Lancea tibetica	Viridiplantae
CHP02189	兰香草	宝塔花	lan xiang cao	Caryopteris incana	Viridiplantae
CHP02190	蓝桉		lan an	Eucalyptus globulus	Viridiplantae
CHP02191	蓝胡麻草		lan hu ma cao	Centranthera cochinchinensis	Viridiplantae
CHP02192	蓝花葱		lan hua cong	Allium cyaneum	Viridiplantae
CHP02193	蓝花棘豆		lan hua ji dou	Oxytropis coerulea	Viridiplantae
CHP02194	蓝花龙胆		lan hua long dan	Gentiana filistyla	Viridiplantae
CHP02195	蓝花绿绒蒿		lan hua lv rong hao	Meconopsis henrici	Viridiplantae
CHP02196	蓝花子		lan hua zi	Raphanus sativus	Viridiplantae
CHP02197	蓝实		lan shi	Fructus Polygoni tinctori	Viridiplantae
CHP02198	蓝树		lan shu	Wrightia laevis	Viridiplantae
CHP02199	蓝锡莎菊		lan xi sha ju	Melanoseris cyanea	Viridiplantae
CHP02200	蓝叶藤		lan ye teng	Marsdenia tinctoria	Viridiplantae
CHP02201	榄李树汁		lan li shu zhi	Lumnitzera racemosa	Viridiplantae
CHP02202	榄仁树皮		lan ren shu pi	Terminalia catappa	Viridiplantae
CHP02203	榄仁树叶		lan ren shu ye	Terminalia catappa	Viridiplantae
CHP02204	榄仁树子		lan ren shu zi	Terminalia catappa	Viridiplantae
CHP02205	烂泥蒿		lan ni hao	Primula serratifolia	Viridiplantae
CHP02206	郎伞木		lang san mu	Ardisia elegans	Viridiplantae
CHP02207	狼把草	狼杷草	lang ba cao	Herba bidentis tripartitae	Viridiplantae
CHP02208	狼把草根		lang ba cao gen	Bidens tripartita L	Viridiplantae
CHP02209	狼毒		lang du	Radix Euphorbiae Fischerianae	Viridiplantae
CHP02210	狼尾巴蒿		lang wei ba hao	Biebersteinia heterostemon	Viridiplantae
CHP02211	狼尾巴花		lang wei ba hua	Lysimachia barystachys	Viridiplantae
CHP02212	狼尾草根		lang wei cao gen	Cenchrus purpurascens	Viridiplantae
CHP02213	狼牙委陵菜		lang ya wei ling cai	Potentilla cryptotaeniae	Viridiplantae
CHP02214	狼紫草		lang zi cao	Lycopsis orientalis	Viridiplantae
CHP02215	榔榆茎		lang yu jing	Ulmus parvifolia	Viridiplantae
CHP02216	榔榆皮		lang yu pi	Chinese Elm Bark	Viridiplantae
CHP02217	榔榆叶		lang yu ye	Ulmus parvifolia	Viridiplantae
CHP02218	莨菪根		lang dang gen	Hyoscyamus niger	Viridiplantae
CHP02219	莨菪叶	天仙子	lang dang ye	Black Henbane Leaf	Viridiplantae
CHP02220	老白花		lao bai hua	Bauhinia variegata	Viridiplantae
CHP02221	老白花树皮		lao bai hua shu pi	Bauhinia variegata	Viridiplantae
CHP02222	老鹳草		lao guan cao	All - grass of Common Heron's bill	Viridiplantae
CHP02223	老鹤草		lao he cao	Geranium wilfordii	Viridiplantae
CHP02224	老虎刺		lao hu ci	Pterolobium punctatum	Viridiplantae
CHP02225	老虎耳		lao hu er	Gomphostemma chinense	Viridiplantae
CHP02226	老虎耳根		lao hu er gen	Gomphostemma chinense	Viridiplantae
CHP02227	老虎姜		lao hu jiang	Polygonatum cirrhifolium	Viridiplantae
CHP02228	老虎俐		lao hu li	Dendrocnide sinuata	Viridiplantae
CHP02229	老虎俐根皮		lao hu li gen pi	Dendrocnide sinuata	Viridiplantae
CHP02230	老君须		lao jun xu	Vincetoxicum inamoenum	Viridiplantae
CHP02231	老牛揣		lao niu chuai	Iris tenuifolia	Viridiplantae
CHP02232	老牛揣子		lao niu chuai zi	Iris tenuifolia	Viridiplantae
CHP02233	老枪谷根		lao qiang gu gen	Amaranthus caudatus	Viridiplantae
CHP02234	老枪谷叶		lao qiang gu ye	Amaranthus caudatus	Viridiplantae
CHP02235	老枪谷子		lao qiang gu zi	Amaranthus caudatus	Viridiplantae
CHP02236	老鼠吹箫		lao shu chui xiao	Sabia yunnanensis	Viridiplantae
CHP02237	老鼠刺		lao shu ci	Ilex pubescens	Viridiplantae
CHP02238	老鼠耳		lao shu er	Rhamnus davurica	Viridiplantae
CHP02239	老鼠瓜		lao shu gua	Common Caper	Viridiplantae
CHP02240	老鼠簕	老鼠竻	lao shu le	Hollyleaf Acanthus	Viridiplantae
CHP02241	老头草		lao tou cao	Leontopodium ochroleucum	Viridiplantae
CHP02242	老鸦胆根		lao ya dan gen	Brucea javanica	Viridiplantae
CHP02243	老鸦胆叶		lao ya dan ye	Brucea javanica	Viridiplantae
CHP02244	老鸦柿		lao ya shi	Diamondleaf Persimmon	Viridiplantae
CHP02245	竻慈姑		le ci gu	Lasia spinosa	Viridiplantae
CHP02246	簕苋菜	勒苋菜|竻苋菜	le xian cai	Amaranthus spinosus	Viridiplantae
CHP02247	簕竹		le zhu	Bambusa sinospinosa	Viridiplantae
CHP02248	了哥利		le ge li	Embelia rudis	Viridiplantae
CHP02249	了哥王		le ge wang	Radix Wikstroemiae Indicae	Viridiplantae
CHP02250	了哥王根		le ge wang gen	Wikstroemiae Indicae Rasix	Viridiplantae
CHP02251	了哥王子		le ge wang zi	Wikstroemia indica	Viridiplantae
CHP02252	雷公橘		lei gong ju	Capparis membranifolia	Viridiplantae
CHP02253	雷公七	七筋姑	lei gong qi	Common Broadlily	Viridiplantae
CHP02254	雷公藤		lei gong teng	Radix Tripterygii Wilfordii	Viridiplantae
CHP02255	肋柱花		le zhu hua	Lomatogonium rotatum	Viridiplantae
CHP02256	棱萼母草	公母草	leng e mu cao	Torenia oblonga	Viridiplantae
CHP02257	棱叶韭		leng ye jiu	Allium caeruleum	Viridiplantae
CHP02258	棱子芹		leng zi qin	Pleurospermum camtschaticum	Viridiplantae
CHP02259	冷地卫矛		leng di wei mao	Euonymus frigidus	Viridiplantae
CHP02260	冷蕨		leng jue	Polystichum moupinense	Viridiplantae
CHP02261	冷蕨子草		leng jue zi cao	Cyrtomium yamamotoi	Viridiplantae
CHP02262	冷杉果	苍山冷杉	leng shan guo	Abies delavayi	Viridiplantae
CHP02263	冷水花		leng shui hua	Pilea notata	Viridiplantae
CHP02264	狸尾草		li wei cao	Desmodium gangeticum	Viridiplantae
CHP02265	梨子	梨	li zi	Pyrus x bretschneideri	Viridiplantae
CHP02266	犁头尖		li tou jian	Typhonium divaricatum	Viridiplantae
CHP02267	黎辣根		li la gen	Oriental Buckthorn	Viridiplantae
CHP02268	篱笆竹	篱芭竹	li ba zhu	Neyraudia reynaudiana	Viridiplantae
CHP02269	篱栏子		li lan zi	Merremia hederacea	Viridiplantae
CHP02270	藜草	藜	li cao	Oxybasis glauca	Viridiplantae
CHP02271	藜茎		li jing	Chenopodium album	Viridiplantae
CHP02272	藜芦	白藜芦|南刘寄奴	li lu	Black falsehellebore	Viridiplantae
CHP02273	藜实		li shi	Chenopodium album	Viridiplantae
CHP02274	丽萼熊巴掌		li e xiong ba zhang	Phyllagathis longiradiosa	Viridiplantae
CHP02275	丽江黄芩		li jiang huang qin	Likiang Skullcap	Viridiplantae
CHP02276	丽江青木香		li jiang qing mu xiang	Dolomiaea berardioidea	Viridiplantae
CHP02277	丽江山慈菇		li jiang shan ci gu	Iphigenia indica	Viridiplantae
CHP02278	荔枝		li zhi	Lychee	Viridiplantae
CHP02279	荔枝核		li zhi he	Semen Litchi	Viridiplantae
CHP02280	荔枝壳		li zhi ke	Pericarpium Lichi chinensisi	Viridiplantae
CHP02281	荔枝藤	红叶藤	li zhi teng	Rourea microphylla	Viridiplantae
CHP02282	荔枝叶		li zhi ye	Folium Lichi chinensisi	Viridiplantae
CHP02283	栗		li	Castanea mollissima	Viridiplantae
CHP02284	栗柄金粉蕨		li bing jin fen jue	Lucidum Onychium	Viridiplantae
CHP02285	栗荴		li fu	Castanea mollissima	Viridiplantae
CHP02286	栗花		li hua	Castanea mollissima	Viridiplantae
CHP02287	栗花灯心草		li hua deng xin cao	Juncus castaneus	Viridiplantae
CHP02288	栗寄生	柃寄生	li ji sheng	Korthalsella japonica	Viridiplantae
CHP02289	栗壳	板栗壳	li ke	Castanea mollissima	Viridiplantae
CHP02290	栗毛球		li mao qiu	Castanea mollissima	Viridiplantae
CHP02291	栗色鼠尾草		li se shu wei cao	Chestnut Sage	Viridiplantae
CHP02292	栗树根		li shu gen	Castanea mollissima	Viridiplantae
CHP02293	栗树皮		li shu pi	Chinese Chestnut Bast; Hairy Chestnut Bast	Viridiplantae
CHP02294	栗叶		li ye	Castanea mollissima	Viridiplantae
CHP02295	栗子		li zi	Castanea mollissima	Viridiplantae
CHP02296	痢止蒿		li zhi hao	Forrest Bugle	Viridiplantae
CHP02297	连钱草	活血丹	lian qian cao	Glechomae Herba	Viridiplantae
CHP02298	连翘		lian qiao	Weeping Forsythia Capsule	Viridiplantae
CHP02299	连翘根		lian qiao gen	Radix Forsythiae suspensae	Viridiplantae
CHP02300	连翘茎叶		lian qiao jing ye	Caulis et Folium Forsythiae suspensae	Viridiplantae
CHP02301	连蕊茶		lian rui cha	Camellia fraterna	Viridiplantae
CHP02302	连香树果		lian xiang shu guo	Cercidiphyllum japonicum Sieb. et Zucc.	Viridiplantae
CHP02303	帘子藤		lian zi teng	Pottsia laxiflora	Viridiplantae
CHP02304	莲房		lian fang	Lotus Receptacle	Viridiplantae
CHP02305	莲花	荷花|白荷花露	lian hua	Chinaberry-tree Flower	Viridiplantae
CHP02306	莲蓬草	八角乌	lian peng cao	Japanese Farfugium	Viridiplantae
CHP02307	莲生桂子草根	黄花仔	lian sheng gui zi cao gen	Asclepias curassavica	Viridiplantae
CHP02308	莲生桂子花		lian sheng gui zi hua	Bloodflower Milkweed	Viridiplantae
CHP02309	莲须		lian xu	Lotus stamen	Viridiplantae
CHP02310	莲叶橐吾	一碗水	lian ye tuo wu	Waterlilyleaf Goldenray	Viridiplantae
CHP02311	莲衣		lian yi	Nelumbo nucifera	Viridiplantae
CHP02312	莲子	石莲子	lian zi	Hindu lotus seed	Viridiplantae
CHP02313	莲子草	节节花	lian zi cao	Alligator Alternanthera Herb	Viridiplantae
CHP02314	莲子心		lian zi xin	Lotus Plumule	Viridiplantae
CHP02315	镰萼虾脊兰		lian e xia ji lan	Calanthe puberula	Viridiplantae
CHP02316	镰形棘豆	莪大夏	lian xing ji dou	Oxytropis falcata	Viridiplantae
CHP02317	镰叶瘤足蕨		lian ye liu zu jue	Plagiogyria distinctissima	Viridiplantae
CHP02318	镰叶马蔺根		lian ye ma lin gen	Iris scariosa	Viridiplantae
CHP02319	凉喉茶		liang hou cha	Dimetia scandens	Viridiplantae
CHP02320	凉三七		liang san qi	Silene delavayi	Viridiplantae
CHP02321	凉伞盖珍珠		liang san gai zhen zhu	Ardisia hanceana	Viridiplantae
CHP02322	两面青		liang mian qing	Indian Maesa	Viridiplantae
CHP02323	两面针	入地金牛|毛两面针	liang mian zhen	Shinyleaf Pricklyash Root	Viridiplantae
CHP02324	两色鳞毛蕨		liang se lin mao jue	Dryopteris bissetiana	Viridiplantae
CHP02325	两色瓦韦		liang se wa wei	Lepisorus bicolor	Viridiplantae
CHP02326	两色乌头		liang se wu tou	Aconitum alboviolaceum	Viridiplantae
CHP02327	两头尖	竹节香附	liang tou jian	Radde Anemone Rhizome	Viridiplantae
CHP02328	亮光菜		liang guang cai	Impatiens loulanensis	Viridiplantae
CHP02329	亮叶冬青		liang ye dong qing	Ilex viridis	Viridiplantae
CHP02330	亮叶冬青根		liang ye dong qing gen	Ilex viridis	Viridiplantae
CHP02331	亮叶桦		liang ye hua	Betula luminifera	Viridiplantae
CHP02332	亮叶桦根		liang ye hua gen	Betula luminifera	Viridiplantae
CHP02333	亮叶桦皮		liang ye hua pi	Shiningleaf Birch Bark	Viridiplantae
CHP02334	亮叶桦叶		liang ye hua ye	Betula luminifera	Viridiplantae
CHP02335	亮叶茉莉	四季素馨花	liang ye mo li	Jasminum seguinii	Viridiplantae
CHP02336	量天尺		liang tian chi	Selenicereus undatus	Viridiplantae
CHP02337	辽东楤木		liao dong song mu	Liaodong Aralia	Viridiplantae
CHP02338	鹩哥舌		liao ge she	Scleromitrion pinifolium	Viridiplantae
CHP02339	蓼实		liao shi	Red-knees Fruit	Viridiplantae
CHP02340	列当		lie dang	Skyblue Broomrape	Viridiplantae
CHP02341	烈香杜鹃	烈香杜鹃油|烈香杜鹃挥发油	lie xiang du juan	Rhododendron anthopogonoides	Viridiplantae
CHP02342	裂果薯		lie guo shu	Lobedfruit Tacca	Viridiplantae
CHP02343	裂果卫矛		lie guo wei mao	Euonymus dielsianus	Viridiplantae
CHP02344	裂叶堇菜	疔毒草	lie ye jin cai	Viola dissecta	Viridiplantae
CHP02345	裂叶秋海棠	红孩儿	lie ye qiu hai tang	Begonia palmata	Viridiplantae
CHP02346	裂叶崖角藤		lie ye ya jiao teng	Rhaphidophora decursiva	Viridiplantae
CHP02347	林檎		lin qin	Chinese Pearleaf Crabapple	Viridiplantae
CHP02348	林檎根		lin qin gen	Malus asiatica	Viridiplantae
CHP02349	林问荆		lin wen jing	Forest Horsetail	Viridiplantae
CHP02350	鳞瓦韦		lin wa wei	Lepisorus oligolepidus	Viridiplantae
CHP02351	鳞叶藓		lin ye xian	Taxiphyllum taxirameum	Viridiplantae
CHP02352	鳞衣草		lin yi cao	Lepidagathis incurva	Viridiplantae
CHP02353	灵香草	零陵香	ling xiang cao	Strongfragrant Loosestrife	Viridiplantae
CHP02354	灵香蒿	五月霜	ling xiang hao	Anaphalis hancockii	Viridiplantae
CHP02355	铃兰		ling lan	Lily of Valley	Viridiplantae
CHP02356	凌霄	紫葳	ling xiao	Chinese Trumpetcreeper	Viridiplantae
CHP02357	凌霄花	紫葳花	ling xiao hua	flower of Common Trumpetcreeper	Viridiplantae
CHP02358	菱蒂		ling di	Trapa natans	Viridiplantae
CHP02359	菱粉		ling fen	Trapa natans	Viridiplantae
CHP02360	菱角	菱	ling jiao	Trapa bicornis	Viridiplantae
CHP02361	菱茎		ling jing	Trapa natans	Viridiplantae
CHP02362	菱壳		ling ke	Trapa natans	Viridiplantae
CHP02363	菱叶		ling ye	Trapa natans	Viridiplantae
CHP02364	岭南花椒根	搜山虎	ling nan hua jiao gen	Zanthoxylum austrosinense	Viridiplantae
CHP02365	留兰香	留兰香油	liu lan xiang	Spearmint	Viridiplantae
CHP02366	流苏子根		liu su zi gen	Coptosapelta diffusa	Viridiplantae
CHP02367	琉璃草	大果琉璃草	liu li cao	Ceylon houndstongue	Viridiplantae
CHP02368	琉璃草根		liu li cao gen	Cynoglossum divaricatum	Viridiplantae
CHP02369	琉璃草子		liu li cao zi	Cynoglossum divaricatum	Viridiplantae
CHP02370	柳白皮		liu bai pi	Babylon Weeping Willow Root-bast	Viridiplantae
CHP02371	柳穿鱼		liu chuan yu	Yellow Toadflax	Viridiplantae
CHP02372	柳根		liu gen	Salix babylonica	Viridiplantae
CHP02373	柳花		liu hua	Salix babylonica	Viridiplantae
CHP02374	柳兰叶风毛菊		liu lan ye feng mao ju	Saussurea epilobioides	Viridiplantae
CHP02375	柳杉		liu shan	Chinese Cedar	Viridiplantae
CHP02376	柳杉叶		liu shan ye	Cryptomeria japonica	Viridiplantae
CHP02377	柳树寄生		liu shu ji sheng	Taxillus delavayi	Viridiplantae
CHP02378	柳屑		liu xie	Salix babylonica	Viridiplantae
CHP02379	柳絮		liu xu	Salix babylonica	Viridiplantae
CHP02380	柳叶		liu ye	Salix babylonica	Viridiplantae
CHP02381	柳叶斑鸠菊		liu ye ban jiu ju	Acilepis saligna	Viridiplantae
CHP02382	柳叶菜		liu ye cai	Hairy Willowweed	Viridiplantae
CHP02383	柳叶菜根		liu ye cai gen	Epilobium hirsutum	Viridiplantae
CHP02384	柳叶菜花		liu ye cai hua	Epilobium hirsutum	Viridiplantae
CHP02385	柳叶梣		liu ye cen	Fraxinus stylosa	Viridiplantae
CHP02386	柳叶蒿		liu ye hao	Artemisia integrifolia	Viridiplantae
CHP02387	柳叶见血飞		liu ye jian xue fei	Clematis quinquefoliolata	Viridiplantae
CHP02388	柳叶藓		liu ye xian	Amblystegium serpens	Viridiplantae
CHP02389	柳叶亚菊蒿		liu ye ya ju hao	Phaeostigma salicifolium	Viridiplantae
CHP02390	柳枝	鲜柳枝	liu zhi	BabyIon Weeping WiIIow Branch	Viridiplantae
CHP02391	六棱菊		liu leng ju	Winged Laggera	Viridiplantae
CHP02392	六叶龙胆		liu ye long dan	Gentiana hexaphylla	Viridiplantae
CHP02393	六月瓜		liu yue gua	Stauntonia cavalerieana	Viridiplantae
CHP02394	六月寒		liu yue han	Schnabelia terniflora	Viridiplantae
CHP02395	六月合		liu yue he	Elatostema oblongifolium	Viridiplantae
CHP02396	六月雪		liu yue xue	Serissa serissoides	Viridiplantae
CHP02397	龙船花	水红花	long chuan hua	Chinese Ixora	Viridiplantae
CHP02398	龙船花根		long chuan hua gen	Ixora chinensis	Viridiplantae
CHP02399	龙船花茎叶		long chuan hua jing ye	Ixora chinensis	Viridiplantae
CHP02400	龙胆草	龙胆|粗糙龙胆|滇龙胆	long dan cao	root of Przewalsk Gentian;Gentiana scabra	Viridiplantae
CHP02401	龙胆地丁		long dan di ding	Gentiana squarrosa	Viridiplantae
CHP02402	龙骨莲		long gu lian	Nymphaea tetragona	Viridiplantae
CHP02403	龙江风毛菊		long jiang feng mao ju	Saussurea amurensis	Viridiplantae
CHP02404	龙角草	长隔距兰	long jiao cao	Cleisostoma williamsonii	Viridiplantae
CHP02405	龙葵		long kui	Solanum Nigrum Linn.	Viridiplantae
CHP02406	龙葵根	天葵子	long kui gen	Radix Solani nigri	Viridiplantae
CHP02407	龙葵子		long kui zi	Semen Solani nigri	Viridiplantae
CHP02408	龙利叶		long li ye	Breynia temii	Viridiplantae
CHP02409	龙利叶花		long li ye hua	Breynia temii	Viridiplantae
CHP02410	龙脑膏香	冰片|黑冰片|合成龙脑	long nao gao xiang	Borneol Oil-Resin	Viridiplantae
CHP02411	龙舌草		long she cao	Ottelia alismoides	Viridiplantae
CHP02412	龙舌兰	无刺番麻|暗绿龙舌兰|金边龙舌兰|狭叶龙舌兰	long she lan	Peyote	Viridiplantae
CHP02413	龙头节肢蕨		long tou jie zhi jue	Selliguea lungtauensis	Viridiplantae
CHP02414	龙须参		long xu can	Solanum trilobatum	Viridiplantae
CHP02415	龙须草	硬质早熟禾|草地早熟禾	long xu cao	Hard Bluegrass	Viridiplantae
CHP02416	龙须藤	络石藤|石血|安络痛	long xu teng	Champion Bauhinia	Viridiplantae
CHP02417	龙须眼子菜		long xu yan zi cai	Potamogeton crispus	Viridiplantae
CHP02418	龙血树		long xue shu	Dragontree	Viridiplantae
CHP02419	龙牙草根	仙鹤草根	long ya cao gen	Agrimonia pilosa	Viridiplantae
CHP02420	龙牙楤木	刺老鸦|辽东楤木叶	long ya song mu	Aralia elata	Viridiplantae
CHP02421	龙牙楤木果		long ya song mu guo	Aralia elata	Viridiplantae
CHP02422	龙牙楤木叶		long ya song mu ye	Aralia elata	Viridiplantae
CHP02423	龙眼		long yan	Smoke Longan	Viridiplantae
CHP02424	龙眼独活		long yan du huo	Farges Aralia	Viridiplantae
CHP02425	龙眼核		long yan he	Dimocarpus longan	Viridiplantae
CHP02426	龙眼壳		long yan ke	Dimocarpus longan	Viridiplantae
CHP02427	龙眼肉	桂圆	long yan rou	Longan Aril;Dimocarpus longan	Viridiplantae
CHP02428	龙眼树皮		long yan shu pi	Dimocarpus longan	Viridiplantae
CHP02429	龙眼叶		long yan ye	Longan Leaf	Viridiplantae
CHP02430	龙爪菜	蕨菜	long zhao cai	Pteridium revolutum	Viridiplantae
CHP02431	龙珠		long zhu	Tubocapsicum anomalum	Viridiplantae
CHP02432	龙珠根		long zhu gen	Tubocapsicum anomalum	Viridiplantae
CHP02433	龙珠果		long zhu guo	Passiflora foetida	Viridiplantae
CHP02434	龙珠子		long zhu zi	Tubocapsicum anomalum	Viridiplantae
CHP02435	隆萼当归根		long e dang gui gen	Angelica oncosepala	Viridiplantae
CHP02436	蒌油	蒟酱油	lou you	Piper betle	Viridiplantae
CHP02437	楼梯草		lou ti cao	Elatostema involucratum	Viridiplantae
CHP02438	楼梯草根		lou ti cao gen	Elatostema involucratum	Viridiplantae
CHP02439	耧斗菜		lou dou cai	Aquilegia parviflora	Viridiplantae
CHP02440	漏芦		lou lu	Uniflower Swisscentaury Root	Viridiplantae
CHP02441	芦根	干芦根|芦笋	lu gen	Reed rhizome	Viridiplantae
CHP02442	芦花		lu hua	Phragmites australis	Viridiplantae
CHP02443	芦荟	斑纹芦荟|鲜芦荟汁	lu hui	Aloe	Viridiplantae
CHP02444	芦荟根		lu hui gen	Aloe vera	Viridiplantae
CHP02445	芦荟花		lu hui hua	Aloe vera	Viridiplantae
CHP02446	芦荟叶		lu hui ye	Aloe vera	Viridiplantae
CHP02447	芦茎		lu jing	Phragmites australis	Viridiplantae
CHP02448	芦叶		lu ye	Phragmites communis	Viridiplantae
CHP02449	芦竹		lu zhu	Arundo donax	Viridiplantae
CHP02450	芦竹根		lu zhu gen	Giantreed rhizome	Viridiplantae
CHP02451	芦竹沥		lu zhu li	Arundo donax	Viridiplantae
CHP02452	芦竹笋		lu zhu sun	Arundo donax	Viridiplantae
CHP02453	芦竹箨		lu zhu tuo	Phragmites australis	Viridiplantae
CHP02454	芦子兰		lu zi lan	Piper boehmeriifolium	Viridiplantae
CHP02455	芦子藤		lu zi teng	Piper boehmeriaefolium	Viridiplantae
CHP02456	陆地棉		lu di mian	Upland Cotton	Viridiplantae
CHP02457	陆英	蒴藋	lu ying	flower of Chinese Elder	Viridiplantae
CHP02458	陆英根		lu ying gen	Sambucus chinensis	Viridiplantae
CHP02459	鹿葱		lu cong	Autumn Lycoris	Viridiplantae
CHP02460	鹿耳翎根		lu er ling gen	Laggera alata	Viridiplantae
CHP02461	鹿藿		lu huo	Rhynchosia volubilis	Viridiplantae
CHP02462	鹿藿根		lu huo gen	Rhynchosia volubilis	Viridiplantae
CHP02463	鹿角菜		lu jiao cai	Pelvetia siliquosa	Algae
CHP02464	鹿角草		lu jiao cao	Glossogyne tenuifolia	Viridiplantae
CHP02465	鹿角芦荟		lu jiao lu hui	Aloe arborescens	Viridiplantae
CHP02466	鹿梨		lu li	Pyrus calleryana	Viridiplantae
CHP02467	鹿梨根皮		lu li gen pi	Pyrus calleryana	Viridiplantae
CHP02468	鹿茸草		lu rong cao	Monochasma savatieri	Viridiplantae
CHP02469	鹿衔草		lu xian cao	all-grass Chinese pyrola	Viridiplantae
CHP02470	路边姜	土羌活	lu bian jiang	Hedychium coronarium	Viridiplantae
CHP02471	路郎鸡		lu lang ji	Elatostema myrtillus	Viridiplantae
CHP02472	路路通		lu lu tong	fruit of beautiful sweetgum	Viridiplantae
CHP02473	露兜竻花		lu dou le hua	Thatch Screwpine Flower	Viridiplantae
CHP02474	露兜竻蔃		lu dou le qiang	Pandanus tectorius	Viridiplantae
CHP02475	露兜竻心		lu dou le xin	Pandanus tectorius	Viridiplantae
CHP02476	露兜簕		lu dou le	Pandanus tectorius	Viridiplantae
CHP02477	露蕊乌头		lu rui wu tou	Nakedstamen Monkshood	Viridiplantae
CHP02478	露水草	珍珠露水草	lu shui cao	Common Cyanotis	Viridiplantae
CHP02479	栾华		luan hua	Koelreuteria paniculata	Viridiplantae
CHP02480	栾樨		luan xi	Pluchea indica	Viridiplantae
CHP02481	卵叶贝母兰		luan ye bei mu lan	Coelogyne occultata	Viridiplantae
CHP02482	卵叶寄生		luan ye ji sheng	Scurrula chingii	Viridiplantae
CHP02483	乱草		luan cao	Eragrostis tenella	Viridiplantae
CHP02484	轮环藤		lun huan teng	Racemose Cyclea	Viridiplantae
CHP02485	轮叶景天	还魂草|轮叶八宝	lun ye jing tian	Hylotelephium verticillatum	Viridiplantae
CHP02486	轮叶铃子香		lun ye ling zi xiang	Chelonopsis souliei	Viridiplantae
CHP02487	轮叶马先蒿		lun ye ma xian hao	Pedicularis verticillata	Viridiplantae
CHP02488	罗布麻		luo bu ma	Dogbane	Viridiplantae
CHP02489	罗布麻叶		luo bu ma ye	Apocyniveneti Folium	Viridiplantae
CHP02490	罗甸沟瓣		luo dian gou ban	Glyptopetalum feddei	Viridiplantae
CHP02491	罗浮柿		luo fu shi	Diospyros morrisiana	Viridiplantae
CHP02492	罗浮柿根		luo fu shi gen	Diospyros morrisiana	Viridiplantae
CHP02493	罗盖叶		luo gai ye	Viburnum lutescens	Viridiplantae
CHP02494	罗锅底		luo guo di	Lovely Hemsleya Equivalent plant: Hemsleya macrosperma	Viridiplantae
CHP02495	罗汉果		luo han guo	Grosvenor Momordica Fruit	Viridiplantae
CHP02496	罗汉果根		luo han guo gen	Siraitia grosvenorii	Viridiplantae
CHP02497	罗汉果叶		luo han guo ye	Siraitia grosvenorii	Viridiplantae
CHP02498	罗汉松	小叶罗汉松	luo han song	Podocarpus macrophyllus	Viridiplantae
CHP02499	罗汉松根皮		luo han song gen pi	Podocarpus macrophyllus	Viridiplantae
CHP02500	罗汉松实		luo han song shi	Longleaf Podocarpus Seed Equivalent plant: Podocarpus macrophyllus var maki;Longleaf Podocarpus Seed	Viridiplantae
CHP02501	罗汉松叶		luo han song ye	Longleaf Podocarpus Leaf Equivalent plant: Podocarpus macrophyllus var maki;Longleaf Podocarpus Leaf	Viridiplantae
CHP02502	罗勒	毛罗勒|九层塔|丁地罗勒油	luo le	Basil	Viridiplantae
CHP02503	罗勒根		luo le gen	Ocimum basilicum	Viridiplantae
CHP02504	罗勒子		luo le zi	Basil Fruit	Viridiplantae
CHP02505	罗裙带根	文殊兰根	luo qun dai gen	Crinum asiaticum	Viridiplantae
CHP02506	罗望子叶黄檀		luo wang zi ye huang tan	Dalbergia pinnata	Viridiplantae
CHP02507	萝芙木	海南萝芙木|云南萝芙木	luo fu mu	Common Devilpepper Equivalent plant: Rauvolfia verticillata var hainanensis , Rauwolfia latifrons, Rauwolfia perakensis, Rauvolfia vomitoria, Rauvolfia verticillata f rubrocarpa	Viridiplantae
CHP02508	萝芙木茎叶		luo fu mu jing ye	Common Devilpepper Stem and Leaf	Viridiplantae
CHP02509	萝芒树皮		luo mang shu pi	Ardisia densilepidotula	Viridiplantae
CHP02510	萝藦		luo mo	Japanese Metaplexis	Viridiplantae
CHP02511	萝藦子		luo mo zi	Japanese Metaplexis Seed	Viridiplantae
CHP02512	裸花紫珠	赶风柴	luo hua zi zhu	Callicarpa nudiflora	Viridiplantae
CHP02513	裸茎金腰子		luo jing jin yao zi	Chrysosplenium nudicaule	Viridiplantae
CHP02514	骆驼蓬		luo tuo peng	Common Peganum	Viridiplantae
CHP02515	骆驼蓬子		luo tuo peng zi	Common Peganum Seed	Viridiplantae
CHP02516	落地生根		luo di sheng gen	Air-plant	Viridiplantae
CHP02517	落花生	花生米|花生	luo hua sheng	Peanut	Viridiplantae
CHP02518	落花生枝叶		luo hua sheng zhi ye	Peanut Branch-leaf	Viridiplantae
CHP02519	落葵		luo kui	Basella alba	Viridiplantae
CHP02520	落葵花		luo kui hua	Red Vinespinach flower	Viridiplantae
CHP02521	落葵子		luo kui zi	Basella alba	Viridiplantae
CHP02522	落霜红根		luo shuang hong gen	Ilex serrata	Viridiplantae
CHP02523	落新妇	红升麻	luo xin fu	Chinese Astilbe	Viridiplantae
CHP02524	落新妇根		luo xin fu gen	Astilbe chinensis	Viridiplantae
CHP02525	驴蹄草	马蹄叶	lv ti cao	Common Marsharigold	Viridiplantae
CHP02526	吕宋果		lv song guo	Ignat Poisonnut Seed	Viridiplantae
CHP02527	吕宋楸毛		lv song qiu mao	Kamalatree	Viridiplantae
CHP02528	绿豆		lv dou	mung bean	Viridiplantae
CHP02529	绿豆粉		lv dou fen	Vigna radiata	Viridiplantae
CHP02530	绿豆花		lv dou hua	Vigna radiata	Viridiplantae
CHP02531	绿豆皮		lv dou pi	Cortex Vignae radiatae	Viridiplantae
CHP02532	绿豆芽		lv dou ya	Gemma Vignae radiatae	Viridiplantae
CHP02533	绿豆叶		lv dou ye	Folium Vignae radiatae	Viridiplantae
CHP02534	绿豆衣		lv dou yi	Vigna radiata	Viridiplantae
CHP02535	绿花独活		lv hua du huo	Ostericum viridiflorum	Viridiplantae
CHP02536	绿花耧斗菜	漏斗菜	lv hua lou dou cai	Aquilegia viridiflora	Viridiplantae
CHP02537	绿绒蒿	威尔士绿绒蒿	lv rong hao	Celery Wormwood	Viridiplantae
CHP02538	绿珊瑚		lv shan hu	Thesium refractum	Viridiplantae
CHP02539	绿笋片		lv sun pian	Oldham Bamboo Shoot	Viridiplantae
CHP02540	绿玉树		lv yu shu	Malabartree Euphorbia	Viridiplantae
CHP02541	葎草		lv cao	all-grass of japanese hop	Viridiplantae
CHP02542	葎草花		lv cao hua	Humulus scandens	Viridiplantae
CHP02543	麻风树		ma feng shu	Leprous Tree	Viridiplantae
CHP02544	麻根		ma gen	Hemp Fimble Root	Viridiplantae
CHP02545	麻花		ma hua	Hemp Fimble Flower;Hemp FimbIe	Viridiplantae
CHP02546	麻黄	八棱麻|炙麻黄|麻黄草|八里麻|木贼麻黄|蜜麻黄|中麻黄	ma huang	Ephedra	Viridiplantae
CHP02547	麻黄根		ma huang gen	Ephedra Root	Viridiplantae
CHP02548	麻腊干		ma la gan	Sphaeranthus indicus	Viridiplantae
CHP02549	麻柳	枫杨	ma liu	Pterocarya stenoptera	Viridiplantae
CHP02550	麻柳果		ma liu guo	Fructus Pterocaryae Stenopterae	Viridiplantae
CHP02551	麻柳皮	枫柳皮	ma liu pi	Pterocarya stenoptera	Viridiplantae
CHP02552	麻柳树根		ma liu shu gen	Pterocarya stenoptera	Viridiplantae
CHP02553	麻柳叶		ma liu ye	Chinese Wingnut	Viridiplantae
CHP02554	麻牛膝		ma niu xi	Capitate Cyathula	Viridiplantae
CHP02555	麻皮		ma pi	Cannabis sativa	Viridiplantae
CHP02556	麻羊藤	复叶葡萄叶	ma yang teng	Vitis piasezkii	Viridiplantae
CHP02557	麻叶	火麻仁|麻子|大麻	ma ye	Hemp Fimble Leaf	Viridiplantae
CHP02558	麻叶绣球	珍珠绣球	ma ye xiu qiu	Spiraea blumei	Viridiplantae
CHP02559	麻叶绣球果		ma ye xiu qiu guo	Spiraea blumei	Viridiplantae
CHP02560	麻油		ma you	Oleum Sesami	Viridiplantae
CHP02561	马比木		ma bi mu	Pittosporumlike Nothapodytes	Viridiplantae
CHP02562	马鞭草		ma bian cao	European Verbe Herb	Viridiplantae
CHP02563	马槟榔		ma bing lang	Masaikai caper	Viridiplantae
CHP02564	马㼎儿	土白蔹|马瓞儿	ma bo er	Solena amplexicaulis	Viridiplantae
CHP02565	马肠薯蓣		ma chang shu yu	Dioscorea simulans	Viridiplantae
CHP02566	马齿苋	大花马齿苋|马齿苋子	ma chi xian	all-grass of Purslane	Viridiplantae
CHP02567	马蛋果		ma dan guo	Fragrant Gynocardia	Viridiplantae
CHP02568	马兜铃	青木香|天仙藤	ma dou ling	Dutohmanspipe Fruit	Viridiplantae
CHP02569	马尔康水黄连		ma er kang shui huang lian	Thalictrum smithii	Viridiplantae
CHP02570	马骨节		ma gu jie	Leea compactiflora	Viridiplantae
CHP02571	马蝗果		ma huang guo	Cotoneaster franchetii	Viridiplantae
CHP02572	马棘		ma ji	Indigofera pseudotinctoria	Viridiplantae
CHP02573	马甲子根	铁篱笆根	ma jia zi gen	Paliurus ramosissimus	Viridiplantae
CHP02574	马甲子叶	铁篱笆叶	ma jia zi ye	Paliurus ramosissimus	Viridiplantae
CHP02575	马来蒲桃		ma lai pu tao	Syzygium malaccense	Viridiplantae
CHP02576	马兰		ma lan	Kalimeris indica	Viridiplantae
CHP02577	马蓼		ma liao	Polygonum orientale	Viridiplantae
CHP02578	马蔺		ma lin	Chinese Iris	Viridiplantae
CHP02579	马蔺根		ma lin gen	Iris lactea	Viridiplantae
CHP02580	马蔺花		ma lin hua	Iris lactea	Viridiplantae
CHP02581	马蔺叶		ma lin ye	Iris lactea	Viridiplantae
CHP02582	马蔺子		ma lin zi	Chinese Iris Equivalent plant: Iris halophila	Viridiplantae
CHP02583	马铃薯		ma ling shu	Potato	Viridiplantae
CHP02584	马尿泡		ma niao pao	Tangut Przewalskia	Viridiplantae
CHP02585	马钱子	生马钱子|制马钱子	ma qian zi	Nux Vomica	Viridiplantae
CHP02586	马钱子粉		ma qian zi fen	Nux Vomica Powder	Viridiplantae
CHP02587	马鹊树		ma que shu	Elaeagnus bockii	Viridiplantae
CHP02588	马桑		ma sang	Chinese Coriaria	Viridiplantae
CHP02589	马桑根		ma sang gen	Radix Coriariae nepalensis	Viridiplantae
CHP02590	马桑树皮		ma sang shu pi	Coriaria sinica Maxim	Viridiplantae
CHP02591	马桑叶		ma sang ye	Chinese Coriaria Leaf	Viridiplantae
CHP02592	马蹄金	小金钱草	ma ti jin	Dichondra repens	Viridiplantae
CHP02593	马蹄蕨		ma ti jue	Angiopteris fokiensis	Viridiplantae
CHP02594	马尾连		ma yi lian	Manyleaf meadowrue	Viridiplantae
CHP02595	马尾伸筋		ma yi shen jin	Smilax nipponica	Viridiplantae
CHP02596	马尾伸筋草	马尾千金草	ma yi shen jin cao	Phlegmariurus fargesii	Viridiplantae
CHP02597	马先蒿		ma xian hao	Pedicularis resupinata	Viridiplantae
CHP02598	马牙半支		ma ya ban zhi	Sedum emarginatum	Viridiplantae
CHP02599	马牙七		ma ya qi	Calanthe davidii	Viridiplantae
CHP02600	马银花		ma yin hua	Ovateleaf Rhodode ndron	Viridiplantae
CHP02601	马缨花		ma ying hua	Ovateleaf Rhododendron*	Viridiplantae
CHP02602	马醉木		ma zui mu	Japanese Pieris	Viridiplantae
CHP02603	埋博树		mai bo shu	Quercus kerrii	Viridiplantae
CHP02604	买麻藤	小叶买麻藤	mai ma teng	Calis gneti	Viridiplantae
CHP02605	麦刺藤叶		mai ci teng ye	Dalbergia millettii	Viridiplantae
CHP02606	麦冬	麦门冬|山麦冬|土麦冬	mai dong	Liriope	Viridiplantae
CHP02607	麦麸草根		mai fu cao gen	Boehmeria gracilis	Viridiplantae
CHP02608	麦斛		mai hu	Bulbophyllum inconspicuum	Viridiplantae
CHP02609	麦瓶草		mai ping cao	Silene conoidea	Viridiplantae
CHP02610	麦瓶草种子		mai ping cao zhong zi	Silene conoidea	Viridiplantae
CHP02611	麦穗七	三块瓦	mai sui qi	Oxalis griffithii	Viridiplantae
CHP02612	麦芽	生麦芽|麦牙|焦麦芽	mai ya	Germited Barley	Viridiplantae
CHP02613	脉耳草	黑节草	mai er cao	Hedyotis costata	Viridiplantae
CHP02614	脉果漆		mai guo qi	Pegia sarmentosa	Viridiplantae
CHP02615	蛮刀背	疬子草	man dao bei	Lysimachia decurrens	Viridiplantae
CHP02616	满江红		man jiang hong	Imbricate Mosquito Fern	Viridiplantae
CHP02617	满江红根		man jiang hong gen	Azolla imbricata	Viridiplantae
CHP02618	满山红	满山红油	man shan hong	Dahurian Rhododendron Leaf	Viridiplantae
CHP02619	满山红根		man shan hong gen	Rhododendron dauricum	Viridiplantae
CHP02620	满树星		man shu xing	Ilex aculeolata	Viridiplantae
CHP02621	曼陀罗	洋金花	man tuo luo	Jimsonweed	Viridiplantae
CHP02622	曼陀罗根		man tuo luo gen	Hindu Datura Root Equivalent plant: Datura stramonium, Datura innoxia	Viridiplantae
CHP02623	曼陀罗叶		man tuo luo ye	Hindu Datura Leaf Equivalent plant: Datura innoxia	Viridiplantae
CHP02624	曼陀罗子		man tuo luo zi	Hindu Datura Seed Equivalent plant: Datura innoxiaor fruit	Viridiplantae
CHP02625	蔓赤车		man chi che	Pellionia scabra	Viridiplantae
CHP02626	蔓胡颓子	角花胡颓子	man hu tui zi	Elaeagnus gonyanthes	Viridiplantae
CHP02627	蔓胡颓子根		man hu tui zi gen	Elaeagnus gonyanthes	Viridiplantae
CHP02628	蔓胡颓子叶		man hu tui zi ye	Elaeagnus glabra	Viridiplantae
CHP02629	蔓剪草		man jian cao	Vincetoxicum chekiangense	Viridiplantae
CHP02630	蔓荆	蔓荆叶|单叶蔓荆	man jing	Vitex rotundifolia	Viridiplantae
CHP02631	蔓荆子	蔓荆叶	man jing zi	Shrub Chastetree Fruit	Viridiplantae
CHP02632	蔓乌头		man wu tou	Aconitum volubile	Viridiplantae
CHP02633	蔓性千斤拔		man xing qian jin ba	Philippine Flemingia	Viridiplantae
CHP02634	蔓越莓		man yue mei	Cranberry	Viridiplantae
CHP02635	芒		mang	Miscanthus sinensis	Viridiplantae
CHP02636	芒刺复叶耳蕨		mang ci fu ye er jue	Arachniodes aristata	Viridiplantae
CHP02637	芒根		mang gen	Chinese SiIvergrass	Viridiplantae
CHP02638	芒果	杧果	mang guo	Mango	Viridiplantae
CHP02639	芒果核	杧果核	mang guo he	Mango Seed	Viridiplantae
CHP02640	芒果叶	杧果叶	mang guo ye	Mango leaf	Viridiplantae
CHP02641	芒花		mang hua	Miscanthus sinensis	Viridiplantae
CHP02642	芒茎		mang jing	Chinese Silvergrass	Viridiplantae
CHP02643	芒萁	狼萁草	mang qi	Dicranopteris linearis	Viridiplantae
CHP02644	芒萁骨		mang qi gu	Dichotoma Forked Fern	Viridiplantae
CHP02645	芒萁骨根		mang qi gu gen	Dicranopteris pedata	Viridiplantae
CHP02646	芒种花		mang zhong hua	Hypericum uralum	Viridiplantae
CHP02647	杧果钉		mang guo ding	Ticanto crista	Viridiplantae
CHP02648	莽草		mang cao	Illicium lanceolatum	Viridiplantae
CHP02649	莽草根	广木香	mang cao gen	Illicium lanceolatum	Viridiplantae
CHP02650	蟒蛇草		mang she cao	Hemiboea subacaulis	Viridiplantae
CHP02651	猫儿屎		mao er shi	Decaisnea insignis	Viridiplantae
CHP02652	猫儿眼睛		mao er yan jing	Persicaria nepalensis	Viridiplantae
CHP02653	猫脚印		mao jiao yin	Geranium robertianum	Viridiplantae
CHP02654	猫毛草		mao mao cao	Melica scabrosa	Viridiplantae
CHP02655	猫人参		mao ren shen	Actinidia valvata	Viridiplantae
CHP02656	猫须草		mao xu cao	Spicate Clerodendranthus	Viridiplantae
CHP02657	猫眼草	钝叶大戟	mao yan cao	Lunulatae Herba	Viridiplantae
CHP02658	猫爪草		mao zhao cao	Catclaw Buttercup Root	Viridiplantae
CHP02659	毛八角枫		mao ba jiao feng	Kurz Alangium	Viridiplantae
CHP02660	毛八角莲		mao ba jiao lian	Dysosma pleiantha	Viridiplantae
CHP02661	毛白杨		mao bai yang	Chinese White Poplar	Viridiplantae
CHP02662	毛瓣绿绒蒿		mao ban lv rong hao	Meconopsis integrifolia	Viridiplantae
CHP02663	毛草龙		mao cao long	Water Seedbox	Viridiplantae
CHP02664	毛草龙根		mao cao long gen	Ludwigia octovalvis	Viridiplantae
CHP02665	毛车藤		mao che teng	Amalocalyx yunnanensis	Viridiplantae
CHP02666	毛黐头婆		mao chi tou po	Triumfetta cana	Viridiplantae
CHP02667	毛赤车		mao chi che	Pellionia scabra	Viridiplantae
CHP02668	毛刺果藤		mao ci guo teng	Byttneria pilosa	Viridiplantae
CHP02669	毛翠雀花		mao cui que hua	Delphinium trichophorum	Viridiplantae
CHP02670	毛大丁草	白眉	mao da ding cao	Pilose Gerbera	Viridiplantae
CHP02671	毛大丁草根		mao da ding cao gen	Gerbera piloselloides	Viridiplantae
CHP02672	毛冬瓜		mao dong gua	Actinidia eriantha	Viridiplantae
CHP02673	毛冬瓜根		mao dong gua gen	Actinidia eriantha	Viridiplantae
CHP02674	毛冬瓜叶		mao dong gua ye	Actinidia eriantha	Viridiplantae
CHP02675	毛冬青		mao dong qing	Radix Ilex Pubescens	Viridiplantae
CHP02676	毛萼香茶菜		mao e xiang cha cai	Hairysepal Rabdosia	Viridiplantae
CHP02677	毛发唐松草		mao fa tang song cao	Thalictrum trichopus	Viridiplantae
CHP02678	毛风藤		mao feng teng	Solanum japonense	Viridiplantae
CHP02679	毛蜂斗草		mao feng dou cao	Sonerila cantonensis	Viridiplantae
CHP02680	毛根杜仲		mao gen du zhong	Euonymus bockii	Viridiplantae
CHP02681	毛茛		mao gen	Japanese Buttercup	Viridiplantae
CHP02682	毛勾儿茶		mao gou er cha	Berchemia huana	Viridiplantae
CHP02683	毛贯众	阔鳞鳞毛蕨	mao guan zhong	Champion Wood Fern	Viridiplantae
CHP02684	毛果珍珠茅		mao guo zhen zhu mao	Scleria levis	Viridiplantae
CHP02685	毛诃子	毛诃|毗黎勒	mao he zi	friot of belleric terminalia	Viridiplantae
CHP02686	毛花点草	雪药	mao hua dian cao	Nanocnide lobata	Viridiplantae
CHP02687	毛花槭		mao hua qi	Acer erianthum	Viridiplantae
CHP02688	毛黄堇		mao huang jin	Corydalis tomentella	Viridiplantae
CHP02689	毛黄连		mao huang lian	Adonis sutchuenensis	Viridiplantae
CHP02690	毛荚决明		mao jia jue ming	Senna hirsuta	Viridiplantae
CHP02691	毛节兔唇花		mao jie tu chun hua	Lagochilus lanatonodus	Viridiplantae
CHP02692	毛菊苣		mao ju ju	Cichorium glandulosum	Viridiplantae
CHP02693	毛蕨根		mao jue gen	Polystichum squarrosum	Viridiplantae
CHP02694	毛苦瓜		mao ku gua	Trichosanthes kerrii	Viridiplantae
CHP02695	毛梾枝叶		mao lai zhi ye	Cornus walteri	Viridiplantae
CHP02696	毛连菜	毛柴胡	mao lian cai	Picris hieracioides	Viridiplantae
CHP02697	毛莲蒿		mao lian hao	Hairy Wormwood	Viridiplantae
CHP02698	毛蓼		mao liao	Persicaria barbata	Viridiplantae
CHP02699	毛蒌		mao lou	Piper puberulum	Viridiplantae
CHP02700	毛脉酸模		mao mai suan mo	Rumex gmelinii	Viridiplantae
CHP02701	毛棉杜鹃花	丝线吊芙蓉	mao mian du juan hua	Rhododendron moulmainense	Viridiplantae
CHP02702	毛木树皮		mao mu shu pi	Schima wallichii	Viridiplantae
CHP02703	毛木树叶		mao mu shu ye	Schima wallichii	Viridiplantae
CHP02704	毛扭藓		mao niu xian	Aerobryidium filamentosum	Viridiplantae
CHP02705	毛女贞	小蜡树	mao nv zhen	Ligustrum sinense	Viridiplantae
CHP02706	毛排钱草		mao pai qian cao	Phyllodium elegans	Viridiplantae
CHP02707	毛葡萄		mao pu tao	Coigne Grape	Viridiplantae
CHP02708	毛葡萄根皮		mao pu tao gen pi	Vitis heyneana	Viridiplantae
CHP02709	毛葡萄叶	五角叶葡萄	mao pu tao ye	Vitis quinquangularis	Viridiplantae
CHP02710	毛桤		mao qi	Alnus lanata	Viridiplantae
CHP02711	毛稔	红毛菍	mao ren	Melastoma sanguineum	Viridiplantae
CHP02712	毛稔根		mao ren gen	Melastoma sanguineum	Viridiplantae
CHP02713	毛蕊花		mao rui hua	Flannel Mullein	Viridiplantae
CHP02714	毛薯		mao shu	Winged Yam	Viridiplantae
CHP02715	毛笋		mao sun	Phyllostachys edulis	Viridiplantae
CHP02716	毛桐	野梧桐	mao tong	Mallotus japonicus	Viridiplantae
CHP02717	毛血藤	胖血藤	mao xue teng	Fallopia cynanchoides	Viridiplantae
CHP02718	毛药	十萼茄	mao yao	Lycianthes biflora	Viridiplantae
CHP02719	毛叶白粉藤	风叶藤	mao ye bai fen teng	Cissus assamica	Viridiplantae
CHP02720	毛叶白粉藤根		mao ye bai fen teng gen	Cissus assamica	Viridiplantae
CHP02721	毛叶黄杞		mao ye huang qi	Engelhardia spicata	Viridiplantae
CHP02722	毛叶嘉榄		mao ye jia lan	Garuga pinnata	Viridiplantae
CHP02723	毛叶肾蕨		mao ye shen jue	Nephrolepis hirsutula	Viridiplantae
CHP02724	毛叶石楠	毛石楠根	mao ye shi nan	Pourthiaea villosa	Viridiplantae
CHP02725	毛叶天胡荽		mao ye tian hu sui	Hydrocotyle wilfordii	Viridiplantae
CHP02726	毛莸		mao you	Caryopteris trichosphaera	Viridiplantae
CHP02727	毛毡草		mao zhan cao	Blumea hieraciifolia	Viridiplantae
CHP02728	毛枝卷柏		mao zhi juan bai	Braun’s Spikemoss	Viridiplantae
CHP02729	毛枝崖爬藤		mao zhi ya pa teng	Tetrastigma obovatum	Viridiplantae
CHP02730	毛枝鱼藤		mao zhi yu teng	Derris scabricaulis	Viridiplantae
CHP02731	毛轴莎草		mao zhou suo cao	Cyperus pilosus	Viridiplantae
CHP02732	毛轴铁角蕨		mao zhou tie jiao jue	Asplenium crinicaule	Viridiplantae
CHP02733	毛轴牙蕨		mao zhou ya jue	Pteridrys australis	Viridiplantae
CHP02734	毛竹		mao zhu	Phyllostachys heterocycla	Viridiplantae
CHP02735	毛足铁线蕨		mao zu tie xian jue	Adiantum bonatianum	Viridiplantae
CHP02736	茅苍术		mao cang zhu	Atractylodes lancea	Viridiplantae
CHP02737	茅草箭		mao cao jian	Campeiostachys calcicola	Viridiplantae
CHP02738	茅草叶	白茅叶	mao cao ye	Lalang Grass Leaf	Viridiplantae
CHP02739	茅膏菜		mao gao cai	Lunate peltate sundew	Viridiplantae
CHP02740	茅瓜		mao gua	Solena amplexicaulis	Viridiplantae
CHP02741	茅瓜叶		mao gua ye	Solena amplexicaulis	Viridiplantae
CHP02742	茅栗		mao li	Castanea seguinii	Viridiplantae
CHP02743	茅栗根		mao li gen	Castanea seguinii	Viridiplantae
CHP02744	茅栗仁		mao li ren	Castanea seguinii	Viridiplantae
CHP02745	茅莓	茅莓根	mao mei	Japanese Raspberry	Viridiplantae
CHP02746	茅香		mao xiang	Vanillagrass	Viridiplantae
CHP02747	茅香花		mao xiang hua	Hierochloe odorata	Viridiplantae
CHP02748	没药	制没药|没药树|库阿没药|醋没药|炙没药	mo yao	Myrrh	Viridiplantae
CHP02749	玫瑰	玫瑰油	mei gui	Rosa rugosa	Viridiplantae
CHP02750	玫瑰花		mei gui hua	Flos Rosae Rugosae	Viridiplantae
CHP02751	玫瑰露		mei gui lu	Rosa rugosa	Viridiplantae
CHP02752	玫瑰茄		mei gui jia	Hibiscus sabdariffa	Viridiplantae
CHP02753	莓叶委陵菜		mei ye wei ling cai	Potentilla fragarioides	Viridiplantae
CHP02754	梅根		mei gen	Armeniaca mume	Viridiplantae
CHP02755	梅核仁		mei he ren	Japanese Apricot Kernel	Viridiplantae
CHP02756	梅花	白梅花|绿萼梅|乌梅肉|乌梅	mei hua	Flos Mume	Viridiplantae
CHP02757	梅花冰片		mei hua bing pian	Dryobalanops aromatica	Viridiplantae
CHP02758	梅花草		mei hua cao	Parnassia palustris	Viridiplantae
CHP02759	梅花刺根		mei hua ci gen	Prinsepia utilis	Viridiplantae
CHP02760	梅花刺果		mei hua ci guo	Prinsepia utilis	Viridiplantae
CHP02761	美汉草	红紫苏	mei han cao	Meehania fargesii	Viridiplantae
CHP02762	美丽风毛菊		mei li feng mao ju	Saussurea superba	Viridiplantae
CHP02763	美丽胡枝子	马扫帚	mei li hu zhi zi	Lespedeza thunbergii	Viridiplantae
CHP02764	美丽胡枝子根		mei li hu zhi zi gen	Lespedeza thunbergii	Viridiplantae
CHP02765	美丽胡枝子花		mei li hu zhi zi hua	Lespedeza thunbergii	Viridiplantae
CHP02766	美丽鳞毛蕨		mei li lin mao jue	Dryopteris laeta	Viridiplantae
CHP02767	美丽桐		mei li tong	Wightia speciosissima	Viridiplantae
CHP02768	美丽兔尾草	密马	mei li tu wei cao	Uraria picta	Viridiplantae
CHP02769	美人蕉	蕉芋	mei ren jiao	Canna indica	Viridiplantae
CHP02770	美人蕉根		mei ren jiao gen	Canna indica	Viridiplantae
CHP02771	美人蕉花		mei ren jiao hua	Canna indica	Viridiplantae
CHP02772	美商陆叶	商陆叶	mei shang lu ye	Phytolacca acinosa	Viridiplantae
CHP02773	美商陆子	商陆子	mei shang lu zi	Phytolacca americana	Viridiplantae
CHP02774	美穗草		mei sui cao	Veronicastrum brunonianum	Viridiplantae
CHP02775	蒙古马兰		meng gu ma lan	Kalimeris mongolica	Viridiplantae
CHP02776	蒙莸	蓝花茶	meng you	Caryopteris mongholica	Viridiplantae
CHP02777	蒙自草胡椒		meng zi cao hu jiao	Mengzi Peperomia	Viridiplantae
CHP02778	蒙自虎耳草	心叶虎耳草	meng zi hu er cao	Saxifraga mengtzeana	Viridiplantae
CHP02779	蜢臂兰		meng bi lan	Eria corneri	Viridiplantae
CHP02780	梦花根		meng hua gen	Edgeworthia chrysantha	Viridiplantae
CHP02781	迷迭香		mi die xiang	Rosemary	Viridiplantae
CHP02782	迷果芹		mi guo qin	Thin Sphallerocarpus	Viridiplantae
CHP02783	猕猴梨叶		mi hou li ye	Actinidia arguta	Viridiplantae
CHP02784	猕猴桃		mi hou tao	Yangtao Actinidia	Viridiplantae
CHP02785	猕猴桃根		mi hou tao gen	Actinidia Chinensis Planch	Viridiplantae
CHP02786	猕猴桃藤		mi hou tao teng	Actinidia chinensis	Viridiplantae
CHP02787	米百合		mi bai he	Fritillaria davidii	Viridiplantae
CHP02788	米饭花果		mi fan hua guo	Vaccinium sprengelii	Viridiplantae
CHP02789	米皮糠		mi pi kang	Rice Spermoderm	Viridiplantae
CHP02790	米伞花		mi san hua	Primula cernua	Viridiplantae
CHP02791	米碎花		mi sui hua	Eurya chinensis	Viridiplantae
CHP02792	米碎花根		mi sui hua gen	Eurya chinensis	Viridiplantae
CHP02793	米碎木皮		mi sui mu pi	Ilex godajam	Viridiplantae
CHP02794	米团花		mi tuan hua	Leucosceptrum canum	Viridiplantae
CHP02795	米油		mi you	Oryza sativa	Viridiplantae
CHP02796	米仔兰		mi zai lan	Pear Aglaia; Chu-lan Tree	Viridiplantae
CHP02797	米仔兰花	米兰花	mi zai lan hua	Aglaia odorata	Viridiplantae
CHP02798	密花草		mi hua cao	Bergia ammannioides	Viridiplantae
CHP02799	密花角蒿		mi hua jiao hao	Incarvillea compacta	Viridiplantae
CHP02800	密毛桃叶珊瑚根	西藏桃叶珊瑚根	mi mao tao ye shan hu gen	Aucuba himalaica	Viridiplantae
CHP02801	密毛桃叶珊瑚果	长叶珊瑚果|西藏桃叶珊瑚果	mi mao tao ye shan hu guo	Aucuba himalaica	Viridiplantae
CHP02802	密毛桃叶珊瑚叶	西藏桃叶珊瑚叶	mi mao tao ye shan hu ye	Aucuba himalaica	Viridiplantae
CHP02803	密蒙花		mi meng hua	Flos Buddlejae	Viridiplantae
CHP02804	密叶天胡荽		mi ye tian hu sui	Hydrocotyle pseudoconferta	Viridiplantae
CHP02805	密枝问荆		mi zhi wen jing	Equisetum diffusum	Viridiplantae
CHP02806	蜜柑草		mi gan cao	Cathetus ussuriensis	Viridiplantae
CHP02807	蜜桶花	蜂糖罐	mi tong hua	Brandisia hancei	Viridiplantae
CHP02808	绵萆薢		mian bi xie	Dioscoreae Septemlo Bae Rhizoma	Viridiplantae
CHP02809	绵参	光杆琼	mian can	Eriophyton wallichii	Viridiplantae
CHP02810	绵马贯众炭		mian ma guan zhong tan	Dryopteris crassirhizoma	Viridiplantae
CHP02811	绵毛金腰		mian mao jin yao	Chrysosplenium lanuginosum	Viridiplantae
CHP02812	绵三七		mian san qi	Eriosema himalaicum	Viridiplantae
CHP02813	绵藤		mian teng	Pale Bittersweet	Viridiplantae
CHP02814	绵枣儿		mian zao er	Common Squill	Viridiplantae
CHP02815	棉花		mian hua	Levant Cotton Equivalent plant: Gossypium hirsutum, Gossypium barbadense	Viridiplantae
CHP02816	棉花根		mian hua gen	Radix Gossypii	Viridiplantae
CHP02817	棉花壳		mian hua ke	Pericarpium Gossypii herbacei	Viridiplantae
CHP02818	棉花藤		mian hua teng	Clematis apiifolia	Viridiplantae
CHP02819	棉花子		mian hua zi	Semen Gossypii	Viridiplantae
CHP02820	缅茄		mian jia	Afzelia xylocarpa	Viridiplantae
CHP02821	缅枣		mian zao	Indian Jujube	Viridiplantae
CHP02822	面筋		mian jin	Triticum aestivum	Viridiplantae
CHP02823	面头叶		mian tou ye	Smallleaf Knema	Viridiplantae
CHP02824	明党参		ming dang shen	Medicinal Changium	Viridiplantae
CHP02825	明萼草		ming e cao	Rungia chinensis	Viridiplantae
CHP02826	榠樝		ming zha	Chaenomeles sinensis	Viridiplantae
CHP02827	膜缘木香		mo yuan mu xiang	Dolomiaea forrestii	Viridiplantae
CHP02828	磨盘草	台湾磨盘草	mo pan cao	Indian Abutilon	Viridiplantae
CHP02829	磨盘草子		mo pan cao zi	Abutilon indicum	Viridiplantae
CHP02830	磨盘根		mo pan gen	Abutilon indicum	Viridiplantae
CHP02831	魔芋	蒟蒻	mo yu	Amorphophallus variabilis	Viridiplantae
CHP02832	茉莉		mo li	Jasminum sambac	Viridiplantae
CHP02833	茉莉根		mo li gen	Jasminum sambac	Viridiplantae
CHP02834	茉莉花		mo li hua	Arabian Jasmine	Viridiplantae
CHP02835	茉莉花露		mo li hua lu	Jasminum sambac	Viridiplantae
CHP02836	茉莉叶		mo li ye	Jasminum sambac	Viridiplantae
CHP02837	墨旱莲	旱莲草	mo han lian	all-grass of Yerbadetajo	Viridiplantae
CHP02838	母草		mu cao	Lindernia crustacea	Viridiplantae
CHP02839	母菊		mu ju	Mayweed	Viridiplantae
CHP02840	母猪草		mu zhu cao	Dichocarpum auriculatum	Viridiplantae
CHP02841	母猪藤根		mu zhu teng gen	Causonis japonica	Viridiplantae
CHP02842	牡丹皮	牡皮	mu dan pi	Cortex Moutan	Viridiplantae
CHP02843	牡丹藤		mu dan teng	Clematis armandii	Viridiplantae
CHP02844	牡蒿		mu hao	Japanese Wormwood	Viridiplantae
CHP02845	牡蒿根		mu hao gen	root of Artemisia eriopoda	Viridiplantae
CHP02846	木半夏		mu ban xia	Elaeagnus multiflora	Viridiplantae
CHP02847	木半夏根		mu ban xia gen	Radix Elaeagni multiflorae	Viridiplantae
CHP02848	木半夏果实		mu ban xia guo shi	Elaeagnus multiflora	Viridiplantae
CHP02849	木半夏叶		mu ban xia ye	Elaeagnus multiflora	Viridiplantae
CHP02850	木本胡枝子皮		mu ben hu zhi zi pi	Lespedeza buergeri	Viridiplantae
CHP02851	木本胡枝子叶	女金丹|血人参|三叶青	mu ben hu zhi zi ye	Lespedeza buergeri	Viridiplantae
CHP02852	木本远志		mu ben yuan zhi	Polygala wattersii	Viridiplantae
CHP02853	木本猪毛菜		mu ben zhu mao cai	Xylosalsola arbuscula	Viridiplantae
CHP02854	木鳖根		mu bie gen	Momordica cochinchinensis	Viridiplantae
CHP02855	木鳖子		mu bie zi	Momordicae Semen	Viridiplantae
CHP02856	木鳖子根		mu bie zi gen	Momordica cochinchinensis	Viridiplantae
CHP02857	木达地黄		mu da di huang	Melochia corchorifolia	Viridiplantae
CHP02858	木大力王		mu da li wang	Neocinnamomum lecomtei	Viridiplantae
CHP02859	木豆		mu dou	Cajanus cajan	Viridiplantae
CHP02860	木豆叶		mu dou ye	Cajanus cajan	Viridiplantae
CHP02861	木防己	小青藤	mu fang ji	Radix Cocculi Trilobi	Viridiplantae
CHP02862	木芙蓉		mu fu rong	Cottonrose Hibiscus Flower	Viridiplantae
CHP02863	木瓜	秋木瓜	mu gua	Fructus Chaenomelis	Viridiplantae
CHP02864	木瓜根		mu gua gen	Radix Chaenomelis speciosae	Viridiplantae
CHP02865	木瓜核		mu gua he	Semen Chaenomelis speciosae	Viridiplantae
CHP02866	木瓜枝		mu gua zhi	Ramulus et Folium Chaenomelis speciosa	Viridiplantae
CHP02867	木荷		mu he	Fingerleaf Rodgersflower	Viridiplantae
CHP02868	木荷叶		mu he ye	Schima superba	Viridiplantae
CHP02869	木蝴蝶		mu hu die	Semen Oroxyli	Viridiplantae
CHP02870	木蝴蝶树皮		mu hu die shu pi	Indian Trumpetflower Bark	Viridiplantae
CHP02871	木黄连		mu huang lian	Berberis fordii	Viridiplantae
CHP02872	木姜子	大果木姜子油	mu jiang zi	Pungent Litse	Viridiplantae
CHP02873	木姜子根		mu jiang zi gen	Litsea euosma	Viridiplantae
CHP02874	木姜子茎		mu jiang zi jing	Litsea euosma	Viridiplantae
CHP02875	木姜子叶		mu jiang zi ye	Litsea euosma	Viridiplantae
CHP02876	木锦鸡儿		mu jin ji er	Caragana frutex	Viridiplantae
CHP02877	木槿根		mu jin gen	Radix Hibisci syriaci	Viridiplantae
CHP02878	木槿花		mu jin hua	Shrubalthea Flower	Viridiplantae
CHP02879	木槿皮		mu jin pi	Cortex Hibisci Syriaci	Viridiplantae
CHP02880	木槿叶		mu jin ye	Folium Hibisci syriaci	Viridiplantae
CHP02881	木槿子		mu jin zi	Shrubalthea Fruit	Viridiplantae
CHP02882	木橘		mu ju	Sepiaria	Viridiplantae
CHP02883	木蜡树根		mu la shu gen	Toxicodendron sylvestre	Viridiplantae
CHP02884	木蜡树叶		mu la shu ye	Toxicodendron sylvestre	Viridiplantae
CHP02885	木兰花	天目木兰	mu lan hua	Magnolia cylindrica	Viridiplantae
CHP02886	木兰寄生		mu lan ji sheng	Taxillus limprichtii	Viridiplantae
CHP02887	木蓝		mu lan	True Indigo	Viridiplantae
CHP02888	木蓝根	大靛根	mu lan gen	Indigofera tinctoria	Viridiplantae
CHP02889	木榄	红树	mu lan	Common Bruguiera;True  Indigo	Viridiplantae
CHP02890	木莲		mu lian	Manglietia fordiana	Viridiplantae
CHP02891	木莲果	乳源木莲果	mu lian guo	Magnolia fordiana	Viridiplantae
CHP02892	木麻黄		mu ma huang	Horsetail Beefwood	Viridiplantae
CHP02893	木麻黄种子		mu ma huang zhong zi	Casuarina equisetifolia	Viridiplantae
CHP02894	木棉		mu mian	Bombax ceiba	Viridiplantae
CHP02895	木棉根		mu mian gen	Bombax ceiba	Viridiplantae
CHP02896	木棉花		mu mian hua	Flower of Common Bombax	Viridiplantae
CHP02897	木棉皮		mu mian pi	Cortex Bombacis Malabarici	Viridiplantae
CHP02898	木天蓼	葛枣	mu tian liao	Silvervine Actinidia	Viridiplantae
CHP02899	木天蓼根		mu tian liao gen	Actinidia polygama	Viridiplantae
CHP02900	木天蓼子		mu tian liao zi	Actinidia polygama	Viridiplantae
CHP02901	木通	预知子|藏木通|五叶木通	mu tong	Caulis Akebiae	Viridiplantae
CHP02902	木通根		mu tong gen	Fiveleaf Akebia Root Equivalent plant: Akebia trifoliata var australis, Akebia trifoliata	Viridiplantae
CHP02903	木虾公		mu xia gong	Dendrobium lindleyi	Viridiplantae
CHP02904	木香	木香油|藏木香|云木香	mu xiang	Radix Aucklandiae	Viridiplantae
CHP02905	木香花		mu xiang hua	Rosa banksiae	Viridiplantae
CHP02906	木香子		mu xiang zi	Litsea veitchiana	Viridiplantae
CHP02907	木绣球茎		mu xiu qiu jing	Viburnum macrocephalum	Viridiplantae
CHP02908	木贼	木贼草	mu zei	Common Scouring Rush Herb	Viridiplantae
CHP02909	木竹子	山竹子|倒捻子	mu zhu zi	Garcinia multiflora	Viridiplantae
CHP02910	木竹子皮		mu zhu zi pi	Garcinia multiflora	Viridiplantae
CHP02911	木竹子油		mu zhu zi you	Garcinia multiflora	Viridiplantae
CHP02912	木苎麻		mu zhu ma	Boehmeria densiglomerata	Viridiplantae
CHP02913	苜蓿	野苜蓿|黄花苜蓿	mu xu	Alfalfa	Viridiplantae
CHP02914	苜蓿根		mu xu gen	Alfalfa Root	Viridiplantae
CHP02915	慕荷	索骨丹	mu he	Rodgersia aesculifolia	Viridiplantae
CHP02916	拿虎		na hu	Pilea tsiangiana	Viridiplantae
CHP02917	耐冬果		nai dong guo	Cotoneaster microphyllus	Viridiplantae
CHP02918	南板蓝根	马蓝根	nan ban lan gen	Indigowoad root	Viridiplantae
CHP02919	南赤瓟		nan chi bo	Thladiantha nudiflora	Viridiplantae
CHP02920	南川升麻		nan chuan sheng ma	Nanchuan Bugbane	Viridiplantae
CHP02921	南丹参		nan dan shen	Bowley Sage	Viridiplantae
CHP02922	南方红豆杉		nan fang hong dou shan	Taxus mairei	Viridiplantae
CHP02923	南方荚蒾		nan fang jia mi	Viburnum fordiae	Viridiplantae
CHP02924	南方菟丝子		nan fang tu si zi	South Dodder Seed	Viridiplantae
CHP02925	南瓜		nan gua	Cushaw	Viridiplantae
CHP02926	南瓜蒂		nan gua di	Cucurbita moschata	Viridiplantae
CHP02927	南瓜根		nan gua gen	Cucurbita moschata	Viridiplantae
CHP02928	南瓜花		nan gua hua	Cucurbita moschata	Viridiplantae
CHP02929	南瓜藤		nan gua teng	Cucurbita moschata	Viridiplantae
CHP02930	南瓜子		nan gua zi	Semen Cucurbitae	Viridiplantae
CHP02931	南岭黄檀		nan ling huang tan	Dalbergia balansae	Viridiplantae
CHP02932	南牡蒿		nan mu hao	Artemisia Eriopoda	Viridiplantae
CHP02933	南木香	小南木香	nan mu xiang	Aristolochia yunnanensis	Viridiplantae
CHP02934	南山藤		nan shan teng	Twisting Dregea	Viridiplantae
CHP02935	南蛇竻	南蛇簕|苦石莲	nan she le	Caesalpinia minax	Viridiplantae
CHP02936	南蛇竻根		nan she le gen	Caesalpinia minax	Viridiplantae
CHP02937	南蛇竻苗		nan she le miao	Caesalpinia minax	Viridiplantae
CHP02938	南蛇藤	光果南蛇藤|毛脉南蛇藤	nan she teng	Oriental Bittersweet	Viridiplantae
CHP02939	南蛇藤根		nan she teng gen	Oriental Bittersweet Root	Viridiplantae
CHP02940	南蛇藤果		nan she teng guo	Celastri Orbiculati Fructus	Viridiplantae
CHP02941	南蛇藤叶		nan she teng ye	Oriental Bittersweet Leaf	Viridiplantae
CHP02942	南酸枣	广枣	nan suan zao	Axillary Southem Wildjujube	Viridiplantae
CHP02943	南藤	石南藤	nan teng	Piper wallichii	Viridiplantae
CHP02944	南天竹		nan tian zhu	Nandina domestica	Viridiplantae
CHP02945	南天竹根		nan tian zhu gen	Common Nandina Root	Viridiplantae
CHP02946	南天竹梗		nan tian zhu geng	Common Nandina Stem	Viridiplantae
CHP02947	南天竹叶		nan tian zhu ye	Common Nandina Leaf	Viridiplantae
CHP02948	南天竹子		nan tian zhu zi	Common Nandina Fruit	Viridiplantae
CHP02949	南亚新木姜		nan ya xin mu jiang	Neolitsea zeylanica	Viridiplantae
CHP02950	南粤马兜铃		nan yue ma dou ling	Aristolochia howii	Viridiplantae
CHP02951	南烛	小米柴|小果南烛	nan zhu	Oriental Blueberry Fruit	Viridiplantae
CHP02952	南烛根	乌饭树	nan zhu gen	Vaccinium bracteatum	Viridiplantae
CHP02953	南烛叶		nan zhu ye	Vaccinium bracteatum	Viridiplantae
CHP02954	南烛子		nan zhu zi	Oriental Blueberry Fruit	Viridiplantae
CHP02955	楠木	楠材	nan mu	Nanmu	Viridiplantae
CHP02956	楠木皮		nan mu pi	Phoebe zhennan	Viridiplantae
CHP02957	楠藤		nan teng	Mussaenda erosa	Viridiplantae
CHP02958	囊距翠雀		nang ju cui que	Delphinium brunonianum	Viridiplantae
CHP02959	尼泊尔鸢尾子		ni po er yuan wei zi	Iris decora	Viridiplantae
CHP02960	泥炭藓		ni tan xian	Sphagnum girgensohnii Russ.	Viridiplantae
CHP02961	拟进里香		ni jin li xiang	Thymus proximus	Viridiplantae
CHP02962	拟囊果芹		ni nang guo qin	Physospermopsis delavayi	Viridiplantae
CHP02963	娘娘菜		niang niang cai	Lepyrodiclis holosteoides	Viridiplantae
CHP02964	鸟不企		niao bu qi	Aralia decaisneana	Viridiplantae
CHP02965	鸟不企叶		niao bu qi ye	Aralia decaisneana	Viridiplantae
CHP02966	宁波溲疏		ning bo sou shu	Deutzia ningpoensis	Viridiplantae
CHP02967	柠檬		ning meng	Lemon	Viridiplantae
CHP02968	柠檬桉果		ning meng an guo	Corymbia citriodora	Viridiplantae
CHP02969	柠檬桉树脂		ning meng an shu zhi	Corymbia citriodora	Viridiplantae
CHP02970	柠檬桉叶		ning meng an ye	Lemon Eucalyptus Leaf	Viridiplantae
CHP02971	柠檬根		ning meng gen	Lemon  Root ; Lemon Root Equivalent plant: Citrus limonia	Viridiplantae
CHP02972	柠檬皮		ning meng pi	Lemon Pericarp Equivalent plant: Citrus limonia;Lemon Pericarp	Viridiplantae
CHP02973	柠檬叶		ning meng ye	Lemon Leaf Equivalent plant: Citrus limonia;Lemon Leaf	Viridiplantae
CHP02974	柠条		ning tiao	Caragana korshinskii	Viridiplantae
CHP02975	柠条根		ning tiao gen	Caragana korshinskii	Viridiplantae
CHP02976	柠条花		ning tiao hua	Caragana korshinskii	Viridiplantae
CHP02977	柠条子		ning tiao zi	Caragana korshinskii	Viridiplantae
CHP02978	柠条籽		ning tiao zi	Caragana korshinskii	Viridiplantae
CHP02979	牛白藤		niu bai teng	Oldenlandia hedyotidea	Viridiplantae
CHP02980	牛白藤根		niu bai teng gen	Oldenlandia hedyotidea	Viridiplantae
CHP02981	牛伴木		niu ban mu	Viburnum luzonicum	Viridiplantae
CHP02982	牛蒡		niu bang	Arctium lappa	Viridiplantae
CHP02983	牛蒡根		niu bang gen	Great Burdock Root	Viridiplantae
CHP02984	牛蒡茎叶		niu bang jing ye	Great Burdock	Viridiplantae
CHP02985	牛蒡子		niu bang zi	Fructus Arctii	Viridiplantae
CHP02986	牛鼻栓		niu bi shuan	Fortunearia sinensis	Viridiplantae
CHP02987	牛扁		niu bian	Puberulent Monkshood	Viridiplantae
CHP02988	牛抄藤		niu chao teng	Lygodium flexuosum	Viridiplantae
CHP02989	牛轭草		niu e cao	Murdannia loriformis	Viridiplantae
CHP02990	牛儿藤	石萝藤	niu er teng	Berchemia flavescens	Viridiplantae
CHP02991	牛耳大黄		niu er dai huang	Crisped Dock	Viridiplantae
CHP02992	牛耳大黄叶		niu er dai huang ye	Rumex crispus	Viridiplantae
CHP02993	牛耳朵		niu er duo	Primulina eburnea	Viridiplantae
CHP02994	牛耳枫		niu er feng	Daphniphyllum calycinum	Viridiplantae
CHP02995	牛耳枫根		niu er feng gen	Daphniphyllum calycinum	Viridiplantae
CHP02996	牛耳枫枝叶		niu er feng zhi ye	Daphniphyllum calycinum	Viridiplantae
CHP02997	牛耳枫子		niu er feng zi	Calyx-shaped Daphniphyllum Fruit	Viridiplantae
CHP02998	牛角瓜		niu jiao gua	Calotropis gigantea	Viridiplantae
CHP02999	牛角七		niu jiao qi	Aralia apioides	Viridiplantae
CHP03000	牛筋草		niu jin cao	Eleusine indica	Viridiplantae
CHP03001	牛筋刺寄生		niu jin ci ji sheng	Taxillus thibetensis	Viridiplantae
CHP03002	牛筋果		niu jin guo	Perforated Harrisonia	Viridiplantae
CHP03003	牛马藤		niu ma teng	Mucuna sempervirens	Viridiplantae
CHP03004	牛毛草		niu mao cao	Bulbostylis barbata	Viridiplantae
CHP03005	牛目椒	伞花马钱	niu mu jiao	Strychnos cathayensis	Viridiplantae
CHP03006	牛奶柴		niu nai chai	Ficus erecta	Viridiplantae
CHP03007	牛奶浆草		niu nai jiang cao	Euphorbia sieboldiana	Viridiplantae
CHP03008	牛奶浆根		niu nai jiang gen	Ficus erecta	Viridiplantae
CHP03009	牛奶莓		niu nai mei	Rubus sumatranus	Viridiplantae
CHP03010	牛奶树	对叶榕	niu nai shu	Ficus hispida	Viridiplantae
CHP03011	牛奶树子		niu nai shu zi	Ficus hispida	Viridiplantae
CHP03012	牛皮草		niu pi cao	Medinilla assamica	Viridiplantae
CHP03013	牛舌草	牛舌草花	niu she cao	Toothedfruit Dock	Viridiplantae
CHP03014	牛舌癀		niu she huang	Callicarpa kochiana	Viridiplantae
CHP03015	牛舌头		niu she tou	Field Sowthistle	Viridiplantae
CHP03016	牛藤	木通七叶莲|川牛藤	niu teng	Stauntonia hexaphylla	Viridiplantae
CHP03017	牛藤果		niu teng guo	Stauntonia hexaphylla	Viridiplantae
CHP03018	牛尾菜		niu wei cai	Oxtail Greenbrier	Viridiplantae
CHP03019	牛尾独活		niu wei du huo	Hemsley Cowparsnip Equivalent plant: Heracleum yungningense, Heracleum moellendorffii	Viridiplantae
CHP03020	牛尾蒿		niu wei hao	Herba Artemisiae subdigitatae	Viridiplantae
CHP03021	牛尾泡		niu wei pao	Rubus ichangensis	Viridiplantae
CHP03022	牛西西	西藏酸模	niu xi xi	Radix Rumicis Patientiae	Viridiplantae
CHP03023	牛西西叶		niu xi xi ye	Rumex patientia	Viridiplantae
CHP03024	牛膝	倒扣草|酒牛膝|怀牛膝|酒川牛膝|土牛膝|川牛膝|云牛膝	niu xi	Radix Achyranthis Bidentatae	Viridiplantae
CHP03025	牛膝茎叶		niu xi jing ye	Caulis et Folium Achyranthi bidentatae	Viridiplantae
CHP03026	牛心果		niu xin guo	Annona reticulata	Viridiplantae
CHP03027	牛心茄子	海杧果	niu xin qie zi	Common Cerberustree	Viridiplantae
CHP03028	牛至		niu zhi	Origanum vulgare	Viridiplantae
CHP03029	扭肚藤		niu du teng	Jasminum elongatum	Viridiplantae
CHP03030	扭筋草	劲直酢浆草	niu jin cao	Oxalis stricta	Viridiplantae
CHP03031	扭序花	青箭	niu xu hua	Clinacanthus nutans	Viridiplantae
CHP03032	扭子菜		niu zi cai	Homocodon brevipes	Viridiplantae
CHP03033	钮子瓜		niu zi gua	Zehneria maysorensis	Viridiplantae
CHP03034	脓见愁		nong jian chou	Sida alnifolia	Viridiplantae
CHP03035	脓见愁根		nong jian chou gen	Sida alnifolia	Viridiplantae
CHP03036	奴柘刺		nu zhe ci	Maclura cochinchinensis	Viridiplantae
CHP03037	挪挪果		nuo nuo guo	Flacourtia indica	Viridiplantae
CHP03038	糯稻根		nuo dao gen	Glutinous Rice root	Viridiplantae
CHP03039	糯米		nuo mi	Oryza sativa	Viridiplantae
CHP03040	糯米藤		nuo mi teng	Gonostegia hirta	Viridiplantae
CHP03041	女儿红叶		nv er hong ye	Berchemia yunnanensis	Viridiplantae
CHP03042	女娄菜		nv lou cai	Silene aprica	Viridiplantae
CHP03043	女娄菜根		nv lou cai gen	Silene aprica	Viridiplantae
CHP03044	女菀		nv wan	Aster fastigiatus	Viridiplantae
CHP03045	女萎		nv wei	Clematis apiifolia	Viridiplantae
CHP03046	女贞根		nv zhen gen	Radix Ligustri lucidi	Viridiplantae
CHP03047	女贞皮		nv zhen pi	Ligustrum lucidum	Viridiplantae
CHP03048	女贞叶		nv zhen ye	Folium Ligustri lucidi	Viridiplantae
CHP03049	女贞子	酒女贞子	nv zhen zi	fruit of Glossy privet	Viridiplantae
CHP03050	欧当归		ou dang gui	Garden Lovage	Viridiplantae
CHP03051	欧活血丹	北刘寄奴|金钟茵陈|阴行草|铃茵陈	ou huo xue dan	Siphonostegia chinensis	Viridiplantae
CHP03052	欧绵马		ou mian ma	Dryopteris filix-mas (L.) Schott	Viridiplantae
CHP03053	欧鼠李		ou shu li	Glossy Buckthorn	Viridiplantae
CHP03054	欧泽芹		ou ze qin	Greater Water-parsnip	Viridiplantae
CHP03055	藕粉		ou fen	Nelumbo nucifera	Viridiplantae
CHP03056	藕节		ou jie	node of lotus rhizome	Viridiplantae
CHP03057	藕蔤	藕|藕片|鲜藕	ou mi	Nelumbo nucifera	Viridiplantae
CHP03058	爬地卷柏	小过江龙	pa di juan bai	Selaginella davidii	Viridiplantae
CHP03059	爬山猴		pa shan hou	Begonia wangii	Viridiplantae
CHP03060	爬树龙		pa shu long	Tetrastigma triphyllum	Viridiplantae
CHP03061	爬藤榕		pa teng rong	Ficus sarmentosa	Viridiplantae
CHP03062	帕梯	假菠萝	pa ti	Pandanus furcatus	Viridiplantae
CHP03063	帕梯果		pa ti guo	Pandanus furcatus	Viridiplantae
CHP03064	排钱草根		pai qian cao gen	Beautiful Phyllodium Root	Viridiplantae
CHP03065	盘肠草		pan chang cao	Cucurbita moschata	Viridiplantae
CHP03066	盘龙参		pan long can	Spiranthes sinensis	Viridiplantae
CHP03067	盘龙七		pan long qi	Bergenia scopulosa	Viridiplantae
CHP03068	螃蟹甲		pang xie jia	Phlomoides younghusbandii	Viridiplantae
CHP03069	螃蟹七		pang xie qi	Arisaema fargesii	Viridiplantae
CHP03070	胖大海		pang da hai	Boat-fruited Sterculia Seed	Viridiplantae
CHP03071	泡花树	灵寿茨	pao hua shu	Meliosma rigida	Viridiplantae
CHP03072	泡花子		pao hua zi	Symplocos cochinchinensis	Viridiplantae
CHP03073	泡囊草		pao nang cao	Common Physochlaina	Viridiplantae
CHP03074	泡囊草根		pao nang cao gen	Physochlaina physaloides	Viridiplantae
CHP03075	泡桐		pao tong	Fortune diarrhea	Viridiplantae
CHP03076	泡桐根		pao tong gen	Paulownia fortunei	Viridiplantae
CHP03077	泡桐果		pao tong guo	Fructus Paulowniae fortunei	Viridiplantae
CHP03078	泡桐花		pao tong hua	Flos Paulowniae fortunei	Viridiplantae
CHP03079	泡桐木皮		pao tong mu pi	Catalpa fargesii	Viridiplantae
CHP03080	泡桐树皮		pao tong shu pi	Paulownia fortunei	Viridiplantae
CHP03081	炮姜		pao jiang	Roasted Ginger	Viridiplantae
CHP03082	佩兰	千金花|泽兰叶	pei lan	Fortune Eupatorium Herb	Viridiplantae
CHP03083	蓬莪术		peng e shu	Curcuma zedoaria Rosc	Viridiplantae
CHP03084	蓬莱草		peng lai cao	Knotteflower Phyla Herb	Viridiplantae
CHP03085	蓬莱葛		peng lai ge	Gardneria multiflora	Viridiplantae
CHP03086	蓬蘽	乌泡刺|乌龙摆尾	peng lei	Rubus tephrodes	Viridiplantae
CHP03087	蓬子菜		peng zi cai	Yellow Bedstraw	Viridiplantae
CHP03088	蟛蜞菊		peng qi ju	Chinese Wedelia	Viridiplantae
CHP03089	披麻草根		pi ma cao gen	Veratrum taliense	Viridiplantae
CHP03090	披散糖芥	披散糖荠	pi san tang jie	Erysimum diffusum	Viridiplantae
CHP03091	披针叶毛茛		pi zhen ye mao gen	Ranunculus amurensis	Viridiplantae
CHP03092	披针叶兔耳风		pi zhen ye tu er feng	Ainsliaea lancifolia	Viridiplantae
CHP03093	披针叶卫矛	西南卫矛	pi zhen ye wei mao	Euonymus hamiltonianus	Viridiplantae
CHP03094	披针叶野决明	牧马豆	pi zhen ye ye jue ming	Thermopsis lanceolata	Viridiplantae
CHP03095	皮带香		pi dai xiang	Magnolia laevifolia	Viridiplantae
CHP03096	皮袋香根		pi dai xiang gen	Magnolia laevifolia	Viridiplantae
CHP03097	皮哨子		pi shao zi	Chuandian Soapberry Seed	Viridiplantae
CHP03098	枇杷	枇杷仁	pi pa	Loquat	Viridiplantae
CHP03099	枇杷核		pi pa he	Loquat Seed	Viridiplantae
CHP03100	枇杷花		pi pa hua	Eriobotrya japonica	Viridiplantae
CHP03101	枇杷木白皮		pi pa mu bai pi	Eriobotrya japonica	Viridiplantae
CHP03102	枇杷叶	蜜炙杷叶|蜜枇杷叶	pi pa ye	Loquat Leaf	Viridiplantae
CHP03103	枇杷芋		pi pa yu	Xylanche himalaica	Viridiplantae
CHP03104	啤酒花	野酒花	pi jiu hua	European Hop Female-flower	Viridiplantae
CHP03105	辟汗草	黄零陵香|草木樨	pi han cao	Daghestan Sweetclover	Viridiplantae
CHP03106	偏瓣花根		pian ban hua gen	Plagiopetalum esquirolii	Viridiplantae
CHP03107	偏翅唐松草		pian chi tang song cao	Delavay Meadowrue	Viridiplantae
CHP03108	偏翅唐松草根		pian chi tang song cao gen	Thaiictrum delavayi Franch.	Viridiplantae
CHP03109	偏叶白齿藓		pian ye bai chi xian	Leucodon secundus	Viridiplantae
CHP03110	飘拂草		piao fu cao	Dichotomous Fimbristylis	Viridiplantae
CHP03111	平贝母		ping bei mu	Ussuri Fritillary Bulb	Viridiplantae
CHP03112	平地木		ping di mu	Ardisia japonica	Viridiplantae
CHP03113	苹果		ping guo	Apple	Viridiplantae
CHP03114	瓶尔小草		ping er xiao cao	Adder’s Tongue	Viridiplantae
CHP03115	瓶蕨		ping jue	Vandenboschia auriculata	Viridiplantae
CHP03116	萍蓬草		ping peng cao	Cowlily	Viridiplantae
CHP03117	萍蓬草根		ping peng cao gen	Nuphar pumila	Viridiplantae
CHP03118	萍蓬草子		ping peng cao zi	Nuphar pumila	Viridiplantae
CHP03119	婆罗门参		po luo men can	Tragopogon porrifolius	Viridiplantae
CHP03120	婆罗门皂荚		po luo men zao jia	Goldenshower Senna Fruit	Viridiplantae
CHP03121	婆婆纳		po po na	Veronica polita	Viridiplantae
CHP03122	婆婆指甲菜		po po zhi jia cai	Cerastium glomeratum	Viridiplantae
CHP03123	破布草		po bu cao	Stachys kouyangensis	Viridiplantae
CHP03124	破布木	青桐翠木	po bu mu	Cordia dichotoma	Viridiplantae
CHP03125	破骨风		po gu feng	Jasminum lanceolarium	Viridiplantae
CHP03126	破头风		po tou feng	Androsace henryi	Viridiplantae
CHP03127	破叶莲	赣皖乌头	po ye lian	Aconitum finetianum	Viridiplantae
CHP03128	菩提树花		pu ti shu hua	Miquel Linden Equivalent plant: Tilia japonica;Miquel Linden	Viridiplantae
CHP03129	菩提树皮		pu ti shu pi	Tilia miqueliana	Viridiplantae
CHP03130	葡萄	白葡萄	pu tao	Rose Apple	Viridiplantae
CHP03131	葡萄叶秋海棠		pu tao ye qiu hai tang	Begonia edulis	Viridiplantae
CHP03132	葡萄柚		pu tao you	Grapefruit	Viridiplantae
CHP03133	蒲棒		pu bang	Typha angustata	Viridiplantae
CHP03134	蒲公英	薄公英	pu gong ying	Herba Taraxaci	Viridiplantae
CHP03135	蒲黄	蒲黄炭|生蒲黄	pu huang	pollen of longbract cattail	Viridiplantae
CHP03136	蒲葵根		pu kui gen	Livistona chinensis	Viridiplantae
CHP03137	蒲葵叶		pu kui ye	Livistona chinensis	Viridiplantae
CHP03138	蒲葵子		pu kui zi	Livistona chinensis	Viridiplantae
CHP03139	蒲桃		pu tao	Roseapple	Viridiplantae
CHP03140	蒲桃根皮		pu tao gen pi	Syzygium jambos	Viridiplantae
CHP03141	蒲桃壳		pu tao ke	Syzygium jambos	Viridiplantae
CHP03142	朴树根皮		pu shu gen pi	Celtis tetrandra	Viridiplantae
CHP03143	朴树皮		pu shu pi	Celtis tetrandra	Viridiplantae
CHP03144	朴树叶		pu shu ye	Celtis tetrandra	Viridiplantae
CHP03145	朴松实	秦岭冷杉	pu song shi	Abies chensiensis	Viridiplantae
CHP03146	铺地黍		pu di shu	Panicum repens	Viridiplantae
CHP03147	铺地黍根		pu di shu gen	Panicum repens	Viridiplantae
CHP03148	铺地蜈蚣		pu di wu gong	Cernuous Clubmoss	Viridiplantae
CHP03149	铺山燕		pu shan yan	Elaeagnus loureirii	Viridiplantae
CHP03150	七角白蔹		qi jiao bai lian	Ampelopsis humulifolia	Viridiplantae
CHP03151	七角枫	七角风	qi jiao feng	Macropanax rosthornii	Viridiplantae
CHP03152	七厘丹		qi li dan	Veratrum japonicum	Viridiplantae
CHP03153	七里明		qi li ming	Blumea clarkei	Viridiplantae
CHP03154	七星草		qi xing cao	Selliguea trisecta	Viridiplantae
CHP03155	七星剑	细叶七星剑	qi xing jian	Mosla cavaleriei	Viridiplantae
CHP03156	七叶莲		qi ye lian	root of Scandent Schefflera	Viridiplantae
CHP03157	七叶一把伞		qi ye yi ba san	Actinodaphne obovata	Viridiplantae
CHP03158	七爪风		qi zhao feng	Rubus reflexus	Viridiplantae
CHP03159	桤木		qi mu	Alnus cremastogyne	Viridiplantae
CHP03160	桤木皮		qi mu pi	Alnus cremastogyne	Viridiplantae
CHP03161	桤木枝梢		qi mu zhi shao	Alnus cremastogyne	Viridiplantae
CHP03162	漆大姑	毛果算盘子	qi da gu	Glochidion eriocarpum	Viridiplantae
CHP03163	漆大姑根		qi da gu gen	Glochidion eriocarpum	Viridiplantae
CHP03164	漆姑草		qi gu cao	Pearlwort	Viridiplantae
CHP03165	漆树根		qi shu gen	true lacquertree root	Viridiplantae
CHP03166	漆树木心		qi shu mu xin	Toxicodendron vernicifluum	Viridiplantae
CHP03167	漆树皮		qi shu pi	Toxicodendron vernicifluum	Viridiplantae
CHP03168	漆叶		qi ye	Toxicodendron vernicifluum	Viridiplantae
CHP03169	漆子		qi zi	True Lacquer Seed	Viridiplantae
CHP03170	齐墩果		qi dun guo	Olea europaea L.	Viridiplantae
CHP03171	奇蒿	刘寄奴	qi hao	Artemisia anomala	Viridiplantae
CHP03172	奇林翠雀		qi lin cui que	Delphinium candelabrum	Viridiplantae
CHP03173	鳍蓟		qi ji	Olgaea leucophylla	Viridiplantae
CHP03174	槭叶草		qi ye cao	Mukdenia rossii	Viridiplantae
CHP03175	千层塔	蛇足石杉	qian ceng ta	Serrate Clubmoss	Viridiplantae
CHP03176	千打锤	鼎湖钓樟	qian da chui	Lindera chunii	Viridiplantae
CHP03177	千解草		qian jie cao	Herbaceous Pygmaeopremna	Viridiplantae
CHP03178	千斤拔		qian jin ba	root of Philippine Flemingia	Viridiplantae
CHP03179	千金藤		qian jin teng	Japanese Staphania	Viridiplantae
CHP03180	千金子	续随子	qian jin zi	Semen Euphorbiae	Viridiplantae
CHP03181	千金子霜		qian jin zi shuang	Semen Euphorbiae Pulveratum	Viridiplantae
CHP03182	千里光		qian li guang	Herba Senecionis Scandentis	Viridiplantae
CHP03183	千里马		qian li ma	Thalictrum finetii	Viridiplantae
CHP03184	千年艾	芙蓉菊叶|香菊	qian nian ai	Crossostephium chinense	Viridiplantae
CHP03185	千年健		qian nian jian	Rhizoma Homalomenae	Viridiplantae
CHP03186	千屈菜	毛千屈菜|千屈草	qian qu cai	Spiked Loosestrife Equivalent plant: Lythrum anceps	Viridiplantae
CHP03187	千日红		qian ri hong	flower of Globeamaranth	Viridiplantae
CHP03188	千叶独活		qian ye du huo	Heracleum millefolium	Viridiplantae
CHP03189	千针万线草	钱针万线草	qian zhen wan xian cao	Stellaria yunnanensis	Viridiplantae
CHP03190	千只眼		qian zhi yan	Murraya tetramera	Viridiplantae
CHP03191	杄木		qian mu	Picea meyeri	Viridiplantae
CHP03192	牵牛子		qian niu zi	Pharbitis seed	Viridiplantae
CHP03193	前胡	紫花前胡|漓江前胡	qian hu	Radix Peucedani	Viridiplantae
CHP03194	芡实		qian shi	seed of Gordon Euryale	Viridiplantae
CHP03195	芡实根		qian shi gen	Gordon Euryale Root	Viridiplantae
CHP03196	芡实茎		qian shi jing	Caulis Euryales ferox	Viridiplantae
CHP03197	芡实叶		qian shi ye	Folium Euryales ferox	Viridiplantae
CHP03198	茜草	多花茜草|藏茜草	xi cao	Radix et Rhizoma Rubiae	Viridiplantae
CHP03199	茜草根		xi cao gen	Radix et Rhizoma Rubiae	Viridiplantae
CHP03200	茜草茎		xi cao jing	Rubia cordifolia	Viridiplantae
CHP03201	茜草藤		xi cao teng	Caulis et Folium Rubiae	Viridiplantae
CHP03202	羌活	宽叶羌活	qiang huo	Rhizoma et Radix Notopterygii	Viridiplantae
CHP03203	枪刀菜根	毛连菜根	qiang dao cai gen	Picris hieracioides	Viridiplantae
CHP03204	枪刀药	青丝线|三花枪刀药根|三花枪刀药	qiang dao yao	Purple Hypoestes	Viridiplantae
CHP03205	强威生草	山鸡腿	qiang wei sheng cao	Lobelia pleotricha	Viridiplantae
CHP03206	墙草		qiang cao	Parietaria micrantha	Viridiplantae
CHP03207	墙草根		qiang cao gen	Parietaria micrantha	Viridiplantae
CHP03208	蔷薇根		qiang wei gen	Japanese Rose Root	Viridiplantae
CHP03209	蔷薇花	白残花|蔷薇露	qiang wei hua	Rosa multiflora	Viridiplantae
CHP03210	蔷薇叶		qiang wei ye	Rosa multiflora	Viridiplantae
CHP03211	蔷薇枝		qiang wei zhi	Rosa multiflora	Viridiplantae
CHP03212	乔木紫珠		qiao mu zi zhu	Tree Beautyberry	Viridiplantae
CHP03213	荞麦		qiao mai	Common Buckwheat	Viridiplantae
CHP03214	茄子	茄	qie zi	Garden Eggplant	Viridiplantae
CHP03215	茄子根	茄根	qie zi gen	Solanum melongena	Viridiplantae
CHP03216	窃衣		qie yi	Torilis scabra	Viridiplantae
CHP03217	芹花		qin hua	Javan Waterdropwort Flower	Viridiplantae
CHP03218	秦艽	粗茎秦艽|苦地胆|秦艽花	qin jiao	Radix Gentianae Macrophyllae	Viridiplantae
CHP03219	秦岭耧斗菜		qin ling lou dou cai	Aquilegia incurvata	Viridiplantae
CHP03220	琴唇万带兰		qin chun wan dai lan	Vanda concolor	Viridiplantae
CHP03221	琴叶榕		qin ye rong	Ficus pandurata	Viridiplantae
CHP03222	青藏虎耳草		qing cang hu er cao	Saxifraga przewalskii	Viridiplantae
CHP03223	青黛		qing dai	Indigo Naturalis	Viridiplantae
CHP03224	青麸杨根	红麸杨根	qing fu yang gen	Rhus potaninii	Viridiplantae
CHP03225	青杠碗		qing gang wan	Quercus variabilis	Viridiplantae
CHP03226	青果	咸青果|青果核|鲜青果	qing guo	Fructus Canarii	Viridiplantae
CHP03227	青海马尾连		qing hai ma yi lian	Thalictrum przewalskii	Viridiplantae
CHP03228	青海鸢尾子		qing hai yuan wei zi	Iris qinghainica	Viridiplantae
CHP03229	青蒿	黄花蒿|青篙叶|青蒿油|青篙	qing hao	Herba Artemisiae Annuae	Viridiplantae
CHP03230	青蒿根		qing hao gen	Radix Artemiiae annua	Viridiplantae
CHP03231	青蒿露		qing hao lu	Artemisia carvifolia	Viridiplantae
CHP03232	青蒿子		qing hao zi	Sweet Wormwood seed	Viridiplantae
CHP03233	青胡桃果		qing hu tao guo	Juglans regia	Viridiplantae
CHP03234	青灰叶下珠		qing hui ye xia zhu	Kirganelia glauca	Viridiplantae
CHP03235	青江藤		qing jiang teng	Celastrus hindsii	Viridiplantae
CHP03236	青脚莲		qing jiao lian	Arisaema decipiens	Viridiplantae
CHP03237	青稞		qing ke	Avena chinensis	Viridiplantae
CHP03238	青兰		qing lan	Dracocephalum ruyschiana	Viridiplantae
CHP03239	青龙藤	捆仙丝	qing long teng	Vincetoxicum henryi	Viridiplantae
CHP03240	青棉花藤		qing mian hua teng	Hydrangea viburnoides	Viridiplantae
CHP03241	青棉花藤根		qing mian hua teng gen	Hydrangea viburnoides	Viridiplantae
CHP03242	青棉花藤叶		qing mian hua teng ye	Hydrangea viburnoides	Viridiplantae
CHP03243	青皮	醋青皮|地青皮	qing pi	Pericarpium Citri Reticulatae Viride	Viridiplantae
CHP03244	青皮木	碎骨仔树|华青皮木	qing pi mu	Schoepfia chinensis	Viridiplantae
CHP03245	青钱柳		qing qian liu	Roundwingfruit Cyclocarya	Viridiplantae
CHP03246	青钱柳叶		qing qian liu ye	Cyclocarya paliurus	Viridiplantae
CHP03247	青丝龙		qing si long	Phlegmariurus mingcheensis	Viridiplantae
CHP03248	青蒜		qing suan	Allium sativum L	Viridiplantae
CHP03249	青檀香	黑皮青木香	qing tan xiang	Cocculus trilobus	Viridiplantae
CHP03250	青藤子		qing teng zi	Jasminum nervosum	Viridiplantae
CHP03251	青天葵		qing tian kui	Folium Nervilia Fordii	Viridiplantae
CHP03252	青通草	青荚叶茎髓	qing tong cao	Helwingia japonica	Viridiplantae
CHP03253	青溪鳞毛蕨		qing xi lin mao jue	Dryopteris labordei	Viridiplantae
CHP03254	青葙		qing xiang	Feather Cockscomb	Viridiplantae
CHP03255	青葙花		qing xiang hua	Celosia argentea	Viridiplantae
CHP03256	青葙子		qing xiang zi	Semen Celosiae	Viridiplantae
CHP03257	青羊参		qing yang can	Auricledleaf Mosquitotrap	Viridiplantae
CHP03258	青叶胆		qing ye dan	All - grass of Mile Swertia	Viridiplantae
CHP03259	青鱼胆草		qing yu dan cao	Tripterospermum cordatum	Viridiplantae
CHP03260	青榨槭	飞蛾树	qing zha qi	Acer davidii	Viridiplantae
CHP03261	青竹标根		qing zhu biao gen	Lysionotus serratus	Viridiplantae
CHP03262	青竹蛇		qing zhu she	Ormosia fordiana	Viridiplantae
CHP03263	清风藤		qing feng teng	Sabia japonica	Viridiplantae
CHP03264	清酒缸	小槐花	qing jiu gang	Ohwia caudata	Viridiplantae
CHP03265	清酒缸根		qing jiu gang gen	Ohwia caudata	Viridiplantae
CHP03266	清明花	炮弹果	qing ming hua	Easter Heraldtrumpet	Viridiplantae
CHP03267	蜻蜓兰		qing ting lan	Tulotis asiatica	Viridiplantae
CHP03268	苘麻	苘实	qing ma	Abutilon theophrasti	Viridiplantae
CHP03269	苘麻根		qing ma gen	Abutilon theophrasti	Viridiplantae
CHP03270	苘麻子		qing ma zi	Chingma Abutilon Seed	Viridiplantae
CHP03271	箐跌打		qing die da	Gynura cusimbua	Viridiplantae
CHP03272	秋枫		qiu feng	Bischofia javanica	Viridiplantae
CHP03273	秋枫木		qiu feng mu	Javan Bishopwood	Viridiplantae
CHP03274	秋海棠		qiu hai tang	Begonia grandis	Viridiplantae
CHP03275	秋海棠根		qiu hai tang gen	Begonia grandis	Viridiplantae
CHP03276	秋海棠果		qiu hai tang guo	Begonia grandis	Viridiplantae
CHP03277	秋海棠花		qiu hai tang hua	Begonia grandis	Viridiplantae
CHP03278	秋海棠茎叶		qiu hai tang jing ye	Begonia grandis	Viridiplantae
CHP03279	秋葵		qiu kui	Abelmoschus esculentus	Viridiplantae
CHP03280	秋葡萄		qiu pu tao	Vitis romanetii	Viridiplantae
CHP03281	秋葡萄茎		qiu pu tao jing	Vitis romanetii	Viridiplantae
CHP03282	秋鼠曲草	天水蚁草	qiu shu qu cao	Pseudognaphalium hypoleucum	Viridiplantae
CHP03283	秋水仙		qiu shui xian	Meadow Saffron	Viridiplantae
CHP03284	秋子梨		qiu zi li	Pyrus ussuriensis	Viridiplantae
CHP03285	蚯疽草		qiu ju cao	Dichrocephala auriculata	Viridiplantae
CHP03286	楸木果		qiu mu guo	Catalpa bungei	Viridiplantae
CHP03287	楸木皮		qiu mu pi	Catalpa bungei	Viridiplantae
CHP03288	楸树		qiu shu	Catalpa bungei	Viridiplantae
CHP03289	楸叶		qiu ye	Catalpa bungei	Viridiplantae
CHP03290	楸子		qiu zi	Malus prunifolia	Viridiplantae
CHP03291	球果藤		qiu guo teng	Aspidocarya uvifera	Viridiplantae
CHP03292	球核荚蒾		qiu he jia mi	Viburnum propinquum	Viridiplantae
CHP03293	球花党参		qiu hua dang shen	Subglobose Asiabell	Viridiplantae
CHP03294	球兰		qiu lan	Hoya carnosa	Viridiplantae
CHP03295	曲花紫堇		qu hua zi jin	Corydalis curviflora	Viridiplantae
CHP03296	曲枝假蓝		qu zhi jia lan	Strobilanthes dalzielii	Viridiplantae
CHP03297	曲枝天冬		qu zhi tian dong	Asparagus trichophyllus	Viridiplantae
CHP03298	曲枝天门冬		qu zhi tian men dong	Asparagus trichophyllus	Viridiplantae
CHP03299	驱虫斑鸠菊		qu chong ban jiu ju	Worm-killed Bitterleaf	Viridiplantae
CHP03300	驱风通		qu feng tong	Zanthoxylum myriacanthum	Viridiplantae
CHP03301	屈头鸡根		qu tou ji gen	Capparis versicolor	Viridiplantae
CHP03302	瞿麦		qu mai	all-grass of Lilac Pink	Viridiplantae
CHP03303	全叶马兰		quan ye ma lan	Kalimeris integrifolia	Viridiplantae
CHP03304	全叶青兰		quan ye qing lan	Dracocephalum integrifolium	Viridiplantae
CHP03305	全缘凤尾蕨		quan yuan feng wei jue	Pteris insignis	Viridiplantae
CHP03306	拳参		quan can	rhizome of Bistort	Viridiplantae
CHP03307	雀麦		que mai	Bromus japonicus	Viridiplantae
CHP03308	雀麦米		que mai mi	Bromus japonicus	Viridiplantae
CHP03309	雀梅藤		que mei teng	Hedge Sageretia	Viridiplantae
CHP03310	雀梅藤叶		que mei teng ye	Sageretia thea	Viridiplantae
CHP03311	雀翘		que qiao	Persicaria sagittata	Viridiplantae
CHP03312	雀舌豆		que she dou	Dumasia forrestii	Viridiplantae
CHP03313	苒苒草		ran ran cao	Clematis glauca	Viridiplantae
CHP03314	蘘荷	野姜	rang he	Zingiber mioga	Viridiplantae
CHP03315	蘘荷花		rang he hua	Zingiber mioga	Viridiplantae
CHP03316	蘘荷子		rang he zi	Zingiber mioga	Viridiplantae
CHP03317	荛花		rao hua	Wikstroemia canescens	Viridiplantae
CHP03318	荛花根		rao hua gen	Wikstroemia canescens	Viridiplantae
CHP03319	人参	鲜人参|生晒参芦头|生晒参|人参茎叶	ren shen	Ginseng	Viridiplantae
CHP03320	人参果		ren shen guo	Herminium monorchis	Viridiplantae
CHP03321	人参芦		ren shen lu	Ginseng Reed	Viridiplantae
CHP03322	人参须		ren shen xu	Panax ginseng	Viridiplantae
CHP03323	人参叶		ren shen ye	Ginseng Leaf	Viridiplantae
CHP03324	人面子		ren mian zi	Dracontomelon duperreanum	Viridiplantae
CHP03325	人面子根皮		ren mian zi gen pi	Dracontomelon duperreanum	Viridiplantae
CHP03326	人面子叶		ren mian zi ye	Dracontomelon duperreanum	Viridiplantae
CHP03327	人中黄		ren zhong huang	Glycyrrhiza uralensis	Viridiplantae
CHP03328	忍冬藤		ren dong teng	Caulis Lonicerae Japonicae	Viridiplantae
CHP03329	日中花		ri zhong hua	Portulaca pilosa	Viridiplantae
CHP03330	茸草		rong cao	Lindenbergia philippensis	Viridiplantae
CHP03331	绒背蓟	猫腿姑	rong bei ji	Cirsium vlassovianum	Viridiplantae
CHP03332	绒毛粉背蕨		rong mao fen bei jue	Aleuritopteris subvillosa	Viridiplantae
CHP03333	绒毛桢楠		rong mao zhen nan	Machilus velutina	Viridiplantae
CHP03334	榕树	榕树须	rong shu	Smallfruit Fig	Viridiplantae
CHP03335	榕树果		rong shu guo	Ficus microcarpa	Viridiplantae
CHP03336	榕树胶汁		rong shu jiao zhi	Ficus microcarpa	Viridiplantae
CHP03337	榕树皮		rong shu pi	Ficus microcarpa	Viridiplantae
CHP03338	榕树叶		rong shu ye	Ficus microcarpa	Viridiplantae
CHP03339	榕须		rong xu	Ficus microcarpa	Viridiplantae
CHP03340	柔毛艾纳香	红头小仙	rou mao ai na xiang	Blumea mollis	Viridiplantae
CHP03341	肉苁蓉	苁蓉|酒苁蓉|肉丛蓉|酒肉苁蓉	rou cong rong	Desertliving Cistanche	Viridiplantae
CHP03342	肉豆蔻		rou dou kou	Semen Myristicae	Viridiplantae
CHP03343	肉豆蔻衣		rou dou kou yi	Myristica fragrans	Viridiplantae
CHP03344	肉桂	官桂|肉桂子	rou gui	Cortex Cinnamomi	Viridiplantae
CHP03345	肉桂叶		rou gui ye	Cassia Bark Oil	Viridiplantae
CHP03346	肉桂油		rou gui you	Oleum Cinnamomi	Viridiplantae
CHP03347	肉郎伞		rou lang san	Heteropanax brevipedicellatus	Viridiplantae
CHP03348	肉连环		rou lian huan	Calanthe tricarinata	Viridiplantae
CHP03349	肉珊瑚		rou shan hu	Sarcostemma acidum	Viridiplantae
CHP03350	肉穗草		rou sui cao	Sarcopyramis bodinieri	Viridiplantae
CHP03351	乳白香青		ru bai xiang qing	Anaphalis lactea	Viridiplantae
CHP03352	乳香	制乳香|炙乳香|醋乳香	ru xiang	Olibanum	Viridiplantae
CHP03353	入地蜈蚣		ru di wu gong	Rhizoma Helminthostachydis Zeylanicae	Viridiplantae
CHP03354	软骨过山龙		ruan gu guo shan long	Clematis meyeniana	Viridiplantae
CHP03355	软蒺藜		ruan ji li	Atriplex sibirica	Viridiplantae
CHP03356	软皮树		ruan pi shu	Daphne papyracea	Viridiplantae
CHP03357	软水黄连		ruan shui huang lian	Thalictrum ramosum	Viridiplantae
CHP03358	软枣子	小羊桃	ruan zao zi	Actinidia arguta	Viridiplantae
CHP03359	蕤核		rui he	Prinsepia uniflora	Viridiplantae
CHP03360	蕤仁		rui ren	Nux Prinsepiae	Viridiplantae
CHP03361	瑞连草		rui lian cao	Symphyotrichum subulatum	Viridiplantae
CHP03362	瑞苓草		rui ling cao	Saussurea nigrescens	Viridiplantae
CHP03363	瑞香	白瑞香|铜牛皮|蒙花皮|唐古特瑞香	rui xiang	Daphne odora	Viridiplantae
CHP03364	瑞香根		rui xiang gen	Winter Daphne Root	Viridiplantae
CHP03365	瑞香花		rui xiang hua	Winter Daphne Flower	Viridiplantae
CHP03366	瑞香叶		rui xiang ye	Daphne odora	Viridiplantae
CHP03367	箬叶	阔叶箬竹	ruo ye	Indocalamus latifolius	Viridiplantae
CHP03368	赛北紫堇		sai bei zi jin	Corydalis impatiens	Viridiplantae
CHP03369	赛繁缕	鸡肚肠草	sai fan lv	Stellaria neglecta	Viridiplantae
CHP03370	赛金刚		sai jin gang	Neoalsomitra integrifoliola	Viridiplantae
CHP03371	赛葵		sai kui	Malvastrum coromandelianum	Viridiplantae
CHP03372	赛莨菪	三分三	sai lang dang	Common Anisodus	Viridiplantae
CHP03373	三白草		san bai cao	Herba Saururi	Viridiplantae
CHP03374	三白草根		san bai cao gen	Saururus chinensis	Viridiplantae
CHP03375	三叉凤尾蕨		san cha feng wei jue	Wallichi’s Brake	Viridiplantae
CHP03376	三翅铁角蕨		san chi tie jiao jue	Asplenium tripteropus	Viridiplantae
CHP03377	三出叶委陵菜		san chu ye wei ling cai	Potentilla betonicifolia	Viridiplantae
CHP03378	三点金草		san dian jin cao	Grona triflora	Viridiplantae
CHP03379	三对节	三台红花	san dui jie	Rotheca serrata	Viridiplantae
CHP03380	三对叶丹参		san dui ye dan shen	Salvia trijuga	Viridiplantae
CHP03381	三方草		san fang cao	Carex brownii	Viridiplantae
CHP03382	三果木皮		san guo mu pi	Terminalia arjuna	Viridiplantae
CHP03383	三尖杉	中国粗榧枝叶|土香榧|血榧	san jian shan	Ramulus et Folium Cephalotaxi Fortunei	Viridiplantae
CHP03384	三尖杉根		san jian shan gen	Radix Cephalotaxi Fortunei	Viridiplantae
CHP03385	三角咪	金丝矮陀陀	san jiao mi	Pachysandra axillaris	Viridiplantae
CHP03386	三角叶风毛菊		san jiao ye feng mao ju	Jurinea deltoidea	Viridiplantae
CHP03387	三角叶冷水花		san jiao ye leng shui hua	Pilea swinglei	Viridiplantae
CHP03388	三颗针		san ke zhen	root or bark of Reddrop Barberry	Viridiplantae
CHP03389	三棱	醋三棱	san leng	Rhizoma Sparganii	Viridiplantae
CHP03390	三棱马尾		san leng ma yi	Carex phacota	Viridiplantae
CHP03391	三楞草	野席草	san leng cao	Cyperus iria	Viridiplantae
CHP03392	三楞筋骨草		san leng jin gu cao	Scleria terrestris	Viridiplantae
CHP03393	三裂叶犁头尖		san lie ye li tou jian	Typhonium trilobatum	Viridiplantae
CHP03394	三轮蒿		san lun hao	Anaphalis bicolor	Viridiplantae
CHP03395	三面刀	帽辫七|小升麻	san mian dao	Rhizoma Cimicifugae Acerinae	Viridiplantae
CHP03396	三品一枝花	地沙	san pin yi zhi hua	Burmannia coelestis	Viridiplantae
CHP03397	三七	参三七|田七|熟三七|三七叶茎|三七茎叶|三七膏粉	san qi	Sanchi	Viridiplantae
CHP03398	三七花		san qi hua	Flos Notoginseng	Viridiplantae
CHP03399	三七叶		san qi ye	Folium Panax notoginseng	Viridiplantae
CHP03400	三蕊草		san rui cao	Sonerila tenera	Viridiplantae
CHP03401	三色堇		san se jin	Herba Violae Hortensis	Viridiplantae
CHP03402	三升米		san sheng mi	Ribes fasciculatum	Viridiplantae
CHP03403	三筒管		san tong guan	Aristolochia championii	Viridiplantae
CHP03404	三叶茶		san ye cha	Allophylus caudatus	Viridiplantae
CHP03405	三叶豆	滇南杭子梢	san ye dou	Campylotropis harmsii	Viridiplantae
CHP03406	三叶海棠		san ye hai tang	Malus sieboldii	Viridiplantae
CHP03407	三叶罗伞		san ye luo san	Brassaiopsis tripteris	Viridiplantae
CHP03408	三叶木蓝		san ye mu lan	Indigofera trifoliata	Viridiplantae
CHP03409	三叶排草	三张叶|土远志	san ye pai cao	Lysimachia insignis	Viridiplantae
CHP03410	三叶槭根		san ye qi gen	Acer henryi	Viridiplantae
CHP03411	三叶乌蔹莓	三爪龙	san ye wu lian mei	Causonis trifolia	Viridiplantae
CHP03412	三羽叉蕨		san yu cha jue	Tectaria subtriphylla	Viridiplantae
CHP03413	三月花		san yue hua	Herba Primulae Sinopurpureae	Viridiplantae
CHP03414	三爪金龙		san zhao jin long	Parthenocissus himalayana	Viridiplantae
CHP03415	三枝叶	光素馨	san zhi ye	Chrysojasminum subhumile	Viridiplantae
CHP03416	三钻风	三钻七	san zuan feng	Japanese Spicebush	Viridiplantae
CHP03417	伞梗虎耳草		san geng hu er cao	Saxifraga umbellulata	Viridiplantae
CHP03418	伞莎草		san suo cao	Cyperus alternifolius	Viridiplantae
CHP03419	伞形梅笠草		san xing mei li cao	Chimaphila umbellata	Viridiplantae
CHP03420	伞杨		san yang	Thespesia populnea	Viridiplantae
CHP03421	散血草		san xue cao	Tectaria zeylanica	Viridiplantae
CHP03422	散血芹		san xue qin	Pternopetalum botrychioides	Viridiplantae
CHP03423	桑白皮	蜜桑白皮|桑皮	sang bai pi	Cortex Mori	Viridiplantae
CHP03424	桑柴灰		sang chai hui	Pulvis Lignum Mori	Viridiplantae
CHP03425	桑根		sang gen	Radix Mori albae	Viridiplantae
CHP03426	桑寄生		sang ji sheng	Herba Taxilli	Viridiplantae
CHP03427	桑沥		sang li	Sucus Mori Ramulus	Viridiplantae
CHP03428	桑皮汁		sang pi zhi	Morus alba	Viridiplantae
CHP03429	桑椹	鲜桑椹|桑椹酒|桑葚	sang shen	Fructus Mori	Viridiplantae
CHP03430	桑霜		sang shuang	Morus alba	Viridiplantae
CHP03431	桑叶		sang ye	Mulberry Leaf	Viridiplantae
CHP03432	桑叶汁	桑叶露	sang ye zhi	Lac Mori albae	Viridiplantae
CHP03433	桑瘿		sang ying	Nodus Mori	Viridiplantae
CHP03434	桑枝	鲜桑枝	sang zhi	Ramulus Mori	Viridiplantae
CHP03435	色赤杨		se chi yang	Alnus hirsuta	Viridiplantae
CHP03436	涩草	锦线镖	se cao	Potentilla leuconota	Viridiplantae
CHP03437	涩梨		se li	Malus doumeri	Viridiplantae
CHP03438	涩梨叶		se li ye	Malus doumeri	Viridiplantae
CHP03439	沙参	南沙参	sha shen	Glehnia root	Viridiplantae
CHP03440	沙冬青		sha dong qing	Mongolian Ammopiptanthus Equivalent plant: Piptanthus nanus	Viridiplantae
CHP03441	沙拐枣		sha guai zao	Calligonum mongolicum	Viridiplantae
CHP03442	沙果		sha guo	Gaultheria hookeri	Viridiplantae
CHP03443	沙红柳		sha hong liu	Myricaria platyphylla	Viridiplantae
CHP03444	沙棘	鲜沙棘|醋柳果	sha ji	Fructus Hippophae	Viridiplantae
CHP03445	沙芥		sha jie	Pugionium cornutum	Viridiplantae
CHP03446	沙柳	乌柳	sha liu	Salix cheilophila	Viridiplantae
CHP03447	沙蓬		sha peng	Agriophyllum squarrosum	Viridiplantae
CHP03448	沙七		sha qi	Rheum delavayi	Viridiplantae
CHP03449	沙塘木	山油柑|沙糖木	sha tang mu	Acronychia pedunculata	Viridiplantae
CHP03450	沙糖根	小头凉喉茶	sha tang gen	Dimetia capitellata	Viridiplantae
CHP03451	沙旋覆花		sha xuan fu hua	Inula salsoloides	Viridiplantae
CHP03452	沙叶铁线莲		sha ye tie xian lian	Clematis meyeniana	Viridiplantae
CHP03453	沙枣		sha zao	Russianolive	Viridiplantae
CHP03454	沙枣花		sha zao hua	Elaeagnus angustifolia	Viridiplantae
CHP03455	沙枣胶		sha zao jiao	Elaeagnus angustifolia	Viridiplantae
CHP03456	沙枣树皮		sha zao shu pi	Russianolive Bark	Viridiplantae
CHP03457	砂茴香		sha hui xiang	Ferula bungeana	Viridiplantae
CHP03458	砂茴香子		sha hui xiang zi	Ferula bungeana	Viridiplantae
CHP03459	砂漏芦		sha lou lu	Echinops gmelinii	Viridiplantae
CHP03460	砂漏芦根		sha lou lu gen	Echinops gmelinii	Viridiplantae
CHP03461	砂仁	缩砂密	sha ren	Fructus Amomi	Viridiplantae
CHP03462	砂仁花		sha ren hua	Wurfbainia longiligularis	Viridiplantae
CHP03463	砂仁壳		sha ren ke	Wurfbainia longiligularis	Viridiplantae
CHP03464	砂生槐		sha sheng huai	Sandliving Sophora	Viridiplantae
CHP03465	莎草蕨		suo cao jue	Actinostachys digitata	Viridiplantae
CHP03466	山艾叶		shan ai ye	Phaeostigma quercifolium	Viridiplantae
CHP03467	山芭蕉子		shan ba jiao zi	Musa balbisiana	Viridiplantae
CHP03468	山白果		shan bai guo	Davidia involucrata	Viridiplantae
CHP03469	山白菊	红管药|毛茎马兰	shan bai ju	Aster ageratoides	Viridiplantae
CHP03470	山白龙		shan bai long	Populus rotundifolia	Viridiplantae
CHP03471	山百足		shan bai zu	Peliosanthes teta	Viridiplantae
CHP03472	山柏	大地柏枝	shan bai	Athyrium iseanum	Viridiplantae
CHP03473	山稗子	山红稗	shan bai zi	Carex baccans	Viridiplantae
CHP03474	山稗子根		shan bai zi gen	Carex baccans	Viridiplantae
CHP03475	山薄荷		shan bo he	Dracocephalum moldavica	Viridiplantae
CHP03476	山崩砂		shan beng sha	Blastus cochinchinensis	Viridiplantae
CHP03477	山扁豆		shan bian dou	Herba Cassiae mimosoidis	Viridiplantae
CHP03478	山槟榔		shan bing lang	Orthosiphon wulfenioides	Viridiplantae
CHP03479	山兵豆		shan bing dou	Kirganelia reticulata	Viridiplantae
CHP03480	山菠萝根	心叶百合	shan bo luo gen	Cardiocrinum giganteum	Viridiplantae
CHP03481	山苍子叶		shan cang zi ye	Litsea cubeba	Viridiplantae
CHP03482	山茶根		shan cha gen	Camellia japonica	Viridiplantae
CHP03483	山茶花		shan cha hua	Camellia japonica	Viridiplantae
CHP03484	山茶叶	西南山茶|野山茶	shan cha ye	Camellia pitardii	Viridiplantae
CHP03485	山茶子		shan cha zi	Camellia japonica	Viridiplantae
CHP03486	山沉香	羽叶丁香	shan chen xiang	Syringa pinnatifolia	Viridiplantae
CHP03487	山橙		shan cheng	Fructus Melodini Suaveolontis	Viridiplantae
CHP03488	山橙叶		shan cheng ye	Melodinus suaveolens	Viridiplantae
CHP03489	山臭草		shan chou cao	Corydalis temulifolia	Viridiplantae
CHP03490	山慈姑叶	山慈菇叶	shan ci gu ye	Cremastra appendiculata	Viridiplantae
CHP03491	山慈菇	山慈姑|冰球子|鬼灯檠	shan ci gu	Pseudobulbus Cremastrae seu Pleiones	Viridiplantae
CHP03492	山大刀		shan da dao	Folium et Cacumen Psychotriae Rubrae	Viridiplantae
CHP03493	山大刀根		shan da dao gen	Psychotria rubra	Viridiplantae
CHP03494	山大黄	波叶大黄|华北大黄	shan dai huang	Rheum franzenbachii	Viridiplantae
CHP03495	山大颜		shan da yan	Psychotria rubra	Viridiplantae
CHP03496	山丹		shan dan	Lilium concolor	Viridiplantae
CHP03497	山丹花		shan dan hua	Lilium concolor	Viridiplantae
CHP03498	山地香茶菜		shan di xiang cha cai	Montane Rabdosia	Viridiplantae
CHP03499	山东肿足蕨		shan dong zhong zu jue	Shandong Hypodematium	Viridiplantae
CHP03500	山豆根	广豆根	shan dou gen	Radix et Rhizoma Sophorae Tonkinensis	Viridiplantae
CHP03501	山豆花	小雪人参	shan dou hua	Lespedeza tomentosa	Viridiplantae
CHP03502	山杜仲		shan du zhong	Euonymus laxiflorus	Viridiplantae
CHP03503	山矾		shan fan	Symplocos sumuntia	Viridiplantae
CHP03504	山矾根		shan fan gen	Caudate Sweetleaf Root	Viridiplantae
CHP03505	山矾花		shan fan hua	Symplocos sumuntia	Viridiplantae
CHP03506	山矾叶		shan fan ye	Caudate Sweetleaf Leaf	Viridiplantae
CHP03507	山峰西番莲		shan feng xi fan lian	Passiflora jugorum	Viridiplantae
CHP03508	山佛手		shan fo shou	Rubus reflexus	Viridiplantae
CHP03509	山柑算盘子		shan gan suan pan zi	Glochidion sphaerogynum	Viridiplantae
CHP03510	山高粱		shan gao liang	Spodiopogon cotulifer	Viridiplantae
CHP03511	山梗菜		shan geng cai	Radix seu Herba et Radix Lobeliae sess	Viridiplantae
CHP03512	山桂花		shan gui hua	Pittosporum brevicalyx	Viridiplantae
CHP03513	山桂皮		shan gui pi	Cinnamomum appelianum	Viridiplantae
CHP03514	山海棠		shan hai tang	Begonia yunnanensis	Viridiplantae
CHP03515	山禾串		shan he chuan	Eurya distichophylla	Viridiplantae
CHP03516	山核桃皮		shan he tao pi	Carya cathayensis	Viridiplantae
CHP03517	山核桃仁		shan he tao ren	Carya cathayensis	Viridiplantae
CHP03518	山胡椒	牛筋条	shan hu jiao	Greyblue Spicebush	Viridiplantae
CHP03519	山胡椒根		shan hu jiao gen	Lindera glauca	Viridiplantae
CHP03520	山胡椒叶		shan hu jiao ye	Greyblue Spicebush Leaf	Viridiplantae
CHP03521	山胡萝卜		shan hu luo bo	Libanotis condensata	Viridiplantae
CHP03522	山黄豆藤		shan huang dou teng	Rhynchosia dielsii	Viridiplantae
CHP03523	山黄菊		shan huang ju	Anisopappus chinensis	Viridiplantae
CHP03524	山黄麻		shan huang ma	Trema orientale	Viridiplantae
CHP03525	山黄麻根		shan huang ma gen	Trema orientale	Viridiplantae
CHP03526	山黄麻叶		shan huang ma ye	Trema orientale	Viridiplantae
CHP03527	山黄皮	豆叶九里香	shan huang pi	Hollowed Wampee	Viridiplantae
CHP03528	山茴芹		shan hui qin	Carlesia sinensis	Viridiplantae
CHP03529	山棘豆	泡泡草	shan ji dou	Oxytropis oxyphylla	Viridiplantae
CHP03530	山尖菜		shan jian cai	Parasenecio hastatus	Viridiplantae
CHP03531	山菅兰		shan jian lan	Dianella ensifolia	Viridiplantae
CHP03532	山姜	大草寇|土砂仁	shan jiang	Alpinia japonica	Viridiplantae
CHP03533	山姜花		shan jiang hua	Alpinia japonica	Viridiplantae
CHP03534	山橿根		shan jiang gen	Lindera reflexa	Viridiplantae
CHP03535	山椒草		shan jiao cao	Pellionia minima	Viridiplantae
CHP03536	山脚麻	光叶山黄麻	shan jiao ma	Trema cannabina	Viridiplantae
CHP03537	山韭		shan jiu	Herba Allii Japonici	Viridiplantae
CHP03538	山韭菜		shan jiu cai	Allium wallichii	Viridiplantae
CHP03539	山橘		shan ju	Fortunella hindsii	Viridiplantae
CHP03540	山橘叶		shan ju ye	Fortunella hindsii	Viridiplantae
CHP03541	山蒟		shan ju	Caulis et Folium Piperis Hancei	Viridiplantae
CHP03542	山壳骨		shan ke gu	Pseuderanthemum palatiferum	Viridiplantae
CHP03543	山苦菜	水紫菀	shan ku cai	Lactuca raddeana	Viridiplantae
CHP03544	山蜡梅		shan la mei	Chimonanthus nitens	Viridiplantae
CHP03545	山莨菪	藏茄根|藏茄	shan lang dang	Anisodus tanguticus	Viridiplantae
CHP03546	山李子		shan li zi	Berberis heteropoda	Viridiplantae
CHP03547	山里红		shan li hong	Red Fruit	Viridiplantae
CHP03548	山荔枝果		shan li zhi guo	Maclura cochinchinensis	Viridiplantae
CHP03549	山蓼	酸浆菜	shan liao	Herba Oxyriae Digynae	Viridiplantae
CHP03550	山柳		shan liu	Radix Clethrae	Viridiplantae
CHP03551	山柳菊		shan liu ju	Hololeion krameri	Viridiplantae
CHP03552	山萝卜	蒙古山萝卜	shan luo bo	Scabiosa comosa	Viridiplantae
CHP03553	山萝花		shan luo hua	Melampyrum roseum	Viridiplantae
CHP03554	山绿茶		shan lv cha	Ilex hainanensis	Viridiplantae
CHP03555	山麻		shan ma	Corchorus olitorius	Viridiplantae
CHP03556	山麻黄		shan ma huang	Psilopeganum sinense	Viridiplantae
CHP03557	山马鞭草		shan ma bian cao	Carex maubertiana	Viridiplantae
CHP03558	山牡丹		shan mu dan	Argyreia nervosa	Viridiplantae
CHP03559	山木通		shan mu tong	Clematis finetiana	Viridiplantae
CHP03560	山木通根		shan mu tong gen	Clematis finetiana	Viridiplantae
CHP03561	山柰	山奈	shan nai	Rhizoma Kaempferiae	Viridiplantae
CHP03562	山牛蒡		shan niu bang	Saussurea ussuriensis	Viridiplantae
CHP03563	山佩兰		shan pei lan	Eupatorium japonicum	Viridiplantae
CHP03564	山牵牛		shan qian niu	Thunbergia grandiflora	Viridiplantae
CHP03565	山萩	大叶白头翁	shan qiu	Common PearIeverIasting	Viridiplantae
CHP03566	山棯根	山稔根|桃金娘根	shan ren gen	Rhodomyrtus tomentosa	Viridiplantae
CHP03567	山棯叶	桃金娘叶	shan ren ye	Downy Rosemyrtle Leaf	Viridiplantae
CHP03568	山稔叶		shan ren ye	Rhodomyrtus tomentosa	Viridiplantae
CHP03569	山珊瑚		shan shan hu	Galeola septentrionalis	Viridiplantae
CHP03570	山藤藤果		shan teng teng guo	Vitis amurensis	Viridiplantae
CHP03571	山藤藤秧		shan teng teng yang	Vitis amurensis	Viridiplantae
CHP03572	山甜茶		shan tian cha	Nekemias cantoniensis	Viridiplantae
CHP03573	山铁树叶		shan tie shu ye	Dracaena cambodiana	Viridiplantae
CHP03574	山桐子		shan tong zi	Manyfruit Idesia	Viridiplantae
CHP03575	山陀螺		shan tuo luo	Allomorphia balansae	Viridiplantae
CHP03576	山莴苣		shan wo ju	Indian Lettuce	Viridiplantae
CHP03577	山莴笋		shan wo sun	Meconopsis napaulensis	Viridiplantae
CHP03578	山乌龟		shan wu gui	Stephania micrantha	Viridiplantae
CHP03579	山乌桕叶		shan wu jiu ye	Sapium discolor	Viridiplantae
CHP03580	山乌珠根		shan wu zhu gen	Syzygium grijsii	Viridiplantae
CHP03581	山乌珠叶		shan wu zhu ye	Syzygium grijsii	Viridiplantae
CHP03582	山五味子	冷饭果|老米酒树	shan wu wei zi	Viburnum foetidum	Viridiplantae
CHP03583	山五味子根		shan wu wei zi gen	Viburnum foetidum	Viridiplantae
CHP03584	山五味子叶	冷饭果叶	shan wu wei zi ye	Viburnum foetidum	Viridiplantae
CHP03585	山香	蛇百子	shan xiang	Mesosphaerum suaveolens	Viridiplantae
CHP03586	山香果		shan xiang guo	Lindera metcalfiana	Viridiplantae
CHP03587	山香圆		shan xiang yuan	Turpinia arguta	Viridiplantae
CHP03588	山香圆叶		shan xiang yuan ye	Turpinia arguta	Viridiplantae
CHP03589	山小橘		shan xiao ju	Citrusleaf Glycosmis	Viridiplantae
CHP03590	山羊耳		shan yang er	Sarcandra hainanensis	Viridiplantae
CHP03591	山药	淮山|淮山药|叉蕊薯蓣	shan yao	Common Yam Rhizome	Viridiplantae
CHP03592	山药藤		shan yao teng	Dioscorea oppositifolia	Viridiplantae
CHP03593	山野豌豆		shan ye wan dou	Broadleaf Vetch	Viridiplantae
CHP03594	山野芋		shan ye yu	Leucocasia gigantea	Viridiplantae
CHP03595	山银柴胡		shan yin chai hu	Pacific Gypsophila Equivalent plant: Silene jenisseensis ; Arenaria juncea;Pacific Gypsophila	Viridiplantae
CHP03596	山樱桃		shan ying tao	Downy Cherry	Viridiplantae
CHP03597	山油柑果实		shan you gan guo shi	Acronychia pedunculata	Viridiplantae
CHP03598	山油柑叶		shan you gan ye	Acronychia pedunculata	Viridiplantae
CHP03599	山玉桂		shan yu gui	Cinnamomum jensenianum	Viridiplantae
CHP03600	山玉兰	野厚朴	shan yu lan	Magnolia delavayi	Viridiplantae
CHP03601	山楂	北山楂|南山楂|野山楂|焦山楂|广山楂	shan zha	Fructus Crataegi	Viridiplantae
CHP03602	山楂根		shan zha gen	Crataegus cuneata	Viridiplantae
CHP03603	山楂核		shan zha he	Howthorn seed	Viridiplantae
CHP03604	山楂木		shan zha mu	Crataegus cuneata	Viridiplantae
CHP03605	山楂叶		shan zha ye	Crataegi Folium	Viridiplantae
CHP03606	山芝麻		shan zhi ma	Narrowleaf Screwtree	Viridiplantae
CHP03607	山枝根	光叶海桐根	shan zhi gen	Pittosporum glabratum	Viridiplantae
CHP03608	山枝仁	广枝仁	shan zhi ren	Pittosporum glabratum	Viridiplantae
CHP03609	山茱萸	酒萸肉	shan zhu yu	Fructus Corni	Viridiplantae
CHP03610	山紫菀		shan zi wan	Ligularia fischeri	Viridiplantae
CHP03611	杉材		shan cai	Cunninghamia lanceolata	Viridiplantae
CHP03612	杉寄生		shan ji sheng	Macrosolen cochinchinensis	Viridiplantae
CHP03613	杉寄生叶		shan ji sheng ye	Macrosolen cochinchinensis	Viridiplantae
CHP03614	杉木		sha mu	Cunninghamia lanceolata	Viridiplantae
CHP03615	杉木根		sha mu gen	Cunninghamia lanceolata	Viridiplantae
CHP03616	杉木节		sha mu jie	Cunninghamia lanceolata	Viridiplantae
CHP03617	杉木油		sha mu you	Cunninghamia lanceolata	Viridiplantae
CHP03618	杉皮		shan pi	Cunninghamia lanceolata	Viridiplantae
CHP03619	杉塔		shan ta	Cunninghamia lanceolata	Viridiplantae
CHP03620	杉叶		shan ye	Cunninghamia lanceolata	Viridiplantae
CHP03621	杉叶藻		shan ye zao	Hippuris vulgaris	Viridiplantae
CHP03622	杉子		shan zi	Cunninghamia lanceolata	Viridiplantae
CHP03623	珊瑚草		shan hu cao	Spatholirion longifolium	Viridiplantae
CHP03624	珊瑚草花		shan hu cao hua	Spatholirion longifolium	Viridiplantae
CHP03625	珊瑚冬青	红果冬青	shan hu dong qing	Ilex corallina	Viridiplantae
CHP03626	珊瑚藻		shan hu zao	Corallina officinalis	Algae
CHP03627	疝气草		shan qi cao	Habenaria aitchisonii	Viridiplantae
CHP03628	扇叶阴地蕨		shan ye yin di jue	Botrychium lunaria	Viridiplantae
CHP03629	扇子七		shan zi qi	Cypripedium japonicum	Viridiplantae
CHP03630	商陆	美商陆|二十蕊商陆	shang lu	Pokeberry Root	Viridiplantae
CHP03631	上山虎		shang shan hu	Ilex ficoidea	Viridiplantae
CHP03632	上山龙		shang shan long	Ampelopsis bodinieri	Viridiplantae
CHP03633	上天梯		shang tian ti	Paris verticillata	Viridiplantae
CHP03634	烧伤藤		shao shang teng	Gouania javanica	Viridiplantae
CHP03635	芍药	赤芍|白芍|酒白芍|白勺|赤芍药|赤勺	shao yao	Common Peony (Wild) Equivalent Plant: Paeonia Obovata, Paeonia Veitchii	Viridiplantae
CHP03636	芍药花		shao yao hua	Paeonia lactiflora	Viridiplantae
CHP03637	韶子		shao zi	Nephelium chryseum	Viridiplantae
CHP03638	少花柏拉木		shao hua bai la mu	Blastus pauciflorus	Viridiplantae
CHP03639	少年红		shao nian hong	Ardisia alyxiifolia	Viridiplantae
CHP03640	佘山羊奶子		she shan yang nai zi	Elaeagnus argyi	Viridiplantae
CHP03641	蛇白蔹		she bai lian	Ampelopsis glandulosa	Viridiplantae
CHP03642	蛇不见		she bu jian	Iris anguifuga	Viridiplantae
CHP03643	蛇床子	蛇床子油|蛇麻子	she chuang zi	Fructus Cnidii	Viridiplantae
CHP03644	蛇地钱		she di qian	Conocephalum japonicum	Viridiplantae
CHP03645	蛇附子		she fu zi	Tetrastigma hemsleyanum	Viridiplantae
CHP03646	蛇疙瘩		she ge da	Rodgersia pinnata	Viridiplantae
CHP03647	蛇根草	硫球蛇根草	she gen cao	Common Ophiorrhiza	Viridiplantae
CHP03648	蛇根木		she gen mu	Rauvolfia serpentina	Viridiplantae
CHP03649	蛇菰		she gu	Balanophora japonica	Viridiplantae
CHP03650	蛇果黄堇		she guo huang jin	Snakefruit Corydalis	Viridiplantae
CHP03651	蛇含		she han	Potentilla kleiniana	Viridiplantae
CHP03652	蛇接骨		she jie gu	Gynura procumbens	Viridiplantae
CHP03653	蛇莓		she mei	Herba Duchesneae Indicae	Viridiplantae
CHP03654	蛇莓根		she mei gen	Potentilla indica	Viridiplantae
CHP03655	蛇目菊		she mu ju	Coreopsis tinctoria	Viridiplantae
CHP03656	蛇婆子		she po zi	Waltheria indica	Viridiplantae
CHP03657	蛇葡萄	山葡萄	she pu tao	Ampelopsis	Viridiplantae
CHP03658	蛇葡萄根	紫葛|吊岩风	she pu tao gen	Ampelopsis sinica	Viridiplantae
CHP03659	蛇藤		she teng	Asian Colubrina	Viridiplantae
CHP03660	蛇头细辛		she tou xi xin	Valeriana flaccidissima	Viridiplantae
CHP03661	蛇王藤		she wang teng	Passiflora moluccana	Viridiplantae
CHP03662	蛇眼草		she yan cao	Saussurea romuleifolia	Viridiplantae
CHP03663	射干		ye gan	Blackberrylily Rhizome	Viridiplantae
CHP03664	麝香草	麝香草脑|麝香草油	she xiang cao	Thyme	Viridiplantae
CHP03665	伸筋草	高山扁枝石松|杉蔓石松|分筋草|玉柏	shen jin cao	Herba Lycopodii	Viridiplantae
CHP03666	伸筋藤		shen jin teng	Tinospora sinensis	Viridiplantae
CHP03667	深红龙胆	小儿血参	shen hong long dan	Gentiana rubicunda	Viridiplantae
CHP03668	深山黄堇		shen shan huang jin	Corydalis pallida	Viridiplantae
CHP03669	深山酢浆草	三叶铜钱草	shen shan cu jiang cao	Oxalis acetosella	Viridiplantae
CHP03670	神黄豆		shen huang dou	Jointwood Senna	Viridiplantae
CHP03671	神仙掌花		shen xian zhang hua	Opuntia stricta	Viridiplantae
CHP03672	神香草		shen xiang cao	Medicinal Hyssop	Viridiplantae
CHP03673	肾茶		shen cha	Big-Flowered Javatea	Viridiplantae
CHP03674	肾萼金腰		shen e jin yao	Chrysosplenium delavayi	Viridiplantae
CHP03675	肾果小扁豆		shen guo xiao bian dou	Polygala furcata	Viridiplantae
CHP03676	肾经草		shen jing cao	Habenaria ciliolaris	Viridiplantae
CHP03677	肾蕨		shen jue	Nephrolepis auriculata	Viridiplantae
CHP03678	肾炎草	倒赤伞	shen yan cao	Ainsliaea latifolia	Viridiplantae
CHP03679	肾子草	阿拉伯婆婆纳|灯笼婆婆纳	shen zi cao	Veronica persica	Viridiplantae
CHP03680	肾子藤		shen zi teng	Pachygone valida	Viridiplantae
CHP03681	升登		sheng deng	Rhamnella gilgitica	Viridiplantae
CHP03682	升麻	兴安升麻	sheng ma	Rhizoma Cimicifugae	Viridiplantae
CHP03683	生姜		sheng jiang	Fresh Ginger	Viridiplantae
CHP03684	生姜汁	鲜姜汁	sheng jiang zhi	Zingiber officinale	Viridiplantae
CHP03685	生漆		sheng qi	True Lacquer	Viridiplantae
CHP03686	声色草		sheng se cao	Polycarpaea corymbosa	Viridiplantae
CHP03687	省沽油		sheng gu you	Bumalda Bladdernut	Viridiplantae
CHP03688	省沽油根		sheng gu you gen	Staphylea bumalda	Viridiplantae
CHP03689	胜红蓟		sheng hong ji	Tropic Ageratum	Viridiplantae
CHP03690	虱草花		shi cao hua	Pulicaria insignis	Viridiplantae
CHP03691	虱婆草		shi po cao	Limnophila sessiliflora	Viridiplantae
CHP03692	狮子七		shi zi qi	Rhodiola kirilowii	Viridiplantae
CHP03693	狮子尾	麒麟尾	shi zi wei	Epipremnum pinnatum	Viridiplantae
CHP03694	湿生扁蕾		shi sheng bian lei	Swampy Gentianopsis	Viridiplantae
CHP03695	蓍实	蓍草	shi shi	Achillea alpina	Viridiplantae
CHP03696	十大功劳	功劳木	shi da gong lao	Leschenault Mahonia	Viridiplantae
CHP03697	十大功劳根		shi da gong lao gen	Mahoniae Eadix	Viridiplantae
CHP03698	十大功劳叶	华南功劳叶	shi da gong lao ye	leaf of leatherleaf Mahonia	Viridiplantae
CHP03699	十字苔草		shi zi tai cao	Carex cruciata	Viridiplantae
CHP03700	石草鞋		shi cao xie	Hoya lyi	Viridiplantae
CHP03701	石茶		shi cha	Petrocodon hancei	Viridiplantae
CHP03702	石蝉草		shi chan cao	Peperomia dindygulensis	Viridiplantae
CHP03703	石蟾蜍		shi chan chu	Trichosanthes pedata	Viridiplantae
CHP03704	石菖蒲	石菖蒲挥发油|石菖蒲油|鲜石菖蒲	shi chang pu	Rhizoma Acori Tatarinowii	Viridiplantae
CHP03705	石莼	孔石莼	shi chun	Lettuce Ulva Frond Equivalent plant: Ulva lactuca;Lettuce Ulva Frond	Viridiplantae
CHP03706	石苁蓉		shi cong rong	Limonium wrightii	Viridiplantae
CHP03707	石胆草		shi dan cao	Fan-shaped Corallodiscus	Viridiplantae
CHP03708	石地钱		shi di qian	Reboulia hemisphaerica	Viridiplantae
CHP03709	石刁柏		shi diao bai	Curinary Asparagus	Viridiplantae
CHP03710	石吊兰		shi diao lan	Fewflower Lysionotus	Viridiplantae
CHP03711	石防风		shi fang feng	Terebinthaceous Hogfennel	Viridiplantae
CHP03712	石风车子叶		shi feng che zi ye	Combretum wallichii	Viridiplantae
CHP03713	石凤丹		shi feng dan	Goodyera procera	Viridiplantae
CHP03714	石柑子	石蒲藤	shi gan zi	Chinese Pothos	Viridiplantae
CHP03715	石瓜子		shi gua zi	Dischidia chinensis	Viridiplantae
CHP03716	石斛	鲜石斛	shi hu	Caulis Dendrobii	Viridiplantae
CHP03717	石黄连		shi huang lian	Polystichum alcicorne	Viridiplantae
CHP03718	石荠苎	石荠苧|石荠宁	shi ji zhu	Scabrous Mosla	Viridiplantae
CHP03719	石见穿		shi jian chuan	Salviae Chinensis Herba	Viridiplantae
CHP03720	石芥菜		shi jie cai	Cardamine tangutorum	Viridiplantae
CHP03721	石筋草		shi jin cao	Pilea plataniflora	Viridiplantae
CHP03722	石腊竹		shi la zhu	Christisonia hookeri	Viridiplantae
CHP03723	石蜡红		shi la hong	Fish Pelargonium	Viridiplantae
CHP03724	石栗叶		shi li ye	Aleurites moluccanus	Viridiplantae
CHP03725	石栗子		shi li zi	Belgaum Walnut Seed	Viridiplantae
CHP03726	石莲		shi lian	Coelogyne articulata	Viridiplantae
CHP03727	石链子		shi lian zi	Bulbophyllum reptans	Viridiplantae
CHP03728	石凉伞		shi liang san	Ardisia brunnescens	Viridiplantae
CHP03729	石榴根	白石榴根	shi liu gen	Pomegranate Root	Viridiplantae
CHP03730	石榴根皮		shi liu gen pi	Cortex Granati Radicis	Viridiplantae
CHP03731	石榴花	白石榴花	shi liu hua	Punica granatum	Viridiplantae
CHP03732	石榴皮		shi liu pi	Pericarpium Granati	Viridiplantae
CHP03733	石榴叶		shi liu ye	Pomegranate Leaf	Viridiplantae
CHP03734	石龙刍		shi long chu	Juncus setchuensis	Viridiplantae
CHP03735	石龙刍根	野席草根	shi long chu gen	Juncus setchuensis	Viridiplantae
CHP03736	石龙胆		shi long dan	Gentiana squarrosa	Viridiplantae
CHP03737	石龙芮		shi long rui	Poisonous  Buttercup Herb	Viridiplantae
CHP03738	石龙芮子		shi long rui zi	Ranunculus sceleratus	Viridiplantae
CHP03739	石南实	石楠实	shi nan shi	Photinia serratifolia	Viridiplantae
CHP03740	石南叶	石楠叶	shi nan ye	Photinia serratifolia	Viridiplantae
CHP03741	石楠	石南|石楠藤	shi nan	Chinese Photinia	Viridiplantae
CHP03742	石楠根		shi nan gen	Photinia serratifolia	Viridiplantae
CHP03743	石螃蟹		shi pang xie	Elatostema monandrum	Viridiplantae
CHP03744	石彭子		shi peng zi	Ficus sarmentosa	Viridiplantae
CHP03745	石青菜		shi qing cai	Paraboea sinensis	Viridiplantae
CHP03746	石榕		shi rong	Aeschynanthus acuminatus	Viridiplantae
CHP03747	石山花椒		shi shan hua jiao	Zanthoxylum calcicola	Viridiplantae
CHP03748	石上瓜子菜		shi shang gua zi cai	Sedum alfredii	Viridiplantae
CHP03749	石上蕉		shi shang jiao	Calanthe triplicata	Viridiplantae
CHP03750	石上铁角蕨		shi shang tie jiao jue	Asplenium saxicola	Viridiplantae
CHP03751	石刷把		shi shua ba	Nude Fern	Viridiplantae
CHP03752	石松子		shi song zi	Lycopodium japonicum	Viridiplantae
CHP03753	石蒜		shi suan	Shorttube Lycoris Equivalent plant: Lycoris chinensis	Viridiplantae
CHP03754	石韦	北京石韦|生扯拢|有柄石韦|庐山石韦	shi wei	Pyrrosiae Folium	Viridiplantae
CHP03755	石韦根		shi wei gen	Pyrrosia lingua	Viridiplantae
CHP03756	石芫茜		shi yan qian	Pilea sinocrassifolia	Viridiplantae
CHP03757	石岩鸡		shi yan ji	Davallia sinensis	Viridiplantae
CHP03758	石油菜		shi you cai	Pilea cavaleriei	Viridiplantae
CHP03759	石枣子	云南石仙桃	shi zao zi	Coelogyne kouytcheensis	Viridiplantae
CHP03760	石长生		shi chang sheng	Adiantum monochlamys	Viridiplantae
CHP03761	石蜘蛛		shi zhi zhu	Pinellia cordata	Viridiplantae
CHP03762	石竹		shi zhu	Chinese Pink	Viridiplantae
CHP03763	实葫芦		shi hu lu	Trichosanthes ovigera	Viridiplantae
CHP03764	实葫芦根		shi hu lu gen	Trichosanthes ovigera	Viridiplantae
CHP03765	食茱萸		shi zhu yu	Zanthoxylum ailanthoides	Viridiplantae
CHP03766	莳萝苗		shi luo miao	Anethum graveolens	Viridiplantae
CHP03767	莳萝子		shi luo zi	Dill Fruit	Viridiplantae
CHP03768	使君子	使君子仁|使君子肉	shi jun zi	Fructus Quisqualis	Viridiplantae
CHP03769	使君子叶		shi jun zi ye	Rangooncreeper Leaf	Viridiplantae
CHP03770	柿		shi	Diospyros kaki	Viridiplantae
CHP03771	柿蒂		shi di	Calyx Kaki	Viridiplantae
CHP03772	柿根		shi gen	Persimmon Root	Viridiplantae
CHP03773	柿花		shi hua	Diospyros kaki	Viridiplantae
CHP03774	柿木皮		shi mu pi	Cortex Disopyros kaki	Viridiplantae
CHP03775	柿皮		shi pi	Pericarpium Diospyroris kaki	Viridiplantae
CHP03776	柿漆		shi qi	Immature Persimmon Fruit Juice	Viridiplantae
CHP03777	柿霜		shi shuang	Diospyros kaki	Viridiplantae
CHP03778	柿叶		shi ye	Persimmon Leaf	Viridiplantae
CHP03779	柿子	柿饼	shi zi	Persimmon	Viridiplantae
CHP03780	匙羹藤	武靴藤	shi geng teng	Australian Cowplant	Viridiplantae
CHP03781	匙叶伽蓝菜		shi ye qie lan cai	Kalanchoe spathulata	Viridiplantae
CHP03782	匙叶黄杨		shi ye huang yang	Harland Box	Viridiplantae
CHP03783	匙叶龙胆		shi ye long dan	Gentiana spathulifolia	Viridiplantae
CHP03784	手参	手掌参	shou can	Gymnadenia crassinervis	Viridiplantae
CHP03785	首乌藤		shou wu teng	Fallopia multiflora	Viridiplantae
CHP03786	瘦风轮		shou feng lun	Clinopodium gracile	Viridiplantae
CHP03787	梳篦叶		shu bi ye	Diplazium donianum	Viridiplantae
CHP03788	舒筋草		shu jin cao	Lycopodiastrum casuarinoides	Viridiplantae
CHP03789	疏松卷柏		shu song juan bai	Selaginella effusa	Viridiplantae
CHP03790	疏叶当归		shu ye dang gui	Angelica laxifoliata	Viridiplantae
CHP03791	熟地黄		shu di huang	Prepared Rehmannia Root	Viridiplantae
CHP03792	黍根		shu gen	Panicum miliaceum	Viridiplantae
CHP03793	黍茎		shu jing	Panicum miliaceum	Viridiplantae
CHP03794	黍米		shu mi	Broomcorn Millet	Viridiplantae
CHP03795	蜀葵		shu kui	Althaea rosea	Viridiplantae
CHP03796	蜀葵根		shu kui gen	Alcea rosea	Viridiplantae
CHP03797	蜀葵花		shu kui hua	Hollyhock Flower	Viridiplantae
CHP03798	蜀葵苗		shu kui miao	Alcea rosea	Viridiplantae
CHP03799	蜀葵叶薯蓣		shu kui ye shu yu	Hollyhock-like Yam	Viridiplantae
CHP03800	蜀葵子		shu kui zi	Alcea rosea	Viridiplantae
CHP03801	蜀羊泉		shu yang quan	Herba Solani Lyrati	Viridiplantae
CHP03802	鼠妇画眉草		shu fu hua mei cao	Eragrostis atrovirens	Viridiplantae
CHP03803	鼠李	冻绿叶	shu li	Davurian Buckthorn	Viridiplantae
CHP03804	鼠李根		shu li gen	Rhamnus davurica	Viridiplantae
CHP03805	鼠李皮		shu li pi	Cortex seu Cortex Rhamni utilis	Viridiplantae
CHP03806	鼠曲草	清明菜	shu qu cao	Gphalii Affinis Herba	Viridiplantae
CHP03807	鼠矢枣		shu shi zao	Rhamnella franguloides	Viridiplantae
CHP03808	鼠尾草	多睡鼠尾草	shu wei cao	Herba Salviae japoniae	Viridiplantae
CHP03809	鼠尾粟		shu wei su	Sporobolus fertilis	Viridiplantae
CHP03810	薯莨		shu liang	Shoulang Yam	Viridiplantae
CHP03811	术苗		shu miao	Atractylodes macrocephala	Viridiplantae
CHP03812	树扁竹		shu bian zhu	Oberonia iridifolia	Viridiplantae
CHP03813	树葱		shu cong	Mycaranthes pannea	Viridiplantae
CHP03814	树地瓜		shu di gua	Ficus gasparriniana	Viridiplantae
CHP03815	树地瓜根		shu di gua gen	Ficus gasparriniana	Viridiplantae
CHP03816	树刁		shu diao	Polygonatum punctatum	Viridiplantae
CHP03817	树火麻		shu huo ma	Dendrocnide urentissima	Viridiplantae
CHP03818	树锦鸡儿		shu jin ji er	Caragana arborescens	Viridiplantae
CHP03819	树救主		shu jiu zhu	Illicium micranthum	Viridiplantae
CHP03820	树三角枫		shu san jiao feng	Acer paxii	Viridiplantae
CHP03821	双参		shuang can	Triplostegia grandiflora	Viridiplantae
CHP03822	双花堇菜		shuang hua jin cai	Viola biflora	Viridiplantae
CHP03823	双花鞘花		shuang hua qiao hua	Macrosolen bibracteolatus	Viridiplantae
CHP03824	双剪菜		shuang jian cai	Ceropegia dolichophylla	Viridiplantae
CHP03825	双色龙胆		shuang se long dan	Gentiana veitchiorum	Viridiplantae
CHP03826	双肾草		shuang shen cao	Habenaria davidii	Viridiplantae
CHP03827	双肾藤		shuang shen teng	Cheniella glauca	Viridiplantae
CHP03828	双肾子	白花草	shuang shen zi	Habenaria dentata	Viridiplantae
CHP03829	霜红藤		shuang hong teng	Celastrus gemmatus	Viridiplantae
CHP03830	水八角		shui ba jiao	Begonia pedatifida	Viridiplantae
CHP03831	水八角莲		shui ba jiao lian	Dysosma difformis	Viridiplantae
CHP03832	水柏枝		shui bai zhi	Myricaria germanica	Viridiplantae
CHP03833	水鳖		shui bie	Hydrocharis dubia	Viridiplantae
CHP03834	水葱		shui cong	Schoenoplectus tabernaemontani	Viridiplantae
CHP03835	水稻清	竹叶榕	shui dao qing	Ficus stenophylla	Viridiplantae
CHP03836	水稻清乳汁		shui dao qing ru zhi	Ficus stenophylla	Viridiplantae
CHP03837	水豆瓣		shui dou ban	Rotala rotundifolia	Viridiplantae
CHP03838	水飞蓟		shui fei ji	Silybum Marianum	Viridiplantae
CHP03839	水芙蓉	止咳草	shui fu rong	Limnophila aromatica	Viridiplantae
CHP03840	水藁本		shui gao ben	Conioselinum acuminatum	Viridiplantae
CHP03841	水韩信草		shui han xin cao	Torenia glabra	Viridiplantae
CHP03842	水禾麻		shui he ma	Boehmeria longispica	Viridiplantae
CHP03843	水红花子		shui hong hua zi	Prince's-feather Fruit	Viridiplantae
CHP03844	水红木	揉白叶|吊白叶	shui hong mu	Viburnum cylindricum	Viridiplantae
CHP03845	水红木根		shui hong mu gen	Viburnum cylindricum	Viridiplantae
CHP03846	水红木花		shui hong mu hua	Viburnum cylindricum	Viridiplantae
CHP03847	水红木叶		shui hong mu ye	Viburnum cylindricum	Viridiplantae
CHP03848	水红袍		shui hong pao	Lysimachia circaeoides	Viridiplantae
CHP03849	水胡满根		shui hu man gen	Volkameria inermis	Viridiplantae
CHP03850	水葫芦根		shui hu lu gen	Adenocaulon himalaicum	Viridiplantae
CHP03851	水葫芦七		shui hu lu qi	Sinacalia tangutica	Viridiplantae
CHP03852	水黄		shui huang	Rheum alexandrae	Viridiplantae
CHP03853	水黄连	硬水黄连	shui huang lian	Thalictrum simplex	Viridiplantae
CHP03854	水火麻		shui huo ma	Boehmeria clidemioides	Viridiplantae
CHP03855	水藿香		shui huo xiang	Teucrium japonicum	Viridiplantae
CHP03856	水棘针		shui ji zhen	Amethystea caerulea	Viridiplantae
CHP03857	水将军		shui jiang jun	Lobelia colorata	Viridiplantae
CHP03858	水金凤		shui jin feng	Lightyellow Snapweed	Viridiplantae
CHP03859	水锦树		shui jin shu	Wendlandia uvariifolia	Viridiplantae
CHP03860	水晶花		shui jing hua	Chloranthus holostegius	Viridiplantae
CHP03861	水晶兰		shui jing lan	Indianpipe	Viridiplantae
CHP03862	水蕨		shui jue	Ceratopteris thalictroides	Viridiplantae
CHP03863	水苦荬		shui ku mai	Veronica anagallis-aquatica L.	Viridiplantae
CHP03864	水兰叶		shui lan ye	Impatiens dicentra	Viridiplantae
CHP03865	水狼萁		shui lang qi	Aleuritopteris farinosa	Viridiplantae
CHP03866	水梨藤		shui li teng	Actinidia callosa	Viridiplantae
CHP03867	水蓼	辣蓼	shui liao	Red-knees	Viridiplantae
CHP03868	水蓼根		shui liao gen	Persicaria hydropiper	Viridiplantae
CHP03869	水流豆		shui liu dou	Poongaoil Pongamia	Viridiplantae
CHP03870	水龙		shui long	Ludwigia adscendens	Viridiplantae
CHP03871	水龙骨		shui long gu	Japanese Polypody	Viridiplantae
CHP03872	水芦荻根		shui lu di gen	Phragmites karka	Viridiplantae
CHP03873	水罗伞	虾须豆	shui luo san	Fordia cauliflora	Viridiplantae
CHP03874	水麻	水麻䒒	shui ma	Boehmeria penduliflora	Viridiplantae
CHP03875	水麻根		shui ma gen	Boehmeria penduliflora	Viridiplantae
CHP03876	水马齿苋		shui ma chi xian	Rotala indica	Viridiplantae
CHP03877	水马桑		shui ma sang	Weigela japonica	Viridiplantae
CHP03878	水马桑枝叶		shui ma sang zhi ye	Weigela japonica	Viridiplantae
CHP03879	水蔓青		shui man qing	Veronica linariifolia	Viridiplantae
CHP03880	水毛花	蒲草根	shui mao hua	Schoenoplectiella mucronata	Viridiplantae
CHP03881	水木草		shui mu cao	Cuspidate Mnium Herb	Viridiplantae
CHP03882	水枇杷		shui pi pa	Saurauia tristyla	Viridiplantae
CHP03883	水前草		shui qian cao	Rorippa islandica	Viridiplantae
CHP03884	水茄		shui jia	Water Nightshade	Viridiplantae
CHP03885	水茄苳	水茄冬	shui jia dong	Barringtonia racemosa	Viridiplantae
CHP03886	水茄苳果	水茄冬果	shui jia dong guo	Barringtonia racemosa	Viridiplantae
CHP03887	水茄苳叶	水茄冬叶	shui jia dong ye	Barringtonia racemosa	Viridiplantae
CHP03888	水茄苳子	水茄冬子	shui jia dong zi	Barringtonia racemosa	Viridiplantae
CHP03889	水芹		shui qin	Javan Waterdropwort	Viridiplantae
CHP03890	水芹菜		shui qin cai	Oenanthe benghalensis	Viridiplantae
CHP03891	水莎草		shui suo cao	Cyperus glomeratus	Viridiplantae
CHP03892	水虱草	日照飘拂草	shui shi cao	Fimbristylis quinquangularis	Viridiplantae
CHP03893	水松		shui song	Fragile Codium Frond	Viridiplantae
CHP03894	水松皮		shui song pi	Glyptostrobus pensilis	Viridiplantae
CHP03895	水松球果		shui song qiu guo	Glyptostrobus pensilis	Viridiplantae
CHP03896	水松叶		shui song ye	Glyptostrobus pensilis	Viridiplantae
CHP03897	水松枝叶		shui song zhi ye	Glyptostrobus pensilis	Viridiplantae
CHP03898	水苏	毛水苏|光叶水苏	shui su	Stachys chinensis	Viridiplantae
CHP03899	水苏根		shui su gen	Stachys baicalensis	Viridiplantae
CHP03900	水蓑衣	南天仙子	shui suo yi	Hygrophila salicifolia	Viridiplantae
CHP03901	水塔花叶		shui ta hua ye	Billbergia pyramidalis	Viridiplantae
CHP03902	水田七	水三七	shui tian qi	Tacca plantaginea	Viridiplantae
CHP03903	水田七叶		shui tian qi ye	Tacca plantaginea	Viridiplantae
CHP03904	水田碎米荠		shui tian sui mi ji	Cardamine lyrata	Viridiplantae
CHP03905	水团花		shui tuan hua	Pilular Adina	Viridiplantae
CHP03906	水团花根		shui tuan hua gen	Adina pilulifera	Viridiplantae
CHP03907	水蜈蚣		shui wu gong	Shortleaf Kyllinga	Viridiplantae
CHP03908	水虾草根		shui xia cao gen	Epilobium parviflorum	Viridiplantae
CHP03909	水虾子草		shui xia zi cao	Lindernia antipoda	Viridiplantae
CHP03910	水仙		shui xian	Narcissus tazetta	Viridiplantae
CHP03911	水仙根		shui xian gen	Chinese Narcissus Bulb	Viridiplantae
CHP03912	水仙花		shui xian hua	Chinese Narcissus Flower	Viridiplantae
CHP03913	水苋菜		shui xian cai	Ammannia baccifera	Viridiplantae
CHP03914	水线草		shui xian cao	Corymbose Hedyotis	Viridiplantae
CHP03915	水香柴		shui xiang chai	Hypericum kouytchense	Viridiplantae
CHP03916	水杨根		shui yang gen	Salix sinopurpurea	Viridiplantae
CHP03917	水杨柳		shui yang liu	Homonoia riparia	Viridiplantae
CHP03918	水杨梅		shui yang mei	Japanese Avens;Thinleaf Adina	Viridiplantae
CHP03919	水杨梅根		shui yang mei gen	Japanese Avens Root	Viridiplantae
CHP03920	水杨木白皮		shui yang mu bai pi	Bitter WiIIow Bast	Viridiplantae
CHP03921	水杨枝叶		shui yang zhi ye	Bitter WiIIow Branch and Leaf	Viridiplantae
CHP03922	水榆		shui yu	Alniaria alnifolia	Viridiplantae
CHP03923	水榆果		shui yu guo	Alniaria alnifolia	Viridiplantae
CHP03924	水玉簪		shui yu zan	Burmannia disticha	Viridiplantae
CHP03925	水芋		shui yu	Calla palustris	Viridiplantae
CHP03926	水皂角	山野扁豆	shui zao jiao	Senna nomame	Viridiplantae
CHP03927	水蔗草		shui zhe cao	Apluda mutica	Viridiplantae
CHP03928	水珍珠菜	水毛射	shui zhen zhu cai	Pogostemon auricularius	Viridiplantae
CHP03929	水珠草		shui zhu cao	Circaea lutetiana	Viridiplantae
CHP03930	水苎麻	灰绿水苎麻|糙叶水苎麻	shui zhu ma	Boehmeria macrophylla	Viridiplantae
CHP03931	水椎木		shui chui mu	Homonoia riparia	Viridiplantae
CHP03932	睡菜		shui cai	Bogbean	Viridiplantae
CHP03933	睡菜根		shui cai gen	Bogbean Root	Viridiplantae
CHP03934	睡莲		shui lian	Nymphaea tetragona	Viridiplantae
CHP03935	顺江木	阴香	shun jiang mu	Cinnamomum burmanni	Viridiplantae
CHP03936	丝棉木		si mian mu	Winterberry Euonymus	Viridiplantae
CHP03937	丝棉木叶		si mian mu ye	Euonymus maackii	Viridiplantae
CHP03938	四川澄茄子		si chuan cheng qie zi	Litsea moupinensis	Viridiplantae
CHP03939	四川红淡叶		si chuan hong dan ye	Adinandra bockiana	Viridiplantae
CHP03940	四川苦丁茶		si chuan ku ding cha	Ligustrum pricei	Viridiplantae
CHP03941	四川木蓝		si chuan mu lan	Indigofera szechuensis	Viridiplantae
CHP03942	四川山矾		si chuan shan fan	Symplocos setchuensis	Viridiplantae
CHP03943	四方蒿		si fang hao	Elsholtzia blanda	Viridiplantae
CHP03944	四方盒子草	五凤朝阳草	si fang he zi cao	Pedicularis rex	Viridiplantae
CHP03945	四方藤		si fang teng	Cissus hastata	Viridiplantae
CHP03946	四季青		si ji qing	Folium Illics Purpureae	Viridiplantae
CHP03947	四角蒲桃		si jiao pu tao	Syzygium tetragonum	Viridiplantae
CHP03948	四棱筋骨草		si leng jin gu cao	Schnabelia oligophylla	Viridiplantae
CHP03949	四里麻		si li ma	Calanthe graciliflora	Viridiplantae
CHP03950	四轮香		si lun xiang	Hanceola sinensis	Viridiplantae
CHP03951	四念癀		si nian huang	Anagallis arvensis	Viridiplantae
CHP03952	四叶参	山海螺	si ye can	Codonopsis lanceolata	Viridiplantae
CHP03953	四叶葎	四叶草	si ye lv	Hedge Bedstraw	Viridiplantae
CHP03954	四叶七		si ye qi	Chloranthus henryi	Viridiplantae
CHP03955	四叶细辛		si ye xi xin	Chloranthus multistachys	Viridiplantae
CHP03956	松笔头		song bi tou	Pinus yunnanensis	Viridiplantae
CHP03957	松打七		song da qi	Primula forrestii	Viridiplantae
CHP03958	松根	马尾松根|松根油|马尾松树根	song gen	Pinus massoniana	Viridiplantae
CHP03959	松蒿		song hao	Japanese Phtheirospermum	Viridiplantae
CHP03960	松花粉	松花	song hua fen	Pollen Pini	Viridiplantae
CHP03961	松寄生		song ji sheng	Taxillus caloreas	Viridiplantae
CHP03962	松节	辣椒松节油|油松节|松节油	song jie	Knotty pine wood, Pine nodular branch;Song jie (pine node)	Viridiplantae
CHP03963	松毛火绒草		song mao huo rong cao	Leontopodium andersonii	Viridiplantae
CHP03964	松木皮		song mu pi	Pinus massoniana	Viridiplantae
CHP03965	松球		song qiu	Pinus yunnanensis	Viridiplantae
CHP03966	松树梢		song shu shao	Pinus massoniana	Viridiplantae
CHP03967	松塔		song ta	Pinus bungeana	Viridiplantae
CHP03968	松下兰		song xia lan	Yellow Bird’S-Nest	Viridiplantae
CHP03969	松香		song xiang	Colophony	Viridiplantae
CHP03970	松叶	马尾松叶|鲜松叶	song ye	Folium Pini armandi	Viridiplantae
CHP03971	松叶防风花		song ye fang feng hua	Seseli yunnanense	Viridiplantae
CHP03972	松叶防风叶		song ye fang feng ye	Seseli yunnanense	Viridiplantae
CHP03973	松油	松脂	song you	Oleum Pini	Viridiplantae
CHP03974	松针		song zhen	Pinus thunbergii	Viridiplantae
CHP03975	松子仁	海松子	song zi ren	Semen Pini Koraiensis	Viridiplantae
CHP03976	溲疏		sou shu	Deutzia scabra	Viridiplantae
CHP03977	苏合香	苏合香油	su he xiang	Storax	Viridiplantae
CHP03978	苏黄耆		su huang qi	Malva neglecta	Viridiplantae
CHP03979	苏木		su mu	Sappan caesalpinia	Viridiplantae
CHP03980	苏木蓝		su mu lan	Indigofera carlesii	Viridiplantae
CHP03981	苏铁		su tie	Cycas revoluta	Viridiplantae
CHP03982	苏铁根		su tie gen	Cycas revoluta	Viridiplantae
CHP03983	苏铁果		su tie guo	Cycas revoluta	Viridiplantae
CHP03984	苏铁花		su tie hua	Cycas revoluta	Viridiplantae
CHP03985	苏铁蕨		su tie jue	Brainea insignis	Viridiplantae
CHP03986	苏铁叶		su tie ye	Sago Frond	Viridiplantae
CHP03987	素馨花		su xin hua	Flos Jasmini	Viridiplantae
CHP03988	宿苞豆	铁马豆	su bao dou	Shuteria involucrata	Viridiplantae
CHP03989	宿根亚麻		su gen ya ma	Linum perenne	Viridiplantae
CHP03990	粟糠		su kang	Setaria italica	Viridiplantae
CHP03991	粟米	青粱米|北秫米|秫米|黄粱米	su mi	Semen Setariae	Viridiplantae
CHP03992	粟米草	地麻黄	su mi cao	Fiveleaf Carpetweed	Viridiplantae
CHP03993	粟米泔汁		su mi gan zhi	Setaria italica	Viridiplantae
CHP03994	酸不溜	叉分蓼|逆阿落	suan bu liu	Koenigia divaricata	Viridiplantae
CHP03995	酸不溜根		suan bu liu gen	Koenigia divaricata	Viridiplantae
CHP03996	酸橙		suan cheng	Citrus x aurantium	Viridiplantae
CHP03997	酸浆	挂金灯|锦灯笼	suan jiang	Japanese-lantern	Viridiplantae
CHP03998	酸浆根		suan jiang gen	Alkekengi officinarum	Viridiplantae
CHP03999	酸角	罗望子	suan jiao	Tamarind Fruit	Viridiplantae
CHP04000	酸模		suan mo	Garden Sorrel	Viridiplantae
CHP04001	酸模叶		suan mo ye	Garden Sorrel Leaf	Viridiplantae
CHP04002	酸石榴	石榴|石榴子	suan shi liu	Pomegranate Heartwood	Viridiplantae
CHP04003	酸水草		suan shui cao	Thorowort Pondweed	Viridiplantae
CHP04004	酸藤果		suan teng guo	Embelia laeta	Viridiplantae
CHP04005	酸藤木	酸果藤	suan teng mu	Embelia laeta	Viridiplantae
CHP04006	酸枣仁	枣仁|炒酸枣仁|酸枣仁油|枣核|酸枣	suan zao ren	Spine Date Seed	Viridiplantae
CHP04007	算盘七		suan pan qi	Streptopus simplex	Viridiplantae
CHP04008	算盘子		suan pan zi	Glochidion puberum	Viridiplantae
CHP04009	算盘子根		suan pan zi gen	Glochidion puberum	Viridiplantae
CHP04010	算盘子叶		suan pan zi ye	Glochidion puberum	Viridiplantae
CHP04011	随手香		sui shou xiang	Acorus gramineus	Viridiplantae
CHP04012	碎骨红		sui gu hong	Craibiodendron scleranthum	Viridiplantae
CHP04013	碎骨子		sui gu zi	Lophatherum sinense	Viridiplantae
CHP04014	碎米荠		sui mi ji	Cardamine flexuosa	Viridiplantae
CHP04015	碎密花		sui mi hua	Colquhounia elegans	Viridiplantae
CHP04016	穗花杉种子		sui hua shan zhong zi	Amentotaxus argotaenia	Viridiplantae
CHP04017	繸瓣珍珠菜		sui ban zhen zhu cai	Lysimachia glanduliflora	Viridiplantae
CHP04018	娑罗子	浙江七叶树	suo luo zi	Buckeye Seed	Viridiplantae
CHP04019	蓑衣莲		suo yi lian	Aster auriculatus	Viridiplantae
CHP04020	唢呐花		suo na hua	Incarvillea arguta	Viridiplantae
CHP04021	锁阳		suo yang	Songaria Cynomorium;Cynomorium songaricum	Viridiplantae
CHP04022	踏膀药	黄花堇菜	ta bang yao	Viola delavayi	Viridiplantae
CHP04023	蹋菜	塌菜	ta cai	Brassica rapa	Viridiplantae
CHP04024	胎生铁角蕨		tai sheng tie jiao jue	Asplenium yoshinagae	Viridiplantae
CHP04025	台湾厚壳树		tai wan hou ke shu	Ehretia resinosa	Viridiplantae
CHP04026	台湾牛奶菜		tai wan niu nai cai	Radix Marsdeniae formosanae	Viridiplantae
CHP04027	台湾泡桐		tai wan pao tong	Ficus fistulosa	Viridiplantae
CHP04028	台湾泡桐叶		tai wan pao tong ye	Paulownia kawakamii	Viridiplantae
CHP04029	台湾榕	奶汁树	tai wan rong	Ficus formosana	Viridiplantae
CHP04030	台湾三颗针		tai wan san ke zhen	Berberis kawakamii	Viridiplantae
CHP04031	台湾双蝴蝶	日本双蝴蝶	tai wan shuang hu die	Taiwan Dualbutterfly Equivalent plant: Tripterospermum japonicum	Viridiplantae
CHP04032	台湾土豆蔻		tai wan tu dou kou	Alpinia formosana	Viridiplantae
CHP04033	台湾泽兰		tai wan ze lan	Taiwan Agrimony	Viridiplantae
CHP04034	苔水花		tai shui hua	Pilea japonica	Viridiplantae
CHP04035	太白参		tai bai can	Pedicularis dunniana	Viridiplantae
CHP04036	太白韭	野葱	tai bai jiu	Allium prattii	Viridiplantae
CHP04037	太白菊		tai bai ju	Aster flaccidus	Viridiplantae
CHP04038	太白丽参		tai bai li can	Pedicularis dissecta	Viridiplantae
CHP04039	太白三七		tai bai san qi	Tongoloa silaifolia	Viridiplantae
CHP04040	太平莓		tai ping mei	Rubus pacificus	Viridiplantae
CHP04041	太阳针		tai yang zhen	Plagiopus oederianus	Viridiplantae
CHP04042	太子参		tai zi shen	Heterophylly Falsestarwort Root	Viridiplantae
CHP04043	昙花		tan hua	Epiphyllum oxypetalum	Viridiplantae
CHP04044	昙花茎		tan hua jing	Epiphyllum oxypetalum	Viridiplantae
CHP04045	痰火草		tan huo cao	Murdannia bracteata	Viridiplantae
CHP04046	檀根		tan gen	Dalbergia hupeana	Viridiplantae
CHP04047	檀香	白檀香|紫檀香	tan xiang	Lignum Santali Albi	Viridiplantae
CHP04048	檀香泥		tan xiang ni	Resina Santaii albi	Viridiplantae
CHP04049	檀香油		tan xiang you	Oleum Santali albi	Viridiplantae
CHP04050	唐古特报春		tang gu te bao chun	Primula tangutica	Viridiplantae
CHP04051	唐古特大黄		tang gu te dai huang	Tangut Rhubarb	Viridiplantae
CHP04052	唐古特青兰	甘青青兰	tang gu te qing lan	Dracocephalum tanguticum	Viridiplantae
CHP04053	唐古特青兰苗		tang gu te qing lan miao	Dracocephalum tanguticum	Viridiplantae
CHP04054	唐松草	粗果唐松草	tang song cao	Longstyle Meadowrue;Early Meadowrue	Viridiplantae
CHP04055	糖荠	桂竹糖芥	tang ji	Erysimum cheiranthoides	Viridiplantae
CHP04056	螳螂跌打		tang lang die da	Pothos scandens	Viridiplantae
CHP04057	桃儿七	小叶莲	tao er qi	Common Sinopodophyllm	Viridiplantae
CHP04058	桃儿七果		tao er qi guo	Sinopodophyllum hexandrum	Viridiplantae
CHP04059	桃根		tao gen	Amygdalus persica	Viridiplantae
CHP04060	桃胶		tao jiao	Amygdalus persica	Viridiplantae
CHP04061	桃金娘	山棯	tao jin niang	Rosemyrtle	Viridiplantae
CHP04062	桃金娘花		tao jin niang hua	Rhodomyrtus tomentosa	Viridiplantae
CHP04063	桃南瓜		tao nan gua	Peachliking Pumpkin	Viridiplantae
CHP04064	桃奴		tao nu	Prunus persica	Viridiplantae
CHP04065	桃仁	生桃仁|桃仁霜|巴旦杏仁|扁桃|巴丹仁|巴旦仁	tao ren	Semen Persicae	Viridiplantae
CHP04066	桃树胶		tao shu jiao	Prunus persica	Viridiplantae
CHP04067	桃叶		tao ye	Peach Leaf	Viridiplantae
CHP04068	桃叶蓼		tao ye liao	Spring Knotweed	Viridiplantae
CHP04069	桃枝	鲜桃枝	tao zhi	Peach Juvenile Branch Equivalent plant: Prunus davidiana;Peach Juvenile Branch	Viridiplantae
CHP04070	桃子	桃	tao zi	Fructus Amygdali persicae	Viridiplantae
CHP04071	藤本夜关门		teng ben ye guan men	Argyreia osyrensis	Viridiplantae
CHP04072	藤茶		teng cha	Nekemias megalophylla	Viridiplantae
CHP04073	藤杜仲		teng du zhong	Urceola huaitingii	Viridiplantae
CHP04074	藤槐		teng huai	Bowringia callicarpa	Viridiplantae
CHP04075	藤黄		teng huang	Gamboge Tree Resin	Viridiplantae
CHP04076	藤黄连		teng huang lian	Fibraurea tinctoria	Viridiplantae
CHP04077	藤金合欢		teng jin he huan	Acacia sinuata	Viridiplantae
CHP04078	藤苦参	马莲鞍	teng ku shen	Streptocaulon juventas	Viridiplantae
CHP04079	藤三七		teng san qi	Anredera cordifolia	Viridiplantae
CHP04080	藤檀		teng tan	Dalbergia hancei	Viridiplantae
CHP04081	藤乌		teng wu	Aconitum hemsleyanum	Viridiplantae
CHP04082	藤乌头		teng wu tou	Aconitum hemsleyanum	Viridiplantae
CHP04083	天冬	天门冬	tian dong	Radix Asparagi	Viridiplantae
CHP04084	天胡荽		tian hu sui	Lawn Pennywort	Viridiplantae
CHP04085	天花粉		tian hua fen	Radix Trichosanthis	Viridiplantae
CHP04086	天浆壳		tian jiang ke	Metaplexis japonica	Viridiplantae
CHP04087	天脚板	狭叶桃叶珊瑚	tian jiao ban	Chinese Aucuba	Viridiplantae
CHP04088	天脚板根		tian jiao ban gen	Aucuba chinensis	Viridiplantae
CHP04089	天脚板果		tian jiao ban guo	Aucuba chinensis	Viridiplantae
CHP04090	天葵	千年耗子屎种子|天葵草	tian kui	Semiaquilegia adoxoides	Viridiplantae
CHP04091	天蓝苜蓿	老蜗生	tian lan mu xu	Medicago lupulina	Viridiplantae
CHP04092	天罗水	丝瓜	tian luo shui	Luffa cylindrica(L.)Roem.$Luffa acutangula(L.)Roxb.	Viridiplantae
CHP04093	天麻	天麻蜜环菌粉	tian ma	Rhizoma Gastrodiae	Viridiplantae
CHP04094	天目木姜子		tian mu mu jiang zi	Litsea auriculata	Viridiplantae
CHP04095	天南星	生南星|生天星南|制天南星|生天南星	tian nan xing	Rhizoma Arisaematis	Viridiplantae
CHP04096	天蓬草	雀舌草	tian peng cao	Stellaria alsine	Viridiplantae
CHP04097	天蓬子根		tian peng zi gen	Atropanthe sinensis	Viridiplantae
CHP04098	天茄子		tian qie zi	Indian Nightshade	Viridiplantae
CHP04099	天然冰片		tian ran bing pian	Cinnamomum camphora	Viridiplantae
CHP04100	天山大黄		tian shan dai huang	Tianshan Mountain Rhubarb	Viridiplantae
CHP04101	天山花楸		tian shan hua qiu	Tianshan Mountain Mountainash	Viridiplantae
CHP04102	天生草		tian sheng cao	Diuranthera minor	Viridiplantae
CHP04103	天王七		tian wang qi	Triosteum himalayanum	Viridiplantae
CHP04104	天王七果实		tian wang qi guo shi	Triosteum pinnatifidum	Viridiplantae
CHP04105	天王七叶		tian wang qi ye	Triosteum pinnatifidum	Viridiplantae
CHP04106	天竺黄	天竹黄	tian zhu huang	Chinese schinzostachyum Tabasheer	Viridiplantae
CHP04107	田唇乌蝇翼		tian chun wu ying yi	Smithia sensitiva	Viridiplantae
CHP04108	田葱		tian cong	Woolly Philydrum	Viridiplantae
CHP04109	田麻		tian ma	Corchoropsis tomentosa	Viridiplantae
CHP04110	田旋花		tian xuan hua	Field Bindweed	Viridiplantae
CHP04111	田野卷耳		tian ye juan er	Cerastium arvense	Viridiplantae
CHP04112	菾菜根		tian cai gen	Beta vulgaris	Viridiplantae
CHP04113	甜菜	红牛皮菜	tian cai	Common Beet	Viridiplantae
CHP04114	甜茶		tian cha	Sweet Blackberry	Viridiplantae
CHP04115	甜茶藤	显齿蛇葡萄	tian cha teng	Nekemias grossedentata	Viridiplantae
CHP04116	甜地丁	小米口袋	tian di ding	Herba Gueldenstaedtiae Multiflorae	Viridiplantae
CHP04117	甜根子草		tian gen zi cao	Saccharum spontaneum	Viridiplantae
CHP04118	甜瓜	生瓜|越瓜	tian gua	Cucumis melo	Viridiplantae
CHP04119	甜瓜蒂	瓜蒂	tian gua di	Pedicellus Melo [1985]	Viridiplantae
CHP04120	甜瓜根		tian gua gen	Radix Cucumidis melinis	Viridiplantae
CHP04121	甜瓜茎		tian gua jing	Caulis Cucumidis melinis	Viridiplantae
CHP04122	甜瓜皮		tian gua pi	Pericarpium Cucumidis melinis	Viridiplantae
CHP04123	甜瓜叶		tian gua ye	Folium Cucumidis melinis	Viridiplantae
CHP04124	甜瓜子		tian gua zi	Semen Melo [1985]	Viridiplantae
CHP04125	甜果藤	麦撇花藤	tian guo teng	Mappianthus iodoides	Viridiplantae
CHP04126	甜石榴		tian shi liu	Punica granatum	Viridiplantae
CHP04127	甜叶菊		tian ye ju	Rebaud Eupatorium	Viridiplantae
CHP04128	条参		tiao can	Stebbinsia umbrella	Viridiplantae
CHP04129	条叶垂头菊		tiao ye chui tou ju	Cremanthodium lineare	Viridiplantae
CHP04130	贴生石韦		tie sheng shi wei	Pyrrosia adnascens	Viridiplantae
CHP04131	铁棒锤		tie bang chui	Pendulous Monkshood	Viridiplantae
CHP04132	铁棒锤茎叶	铁棒锤叶	tie bang chui jing ye	Aconitum flavum	Viridiplantae
CHP04133	铁包金		tie bao jin	Berchemia lineata	Viridiplantae
CHP04134	铁草鞋		tie cao xie	Hoya pandurata	Viridiplantae
CHP04135	铁灯台		tie deng tai	Paris axialis	Viridiplantae
CHP04136	铁灯兔耳风		tie deng tu er feng	Ainsliaea macroclinidioides	Viridiplantae
CHP04137	铁杆地柏枝		tie gan di bai zhi	Asplenium pekinense	Viridiplantae
CHP04138	铁杆蒿		tie gan hao	Artemisia gmelinii	Viridiplantae
CHP04139	铁海棠		tie hai tang	Crownofhorns Euphorbia	Viridiplantae
CHP04140	铁海棠花		tie hai tang hua	Euphorbia milii	Viridiplantae
CHP04141	铁箭矮陀		tie jian ai tuo	Chamaecrista leschenaultiana	Viridiplantae
CHP04142	铁箭岩陀		tie jian yan tuo	Indigofera spicata	Viridiplantae
CHP04143	铁角凤尾草		tie jiao feng wei cao	Asplenium trichomanes	Viridiplantae
CHP04144	铁脚草		tie jiao cao	Onychium contiguum	Viridiplantae
CHP04145	铁脚威灵仙叶		tie jiao wei ling xian ye	Clematis paniculata	Viridiplantae
CHP04146	铁蕨鸡		tie jue ji	Pronephrium nudatum	Viridiplantae
CHP04147	铁栏杆		tie lan gan	Lobelia pyramidalis	Viridiplantae
CHP04148	铁篱笆		tie li ba	Paliurus ramosissimus	Viridiplantae
CHP04149	铁篱笆果		tie li ba guo	Paliurus ramosissimus	Viridiplantae
CHP04150	铁力木		tie li mu	Common Mesua	Viridiplantae
CHP04151	铁罗伞		tie luo san	Lysidice rhodostegia	Viridiplantae
CHP04152	铁马鞭		tie ma bian	Lespedeza pilosa	Viridiplantae
CHP04153	铁牛皮		tie niu pi	Daphne kiusiana	Viridiplantae
CHP04154	铁牛钻石		tie niu zuan shi	Sabia schumanniana	Viridiplantae
CHP04155	铁皮石斛		tie pi shi hu	Iron-sheet Denrdobium	Viridiplantae
CHP04156	铁扫帚		tie sao zhou	Lespedeza cuneata	Viridiplantae
CHP04157	铁扫竹		tie sao zhu	Indigofera bungeana	Viridiplantae
CHP04158	铁色箭	大一枝箭	tie se jian	Orange Lycoris	Viridiplantae
CHP04159	铁扇子		tie shan zi	Adiantum myriosorum	Viridiplantae
CHP04160	铁树		tie shu	Cycas siamensis	Viridiplantae
CHP04161	铁树果		tie shu guo	Cycas siamensis	Viridiplantae
CHP04162	铁树花		tie shu hua	Cycas revoluta	Viridiplantae
CHP04163	铁树叶		tie shu ye	fruticose dracaena leaf	Viridiplantae
CHP04164	铁丝灵仙	铁丝威灵仙|金刚刺|鞘菝葜	tie si ling xian	Smilax nigrescens	Viridiplantae
CHP04165	铁丝七	掌叶铁线蕨	tie si qi	American Maidenhair Fern	Viridiplantae
CHP04166	铁藤根		tie teng gen	Craspedolobium schochii	Viridiplantae
CHP04167	铁苋	铁苋菜	tie xian	Copperleaf Herb	Viridiplantae
CHP04168	铁线草		tie xian cao	Grona heterophylla	Viridiplantae
CHP04169	铁线莲		tie xian lian	Clematis florida	Viridiplantae
CHP04170	铁仔	大红袍	tie zai	African Myrsine	Viridiplantae
CHP04171	铁轴草		tie zhou cao	Fourfile Germander	Viridiplantae
CHP04172	葶苈		ting li	Draba nemorosa	Viridiplantae
CHP04173	葶苈子	北葶苈子|辣辣菜	ting li zi	Lepidium seed, Descurainia seed	Viridiplantae
CHP04174	通草		tong cao	Medulla Tetrapanacis	Viridiplantae
CHP04175	通肠香		tong chang xiang	Anaphalis sinica	Viridiplantae
CHP04176	通城虎		tong cheng hu	Aristolochia fordiana	Viridiplantae
CHP04177	通骨消根	老鸦嘴	tong gu xiao gen	Thunbergia grandiflora	Viridiplantae
CHP04178	通关藤	通光散	tong guan teng	Tenacious Condorvine	Viridiplantae
CHP04179	通花根		tong hua gen	Ricepaperplant Root	Viridiplantae
CHP04180	通花花		tong hua hua	Flos Tetrapanacis papyriferi	Viridiplantae
CHP04181	通脉丹	绵毛娃儿藤	tong mai dan	Vincetoxicum mollissimum	Viridiplantae
CHP04182	通泉草	绿兰花	tong quan cao	Mazus pumilus	Viridiplantae
CHP04183	通脱木花上粉		tong tuo mu hua shang fen	pollen Tetrapanacis papyriferis	Viridiplantae
CHP04184	同型鳞毛蕨	同形鳞毛蕨	tong xing lin mao jue	Dryopteris uniformis	Viridiplantae
CHP04185	茼蒿		tong hao	Crowndaisy Chrysanthemum Equivalent plant: Chrysanthemum segetum; Crowndaisy Chrysanthemum	Viridiplantae
CHP04186	桐根		tong gen	Paulownia fortunei	Viridiplantae
CHP04187	桐皮	川桐皮|桐木	tong pi	Paulownia fortunei	Viridiplantae
CHP04188	桐叶		tong ye	Paulownia fortunei	Viridiplantae
CHP04189	桐叶千金藤		tong ye qian jin teng	Stephania hernandifolia	Viridiplantae
CHP04190	桐油		tong you	Tung Oil	Viridiplantae
CHP04191	桐子花	油桐花	tong zi hua	Vernicia fordii	Viridiplantae
CHP04192	铜棒锤		tong bang chui	Corydalis linarioides	Viridiplantae
CHP04193	铜锤草	红花酢浆草	tong chui cao	Oxalis corymbosa	Viridiplantae
CHP04194	铜锤草根		tong chui cao gen	Oxalis corymbosa	Viridiplantae
CHP04195	铜骨七		tong gu qi	Anemone davidii	Viridiplantae
CHP04196	铜脚威灵仙		tong jiao wei ling xian	Clematis terniflora	Viridiplantae
CHP04197	铜罗伞		tong luo san	Indigofera decora	Viridiplantae
CHP04198	铜锣七		tong luo qi	Stephania herbacea	Viridiplantae
CHP04199	铜皮		tong pi	Saurauia napaulensis	Viridiplantae
CHP04200	铜钱细辛		tong qian xi xin	Asarum debile	Viridiplantae
CHP04201	铜苋菜		tong xian cai	Nymphoides indica	Viridiplantae
CHP04202	偷筋草		tou jin cao	Primula szechuanica	Viridiplantae
CHP04203	头顶一朵花		tou ding yi duo hua	Lysimachia fistulosa	Viridiplantae
CHP04204	头花杜鹃	小叶杜鹃	tou hua du juan	Capitate Rhododendron	Viridiplantae
CHP04205	头花蓼	石莽草	tou hua liao	Persicaria capitata	Viridiplantae
CHP04206	头花猪屎豆		tou hua zhu shi dou	Crotalaria mairei	Viridiplantae
CHP04207	头巾草		tou jin cao	Scutellaria scordifolia	Viridiplantae
CHP04208	透骨草	珍珠透骨草	tou gu cao	Tuberculate Speranskia	Viridiplantae
CHP04209	透茎冷水花		tou jing leng shui hua	Pilea pumila	Viridiplantae
CHP04210	透明草		tou ming cao	Pilea microphylla	Viridiplantae
CHP04211	凸额马先蒿		tu e ma xian hao	Pedicularis cranolopha	Viridiplantae
CHP04212	秃疮花		tu chuang hua	Slenderstalk Dicranostigma	Viridiplantae
CHP04213	秃房茶子		tu fang cha zi	Camellia gymnogyna	Viridiplantae
CHP04214	秃叶红豆树		tu ye hong dou shu	Ormosia henryi	Viridiplantae
CHP04215	土百部	羊齿天冬	tu bai bu	Radix Asparagi Filicini	Viridiplantae
CHP04216	土贝母		tu bei mu	Paniculate Bolbostemma	Viridiplantae
CHP04217	土茶		tu cha	Cratoxylum formosum	Viridiplantae
CHP04218	土常山		tu chang shan	Radix Hydrangeae Strigosae	Viridiplantae
CHP04219	土大黄		tu dai huang	Rumex obtusifolius	Viridiplantae
CHP04220	土大黄叶		tu dai huang ye	Rumex obtusifolius	Viridiplantae
CHP04221	土大香		tu da xiang	Illicium simonsii	Viridiplantae
CHP04222	土丹参		tu dan shen	Salvia kiaometiensis	Viridiplantae
CHP04223	土当归	朝鲜当归	tu dang gui	Udo Equivalent plant: Aralia fargesii; Udo	Viridiplantae
CHP04224	土丁桂		tu ding gui	Herba Evolvuli Alsinoidis	Viridiplantae
CHP04225	土茯苓	土伏苓|土萆解	tu fu ling	Rhizoma Smilacis Glabrae	Viridiplantae
CHP04226	土藁木	土藁本	tu gao mu	Nothosmyrnium japonicum	Viridiplantae
CHP04227	土瓜		tu gua	Merremia hungaiensis	Viridiplantae
CHP04228	土桂皮	山肉桂	tu gui pi	Cinnamomum iners	Viridiplantae
CHP04229	土红苓		tu hong ling	Begonia taiwaniana	Viridiplantae
CHP04230	土金耳环		tu jin er huan	Asarum petelotii	Viridiplantae
CHP04231	土槿皮	土荆皮	tu jin pi	Pseudolarix amabilis	Viridiplantae
CHP04232	土荆芥		tu jing jie	Mexican Tea	Viridiplantae
CHP04233	土连翘		tu lian qiao	Tall Hymenodictyon	Viridiplantae
CHP04234	土良姜		tu liang jiang	Spiked Gingerlily	Viridiplantae
CHP04235	土圞儿		tu luan er	Apios fortunei	Viridiplantae
CHP04236	土马鬃	土马骔|大金发藓	tu ma zong	Polytrichum commune	Viridiplantae
CHP04237	土密树		tu mi shu	Bridelia tomentosa	Viridiplantae
CHP04238	土木香		tu mu xiang	Radix Inulae	Viridiplantae
CHP04239	土牛党七		tu niu dang qi	Sindechites henryi	Viridiplantae
CHP04240	土千年健	乌饭子|左黑果	tu qian nian jian	Vaccinium fragile	Viridiplantae
CHP04241	土千年健叶		tu qian nian jian ye	Vaccinium fragile	Viridiplantae
CHP04242	土人参		tu ren shen	Talinum paniculatum	Viridiplantae
CHP04243	土人参叶		tu ren shen ye	Talinum paniculatum	Viridiplantae
CHP04244	土三七	菊三七|三七草|菊叶三七	tu san qi	Herba Senecionis Chrysanthemoidis	Viridiplantae
CHP04245	土沙参		tu sha shen	Asyneuma chinense	Viridiplantae
CHP04246	土碎补		tu sui bu	Goniophlebium amoenum	Viridiplantae
CHP04247	土田七		tu tian qi	Rhizoma Stahlianthi Involucrati	Viridiplantae
CHP04248	土香薷		tu xiang ru	Common Origanum	Viridiplantae
CHP04249	土一枝蒿		tu yi zhi hao	Herba Achilleae Wilsonianae	Viridiplantae
CHP04250	土玉桂		tu yu gui	Neolitsea levinei	Viridiplantae
CHP04251	吐烟花		tu yan hua	Pellionia repens	Viridiplantae
CHP04252	兔儿风	兔耳风	tu er feng	Ainsliaea glabra	Viridiplantae
CHP04253	兔儿伞		tu er san	Syneilesis	Viridiplantae
CHP04254	兔耳草	洪连	tu er cao	Lagotis ramalana	Viridiplantae
CHP04255	兔耳子草		tu er zi cao	Leontopodium longifolium	Viridiplantae
CHP04256	兔毛蒿		tu mao hao	Artemisia sibirica	Viridiplantae
CHP04257	菟葵		tu kui	Malva parviflora	Viridiplantae
CHP04258	菟丝	菟丝草	tu si	Cuscuta chinensis	Viridiplantae
CHP04259	菟丝子	盐菟丝子	tu si zi	Dodder Seed	Viridiplantae
CHP04260	团花		tuan hua	Neolamarckia cadamba	Viridiplantae
CHP04261	团叶槲蕨		tuan ye hu jue	Aglaomorpha bonii	Viridiplantae
CHP04262	团叶鳞始蕨		tuan ye lin shi jue	Lindsaea orbiculata	Viridiplantae
CHP04263	退血草		tui xue cao	Lysimachia stellarioides	Viridiplantae
CHP04264	托柄菝葜	短柄菝葜	tuo bing ba qia	Smilax discotis	Viridiplantae
CHP04265	托里贝母		tuo li bei mu	Fritillaria tortifolia	Viridiplantae
CHP04266	托盘		tuo pan	Rubus hirsutus	Viridiplantae
CHP04267	挖耳子草	高山金挖耳	wa er zi cao	Carpesium lipskyi	Viridiplantae
CHP04268	娃儿藤	三十六荡|卵叶娃儿藤	wa er teng	Manyflower Tylophora	Viridiplantae
CHP04269	瓦草		wa cao	Silene viscidula	Viridiplantae
CHP04270	瓦松		wa song	Herba Orostachyis Fimbriati	Viridiplantae
CHP04271	瓦韦		wa wei	Thunberg's Lepisorus	Viridiplantae
CHP04272	歪脖子果	大叶藤黄	wai bo zi guo	Garcinia xanthochymus	Viridiplantae
CHP04273	歪头菜		wai tou cai	Vicia unijuga	Viridiplantae
CHP04274	外卷唐松草		wai juan tang song cao	Waxy Meadowrue	Viridiplantae
CHP04275	弯管花		wan guan hua	Chassalia curviflora	Viridiplantae
CHP04276	豌豆		wan dou	Garden Pea	Viridiplantae
CHP04277	豌豆花		wan dou hua	Pisum sativum	Viridiplantae
CHP04278	豌豆七		wan dou qi	Rhodiola henryi	Viridiplantae
CHP04279	豌豆七根		wan dou qi gen	Rhodiola henryi	Viridiplantae
CHP04280	晚香玉		wan xiang yu	Tuberose	Viridiplantae
CHP04281	碗花草		wan hua cao	Thunbergia fragrans	Viridiplantae
CHP04282	碗花草根		wan hua cao gen	Thunbergia fragrans	Viridiplantae
CHP04283	碗蕨		wan jue	Scabrous Boulder Fern	Viridiplantae
CHP04284	万年蒿		wan nian hao	all-grass of Russian Wormwood	Viridiplantae
CHP04285	万年青根		wan nian qing gen	Omoto Nipponlily Root	Viridiplantae
CHP04286	万年青花		wan nian qing hua	Rohdea japonica	Viridiplantae
CHP04287	万年青叶		wan nian qing ye	Rohdea japonica	Viridiplantae
CHP04288	万年松		wan nian song	Phlegmariurus pulcherrimus	Viridiplantae
CHP04289	万年藓		wan nian xian	Climacium dendroides	Viridiplantae
CHP04290	万寿菊		wan shou ju	Aztec Marigold	Viridiplantae
CHP04291	万寿菊花		wan shou ju hua	Tagetes erecta	Viridiplantae
CHP04292	万寿菊叶		wan shou ju ye	Aztec Marigold Leaf	Viridiplantae
CHP04293	王不留行		wang bu liu xing	Semen Vaccariae	Viridiplantae
CHP04294	王瓜		wang gua	Japanese Snakegourd	Viridiplantae
CHP04295	王瓜根		wang gua gen	Trichosanthes cucumeroides	Viridiplantae
CHP04296	王瓜子		wang gua zi	Japanese Snakegourd Seed	Viridiplantae
CHP04297	王孙		wang sun	Tetraphyllous Paris	Viridiplantae
CHP04298	网脉山龙眼		wang mai shan long yan	Helicia reticulata	Viridiplantae
CHP04299	网脉橐吾		wang mai tuo wu	Netvein Goldenray	Viridiplantae
CHP04300	网脉旋蒴苣苔	石面枇杷	wang mai xuan shuo ju tai	Paraboea dictyoneura	Viridiplantae
CHP04301	网眼瓦韦		wang yan wa wei	Lepisorus clathratus	Viridiplantae
CHP04302	菵米		wang mi	Beckmannia syzigachne	Viridiplantae
CHP04303	望江南		wang jiang nan	Coffee Senna	Viridiplantae
CHP04304	望江南子		wang jiang nan zi	Coffee Senna Seed	Viridiplantae
CHP04305	望江青		wang jiang qing	Stachys palustris	Viridiplantae
CHP04306	威灵仙		wei ling xian	Chinese Clematis Root	Viridiplantae
CHP04307	威灵仙叶		wei ling xian ye	Clematis chinensis	Viridiplantae
CHP04308	微毛柃		wei mao ling	Eurya hebeclados	Viridiplantae
CHP04309	煨姜		wei jiang	Zingiber officinale	Viridiplantae
CHP04310	薇籽	微籽	wei zi	Baliospermum calycinum	Viridiplantae
CHP04311	尾花细辛		wei hua xi xin	Asarum caudigerum	Viridiplantae
CHP04312	尾叶山柑		wei ye shan gan	Capparis urophylla	Viridiplantae
CHP04313	尾叶香茶菜		wei ye xiang cha cai	Taillikeleaf Rabdosia	Viridiplantae
CHP04314	尾叶越橘	大透骨草	wei ye yue ju	Vaccinium dunalianum	Viridiplantae
CHP04315	委陵菜		wei ling cai	Herba Potentillae Chinensis	Viridiplantae
CHP04316	卫矛		wei mao	Euonymus alatus	Viridiplantae
CHP04317	味牛膝		wei niu xi	Strobilanthes forrestii	Viridiplantae
CHP04318	胃寒草		wei han cao	Peucedanum morisonii	Viridiplantae
CHP04319	胃友		wei you	Sarcococca ruscifolia	Viridiplantae
CHP04320	胃友果	清香桂	wei you guo	Sarcococca ruscifolia	Viridiplantae
CHP04321	猬菊		wei ju	Olgaea lomonosowii	Viridiplantae
CHP04322	榅桲	温桲	wen po	Common Quince	Viridiplantae
CHP04323	榅桲皮		wen po pi	Cydonia oblonga	Viridiplantae
CHP04324	文冠果		wen guan guo	Shinyleaf Yellowhorn	Viridiplantae
CHP04325	文冠木		wen guan mu	Shinyleaf yellowhorn	Viridiplantae
CHP04326	文殊兰	罗裙带|引水蕉	wen shu lan	Chinese Crinum	Viridiplantae
CHP04327	文殊兰果		wen shu lan guo	Crinum asiaticum	Viridiplantae
CHP04328	文竹		wen zhu	Setose Asparagus	Viridiplantae
CHP04329	问荆		wen jing	Bottle-brush	Viridiplantae
CHP04330	蕹菜		weng cai	Aquatic Morning Glory	Viridiplantae
CHP04331	蕹菜根		weng cai gen	Ipomoea aquatica	Viridiplantae
CHP04332	莴苣		wo ju	Garden Lettuce	Viridiplantae
CHP04333	莴苣子	白苣|白巨胜|白苣胜	wo ju zi	Lactuca sativa	Viridiplantae
CHP04334	窝儿七	山荷叶	wo er qi	Chinese Umbrellaleaf Equivalent plant: Diphylleia grayi	Viridiplantae
CHP04335	乌棒子	水黄杨木	wu bang zi	Polygala caudata	Viridiplantae
CHP04336	乌藨连		wu biao lian	Viola moupinensis	Viridiplantae
CHP04337	乌当归		wu dang gui	Angelica valida	Viridiplantae
CHP04338	乌豆根	西南槐树	wu dou gen	Sophora prazeri	Viridiplantae
CHP04339	乌骨麻	庐山楼梯草	wu gu ma	Elatostema stewardii	Viridiplantae
CHP04340	乌骨藤	白叶瓜馥木	wu gu teng	Fissistigma glaucescens	Viridiplantae
CHP04341	乌鸡骟		wu ji shan	Selliguea senanensis	Viridiplantae
CHP04342	乌脚枪	过坛龙	wu jiao qiang	Adiantum flabellulatum	Viridiplantae
CHP04343	乌金草		wu jin cao	Swertia bifolia	Viridiplantae
CHP04344	乌桕木根皮	乌桕根皮	wu jiu mu gen pi	Chinese Tallowtree Bark	Viridiplantae
CHP04345	乌口树		wu kou shu	Tarenna mollissima	Viridiplantae
CHP04346	乌榄		wu lan	Canarium pimela	Viridiplantae
CHP04347	乌榄根		wu lan gen	Canarium pimela	Viridiplantae
CHP04348	乌榄核		wu lan he	Canarium pimela	Viridiplantae
CHP04349	乌榄仁		wu lan ren	Canarium pimela	Viridiplantae
CHP04350	乌榄树皮		wu lan shu pi	Canarium pimela	Viridiplantae
CHP04351	乌榄叶		wu lan ye	Canarium pimela	Viridiplantae
CHP04352	乌蔹莓	细叶乌蔹莓|乌敛莓|红母猪藤|母猪菜	wu lian mei	Japanese Cayratia	Viridiplantae
CHP04353	乌木屑		wu mu xie	Ceylon Persimmon Sawdust	Viridiplantae
CHP04354	乌奴龙胆		wu nu long dan	Gentiana urnula	Viridiplantae
CHP04355	乌骚风		wu sao feng	Caulis Periplocae calophyllae	Viridiplantae
CHP04356	乌苏里黄芩		wu su li huang qin	Scutellaria pekinensis	Viridiplantae
CHP04357	乌苏里鼠李树皮		wu su li shu li shu pi	Rhamnus ussuriensis	Viridiplantae
CHP04358	乌苏里瓦韦		wu su li wa wei	Ussuri Lepisorus	Viridiplantae
CHP04359	乌药		wu yao	Combined Spicebush Root	Viridiplantae
CHP04360	乌药叶		wu yao ye	Lindera aggregata	Viridiplantae
CHP04361	乌药子		wu yao zi	Lindera aggregata	Viridiplantae
CHP04362	乌鱼刺		wu yu ci	Smilax microphylla	Viridiplantae
CHP04363	巫山淫羊藿		wu shan yin yang huo	Wushan Epimedium	Viridiplantae
CHP04364	无柄卫矛		wu bing wei mao	Euonymus subsessilis	Viridiplantae
CHP04365	无粉报春	云苔草	wu fen bao chun	Primula efarinosa	Viridiplantae
CHP04366	无风自动草		wu feng zi dong cao	Epilobium royleanum	Viridiplantae
CHP04367	无根藤	无爷藤	wu gen teng	Cassytha filiformis	Viridiplantae
CHP04368	无花果		wu hua guo	Fig	Viridiplantae
CHP04369	无花果根		wu hua guo gen	Ficus carica	Viridiplantae
CHP04370	无花果叶		wu hua guo ye	Fig Leaf	Viridiplantae
CHP04371	无患树蔃		wu huan shu qiang	Sapindus mukorossi	Viridiplantae
CHP04372	无患子	无患子果	wu huan zi	Sapindi Mukorossi Semen	Viridiplantae
CHP04373	无患子根		wu huan zi gen	Sapindus mukorossi	Viridiplantae
CHP04374	无患子皮		wu huan zi pi	Sapindi Mukorossiperic Arpium	Viridiplantae
CHP04375	无患子树皮	无患树皮	wu huan zi shu pi	Sapindus mukorossi	Viridiplantae
CHP04376	无患子叶		wu huan zi ye	Chinese Soapberry Leaf	Viridiplantae
CHP04377	无患子中仁		wu huan zi zhong ren	Sapindus mukorossi	Viridiplantae
CHP04378	无距耧斗菜	野前胡	wu ju lou dou cai	Spurless Columbine	Viridiplantae
CHP04379	无漏子		wu lou zi	Phoenix Date	Viridiplantae
CHP04380	无毛南蛇藤	山货榔	wu mao nan she teng	Celastrus stylosus	Viridiplantae
CHP04381	无名木皮		wu ming mu pi	Pistacia vera	Viridiplantae
CHP04382	无名子	阿月浑子	wu ming zi	Pistacia vera	Viridiplantae
CHP04383	无尾果		wu wei guo	Coluria longifolia	Viridiplantae
CHP04384	无腺白叶莓		wu xian bai ye mei	Rubus innominatus	Viridiplantae
CHP04385	芜菁甘蓝	大头菜子	wu jing gan lan	Swede Seed	Viridiplantae
CHP04386	芜菁甘蓝子		wu jing gan lan zi	Brassica napus	Viridiplantae
CHP04387	芜荑	大果榆	wu yi	fruit of Ulmus macrocarpa	Viridiplantae
CHP04388	芜荑酱		wu yi jiang	Ulmus macrocarpa	Viridiplantae
CHP04389	吴茱萸	制吴茱萸	wu zhu yu	Medicil Evodia Fruit	Viridiplantae
CHP04390	梧桐	梧桐根|梧桐叶	wu tong	Firmiana simplex	Viridiplantae
CHP04391	梧桐白皮		wu tong bai pi	Firmiana platanifolia	Viridiplantae
CHP04392	梧桐子		wu tong zi	Semen Firmianae	Viridiplantae
CHP04393	蜈蚣草		wu gong cao	Chinese Brake	Viridiplantae
CHP04394	蜈蚣草根		wu gong cao gen	Pteris vittata	Viridiplantae
CHP04395	蜈蚣兰		wu gong lan	Pelatantheria scolopendrifolia	Viridiplantae
CHP04396	蜈蚣萍		wu gong ping	Salvinia natans	Viridiplantae
CHP04397	蜈蚣七		wu gong qi	Cypripedium franchetii	Viridiplantae
CHP04398	蜈蚣旗根		wu gong qi gen	Woodsia polystichoides	Viridiplantae
CHP04399	蜈蚣藤	蜈蚣刺|多叶花椒	wu gong teng	Zanthoxylum multijugum	Viridiplantae
CHP04400	五瓣寄生		wu ban ji sheng	Helixanthera parasitica	Viridiplantae
CHP04401	五倍子苗		wu bei zi miao	Rhus chinensis	Viridiplantae
CHP04402	五代同堂	小花八角枫	wu dai tong tang	Alangium faberi	Viridiplantae
CHP04403	五代同堂根		wu dai tong tang gen	Alangium faberi	Viridiplantae
CHP04404	五加皮	红毛五加皮	wu jia pi	Cortex Acanthopanacis	Viridiplantae
CHP04405	五角枫根		wu jiao feng gen	Acer sinopurpurascens	Viridiplantae
CHP04406	五裂槭		wu lie qi	Acer oliverianum	Viridiplantae
CHP04407	五龙皮		wu long pi	Acer pictum	Viridiplantae
CHP04408	五脉绿绒蒿花	毛叶兔耳风	wu mai lv rong hao hua	Meconopsis quintuplinervia	Viridiplantae
CHP04409	五气朝阳草	柔毛水杨梅|蓝布正|草本水杨梅	wu qi zhao yang cao	Geum aleppicum	Viridiplantae
CHP04410	五蕊寄生		wu rui ji sheng	Dendrophthoe pentandra	Viridiplantae
CHP04411	五蕊梅		wu rui mei	Sibbaldia procumbens	Viridiplantae
CHP04412	五色草	虉草	wu se cao	Phalaris arundinacea	Viridiplantae
CHP04413	五色梅		wu se mei	Common Lantana	Viridiplantae
CHP04414	五色梅根		wu se mei gen	Lantana camara	Viridiplantae
CHP04415	五色梅花		wu se mei hua	Lantana camara	Viridiplantae
CHP04416	五色梅叶		wu se mei ye	Lantana camara	Viridiplantae
CHP04417	五托莲	小青	wu tuo lian	Ardisia pusilla	Viridiplantae
CHP04418	五味藤		wu wei teng	Securidaca inappendiculata	Viridiplantae
CHP04419	五味子	北五味子|南五味子|华中五味子|酒五味子|醋五味子|五香血藤|血藤|醋南五味子	wu wei zi	Fructus Schisandrae Chinensis	Viridiplantae
CHP04420	五香草		wu xiang cao	Mosla soochowensis	Viridiplantae
CHP04421	五星蒿		wu xing hao	Grubovia dasyphylla	Viridiplantae
CHP04422	五桠果		wu ya guo	Hondapara	Viridiplantae
CHP04423	五眼果树皮		wu yan guo shu pi	Choerospondias axillaris	Viridiplantae
CHP04424	五叶壁藤		wu ye bi teng	Parthenocissus laetevirens	Viridiplantae
CHP04425	五叶泡	越南悬钩子	wu ye pao	Rubus cochinchinensis	Viridiplantae
CHP04426	五叶薯		wu ye shu	Dioscorea pentaphylla	Viridiplantae
CHP04427	五月茶		wu yue cha	Bignay Chinalaurel	Viridiplantae
CHP04428	五爪风		wu zhao feng	Rubus quinquefoliolatus	Viridiplantae
CHP04429	五爪金龙		wu zhao jin long	Tetrastigma serrulatum	Viridiplantae
CHP04430	五爪金龙花	五叶藤	wu zhao jin long hua	Ipomoea cairica	Viridiplantae
CHP04431	五爪龙		wu zhao long	Cairo Morningglory	Viridiplantae
CHP04432	五指毛桃根		wu zhi mao tao gen	Ficus hirta	Viridiplantae
CHP04433	五指茄		wu zhi jia	Solanum mammosum	Viridiplantae
CHP04434	五指山参	火炮草果|箭叶秋葵	wu zhi shan can	Abelmoschus sagittifolius	Viridiplantae
CHP04435	五指山参叶		wu zhi shan can ye	Abelmoschus sagittifolius	Viridiplantae
CHP04436	午时花		wu shi hua	Portulaca grandiflora	Viridiplantae
CHP04437	午香草	野辣烟	wu xiang cao	Anaphalis bulleyana	Viridiplantae
CHP04438	雾水葛	石珠	wu shui ge	Pouzolzia zeylanica	Viridiplantae
CHP04439	西伯利亚蓼		xi bo li ya liao	Siberian Knotweed	Viridiplantae
CHP04440	西伯利亚青兰		xi bo li ya qing lan	Nepeta sibirica	Viridiplantae
CHP04441	西藏点地梅		xi zang dian di mei	Androsace mariae	Viridiplantae
CHP04442	西藏凤仙花		xi zang feng xian hua	Impatiens arguta	Viridiplantae
CHP04443	西藏鸡爪草		xi zang ji zhao cao	Trollius ranunculoides	Viridiplantae
CHP04444	西藏鸡爪草花		xi zang ji zhao cao hua	Trollius ranunculoides	Viridiplantae
CHP04445	西藏角蒿		xi zang jiao hao	Incarvillea younghusbandii	Viridiplantae
CHP04446	西藏秦艽		xi zang qin jiao	Tibet Gentian	Viridiplantae
CHP04447	西藏水黄连	狭序唐松草	xi zang shui huang lian	Thalictrum atriplex	Viridiplantae
CHP04448	西藏土连翘		xi zang tu lian qiao	Hypericum bellum	Viridiplantae
CHP04449	西瓜		xi gua	Fructus Citrulli	Viridiplantae
CHP04450	西瓜根叶		xi gua gen ye	Citrullus lanatus	Viridiplantae
CHP04451	西瓜皮		xi gua pi	Exocarpium Citrulli	Viridiplantae
CHP04452	西瓜霜		xi gua shuang	Mirabilitum Praeparatum	Viridiplantae
CHP04453	西瓜籽仁	西瓜子仁	xi gua zi ren	Citrullus lanatus	Viridiplantae
CHP04454	西桦	桦桃树	xi hua	Betula alnoides	Viridiplantae
CHP04455	西南毛茛		xi nan mao gen	Ranunculus ficariifolius	Viridiplantae
CHP04456	西南文殊兰		xi nan wen shu lan	Broadleaf Crinum	Viridiplantae
CHP04457	西洋菜干		xi yang cai gan	Nasturtium officinale	Viridiplantae
CHP04458	西洋参	西洋参茎叶	xi yang shen	American Ginseng	Viridiplantae
CHP04459	西洋接骨木		xi yang jie gu mu	Black Elder	Viridiplantae
CHP04460	西洋梨		xi yang li	Common Pear	Viridiplantae
CHP04461	菥蓂	菥冥子|菥蓂子	xi ming	Thlaspi arvense	Viridiplantae
CHP04462	锡兰肉桂	斯里兰卡肉桂	xi lan rou gui	Ceylon Cinnamon	Viridiplantae
CHP04463	锡生藤	亚乎奴|雅红隆	xi sheng teng	Common Cissampelos	Viridiplantae
CHP04464	锡叶藤		xi ye teng	Asian Tetracera	Viridiplantae
CHP04465	溪黄草		xi huang cao	Serrate  Rabdosia	Viridiplantae
CHP04466	豨莶草	腺梗豨莶|酒豨莶草	xi xian cao	Siegesbeckiae Herba	Viridiplantae
CHP04467	喜旱莲子草	空心莲子草|空心苋	xi han lian zi cao	Alternanthera philoxeroides	Viridiplantae
CHP04468	喜马拉雅米口袋		xi ma la ya mi kou dai	Tibetia himalaica	Viridiplantae
CHP04469	喜树		xi shu	Common Camptotheac	Viridiplantae
CHP04470	细柄薯蓣		xi bing shu yu	Thinstiped Yam	Viridiplantae
CHP04471	细草		xi cao	Ceratophyllum demersum	Viridiplantae
CHP04472	细齿叶柃		xi chi ye ling	Eurya nitida	Viridiplantae
CHP04473	细葛缕子	藏茴香|青海防风|葛缕子	xi ge lv zi	Carum carvi	Viridiplantae
CHP04474	细梗胡枝子		xi geng hu zhi zi	Lespedeza virgata	Viridiplantae
CHP04475	细果角茴香		xi guo jiao hui xiang	Thinfruit Hypecoum;Japanese  Hypecoum	Viridiplantae
CHP04476	细花丁香蓼		xi hua ding xiang liao	Ludwigia perennis	Viridiplantae
CHP04477	细茎石斛		xi jing shi hu	Moliniform Dendrobium	Viridiplantae
CHP04478	细芦子藤		xi lu zi teng	Piper mullesua	Viridiplantae
CHP04479	细沙虫草		xi sha chong cao	Teucrium bidentatum	Viridiplantae
CHP04480	细穗石松		xi sui shi song	Phlegmariurus phlegmaria	Viridiplantae
CHP04481	细香葱	胡葱	xi xiang cong	Chive-Like	Viridiplantae
CHP04482	细辛	汉城细辛|欧细辛|土细辛|北细辛|辽细辛|水细辛|细辛油|南细辛	xi xin	all-grass Manchurian wildginger	Viridiplantae
CHP04483	细叶桉		xi ye an	Eucalyptus tereticornis	Viridiplantae
CHP04484	细叶桉果		xi ye an guo	Eucalyptus tereticornis	Viridiplantae
CHP04485	细叶桉叶		xi ye an ye	Forest Gray Gum Leaf	Viridiplantae
CHP04486	细叶大戟		xi ye da ji	Narrowleaf Euphorbia	Viridiplantae
CHP04487	细叶防风		xi ye fang feng	Libanotis iliensis	Viridiplantae
CHP04488	细叶藁本		xi ye gao ben	Ligusticum tenuissimum	Viridiplantae
CHP04489	细叶黄杨		xi ye huang yang	Harland Box	Viridiplantae
CHP04490	细叶卷柏		xi ye juan bai	Selaginella labordei	Viridiplantae
CHP04491	细叶马料梢	中华胡枝子	xi ye ma liao shao	Lespedeza chinensis	Viridiplantae
CHP04492	细叶泥炭藓		xi ye ni tan xian	Sphagnum teres	Viridiplantae
CHP04493	细叶鼠曲草	细叶鼠麴草|天青地白	xi ye shu qu cao	Euchiton japonicus	Viridiplantae
CHP04494	细叶藤柑	飞天蜈蚣	xi ye teng gan	Pothos repens	Viridiplantae
CHP04495	细叶铁线莲		xi ye tie xian lian	Clematis aethusifolia	Viridiplantae
CHP04496	细叶小羽藓		xi ye xiao yu xian	Haplocladium microphyllum	Viridiplantae
CHP04497	细叶野牡丹		xi ye ye mu dan	Melastoma intermedium	Viridiplantae
CHP04498	细枝柃		xi zhi ling	Eurya loquaiana	Viridiplantae
CHP04499	细轴荛花		xi zhou rao hua	Wikstroemia nutans	Viridiplantae
CHP04500	细竹蒿草		xi zhu hao cao	Murdannia simplex	Viridiplantae
CHP04501	虾筏草	毛脉柳叶菜	xia fa cao	Epilobium amurense	Viridiplantae
CHP04502	虾壳钱		xia ke qian	Viola formosana	Viridiplantae
CHP04503	虾须草		xia xu cao	Sheareria nana	Viridiplantae
CHP04504	虾子花		xia zi hua	Shrubby Woodwardia	Viridiplantae
CHP04505	虾子花叶		xia zi hua ye	Woodfordia fruticosa	Viridiplantae
CHP04506	狭萼半边莲		xia e ban bian lian	Lobelia melliana	Viridiplantae
CHP04507	狭果茶藨		xia guo cha biao	Ribes stenocarpum	Viridiplantae
CHP04508	狭头橐吾		xia tou tuo wu	Ligularia stenocephala	Viridiplantae
CHP04509	狭眼凤尾蕨		xia yan feng wei jue	Pteris biaurita	Viridiplantae
CHP04510	狭叶垂头菊		xia ye chui tou ju	Cremanthodium angustifolium	Viridiplantae
CHP04511	狭叶当归		xia ye dang gui	Narrowleaf Angelica	Viridiplantae
CHP04512	狭叶露珠草	露珠草高山露珠草|南方露珠草	xia ye lu zhu cao	Circaea mollis	Viridiplantae
CHP04513	狭叶山胡椒		xia ye shan hu jiao	Narrowleaf Spicebush	Viridiplantae
CHP04514	狭叶瓦韦		xia ye wa wei	Lepisorus angustus	Viridiplantae
CHP04515	狭叶鸦葱		xia ye ya cong	Scorzonera radiata	Viridiplantae
CHP04516	下冈哇		xia gang wa	Delphinium pylzowii	Viridiplantae
CHP04517	下果藤		xia guo teng	Gouania leptostachya	Viridiplantae
CHP04518	下山虎		xia shan hu	Aeschynanthus austroyunnanensis	Viridiplantae
CHP04519	夏枯草		xia ku cao	Spica Prunellae	Viridiplantae
CHP04520	夏蜡梅		xia la mei	Calycanthus chinensis	Viridiplantae
CHP04521	夏天无		xia tian wu	Decumbent Corydalis Rhizome	Viridiplantae
CHP04522	夏丸		xia wan	Primula bracteata	Viridiplantae
CHP04523	夏至草		xia zhi cao	Lagopsis	Viridiplantae
CHP04524	仙鹤草	仙鹤|龙芽草	xian he cao	all - grss of Hairyvein Agrimonia	Viridiplantae
CHP04525	仙茅	酒仙茅	xian mao	Rhizoma Curculiginis	Viridiplantae
CHP04526	仙茅参	丝茅七|白茎鸦葱	xian mao can	Scorzonera albicaulis	Viridiplantae
CHP04527	仙人掌	云南仙人掌|仙掌子	xian ren zhang	Cholla Equivalent plant: Opuntia vulgaris;Common PrickIy Pear	Viridiplantae
CHP04528	仙人杖		xian ren zhang	Phyllostachys glauca	Viridiplantae
CHP04529	仙桃草	接骨仙桃	xian tao cao	Veronicae Peregrie Herba	Viridiplantae
CHP04530	纤齿卫矛		xian chi wei mao	Euonymus giraldii	Viridiplantae
CHP04531	纤花耳草		xian hua er cao	Oldenlandia tenelliflora	Viridiplantae
CHP04532	纤毛婆婆纳		xian mao po po na	Veronica ciliata	Viridiplantae
CHP04533	籼米		xian mi	Oryza sativa	Viridiplantae
CHP04534	鲜地黄		xian di huang	Adhesive Rehmannia Fresh Root	Viridiplantae
CHP04535	咸酸蔃		xian suan qiang	Whiteflower Embelia	Viridiplantae
CHP04536	显脉獐牙菜	翼梗獐牙菜	xian mai zhang ya cai	Veined Swertia	Viridiplantae
CHP04537	显子草		xian zi cao	Phaenosperma globosum	Viridiplantae
CHP04538	藓生马先蒿		xian sheng ma xian hao	Muscicolous Woodbetony	Viridiplantae
CHP04539	苋菜	雁来红|鲜苋菜|苋	xian cai	Amaranthus tricolor	Viridiplantae
CHP04540	苋根		xian gen	Amaranthus tricolor	Viridiplantae
CHP04541	苋实		xian shi	Amaranthus tricolor	Viridiplantae
CHP04542	线叶蓟		xian ye ji	Linearleaf Thistle	Viridiplantae
CHP04543	线叶金鸡菊		xian ye jin ji ju	Lance Coreopsis	Viridiplantae
CHP04544	线叶蚤缀根		xian ye zao zhui gen	Eremogone capillaris	Viridiplantae
CHP04545	腺毛金星蕨		xian mao jin xing jue	Amauropelta glanduligera	Viridiplantae
CHP04546	相思藤		xiang si teng	Coralhead plant vine	Viridiplantae
CHP04547	相思子		xiang si zi	Abrus Precatorius L.	Viridiplantae
CHP04548	相思子根		xiang si zi gen	Radix Abri precatorii	Viridiplantae
CHP04549	香艾	山风	xiang ai	Blumea aromatica	Viridiplantae
CHP04550	香柏		xiang bai	Cedrus deodara	Viridiplantae
CHP04551	香草兰	独脚球	xiang cao lan	Vanilla planifolia	Viridiplantae
CHP04552	香茶菜	小叶蛇总管	xiang cha cai	Common Rabdosia;Nummulite Rabdosia;West-Shiko Rabdosia;Reniform Rabdosia	Viridiplantae
CHP04553	香椿子		xiang chun zi	Toona sinensis	Viridiplantae
CHP04554	香豆蔻		xiang dou kou	Amomum subulatum	Viridiplantae
CHP04555	香榧草		xiang fei cao	Eragrostis japonica	Viridiplantae
CHP04556	香附	醋香附|酒香附|莎草	xiang fu	Rhizoma Cyperi	Viridiplantae
CHP04557	香槁树		xiang gao shu	Machilus grijsii	Viridiplantae
CHP04558	香根芹	疏叶香根芹	xiang gen qin	Laxleaf Sweetroot	Viridiplantae
CHP04559	香根芹根		xiang gen qin gen	Osmorhiza aristata	Viridiplantae
CHP04560	香构	小黄构	xiang gou	Wikstroemia micrantha	Viridiplantae
CHP04561	香桂皮		xiang gui pi	Cinnamomum subavenium	Viridiplantae
CHP04562	香果树		xiang guo shu	Emmenopterys henryi	Viridiplantae
CHP04563	香花刺		xiang hua ci	Rosa banksiae	Viridiplantae
CHP04564	香槐		xiang huai	Cladrastis wilsonii	Viridiplantae
CHP04565	香加皮		xiang jia pi	Cortex Periplocae	Viridiplantae
CHP04566	香胶木根皮		xiang jiao mu gen pi	Celtis timorensis	Viridiplantae
CHP04567	香胶木叶		xiang jiao mu ye	Celtis timorensis	Viridiplantae
CHP04568	香蕉		xiang jiao	Common Banana	Viridiplantae
CHP04569	香堇菜		xiang jin cai	Viola odorata	Viridiplantae
CHP04570	香蓼		xiang liao	Persicaria odorata	Viridiplantae
CHP04571	香茅	蜿蜒香茅|香茅油	xiang mao	Cymbopon Citratus(D C.) Stapf	Viridiplantae
CHP04572	香茅花		xiang mao hua	Cymbopogon citratus	Viridiplantae
CHP04573	香木菌桂		xiang mu jun gui	Osmanthus heterophyllus	Viridiplantae
CHP04574	香排草	细梗香草|排草香	xiang pai cao	all-grass of Sikok	Viridiplantae
CHP04575	香皮树		xiang pi shu	Meliosma fordii	Viridiplantae
CHP04576	香青		xiang qing	Anaphalis sinica	Viridiplantae
CHP04577	香青兰		xiang qing lan	Dragonhead	Viridiplantae
CHP04578	香薷	石香薷	xiang ru	Herba Moslae	Viridiplantae
CHP04579	香石藤		xiang shi teng	Schisandra lancifolia	Viridiplantae
CHP04580	香石藤果		xiang shi teng guo	Schisandra lancifolia	Viridiplantae
CHP04581	香石藤叶		xiang shi teng ye	Schisandra lancifolia	Viridiplantae
CHP04582	香水月季		xiang shui yue ji	Rosa odorata	Viridiplantae
CHP04583	香唐松草		xiang tang song cao	Tibetan Meadowrue	Viridiplantae
CHP04584	香雪兰		xiang xue lan	Freesia refracta	Viridiplantae
CHP04585	香叶根		xiang ye gen	Lindera fragrans	Viridiplantae
CHP04586	香叶树	小粘叶	xiang ye shu	Lindera communis	Viridiplantae
CHP04587	香叶天竹葵	香叶油|枫香叶|香叶	xiang ye tian zhu kui	Pelargonium graveolens	Viridiplantae
CHP04588	香叶子		xiang ye zi	Lindera fragrans	Viridiplantae
CHP04589	香油罐	大烟锅草	xiang you guan	Carpesium macrocephalum	Viridiplantae
CHP04590	香芋		xiang yu	Steudnera henryana	Viridiplantae
CHP04591	香橼	香椽|枸橼油|枸橼|香圆子	xiang yuan	Citri Fructus	Viridiplantae
CHP04592	香橼根		xiang yuan gen	Citrus medica	Viridiplantae
CHP04593	香橼露		xiang yuan lu	Citrus medica	Viridiplantae
CHP04594	香橼叶	枸橼叶	xiang yuan ye	Citrus medica	Viridiplantae
CHP04595	香樟	香樟木|樟油|香樟树|樟木	xiang zhang	Yellow Cinnamon	Viridiplantae
CHP04596	香樟根	樟树根	xiang zhang gen	Radix Cinnamomi camphorae	Viridiplantae
CHP04597	香樟果		xiang zhang guo	Cinnamomum camphora	Viridiplantae
CHP04598	香樟叶	樟树叶	xiang zhang ye	Cinnamomum camphora	Viridiplantae
CHP04599	响铃草	条叶猪屎豆|狗响铃	xiang ling cao	Rust-coloured Crotalaria	Viridiplantae
CHP04600	响铃豆	黄花地丁	xiang ling dou	Crotalaria albida	Viridiplantae
CHP04601	响叶杨		xiang ye yang	Chinese Aspen	Viridiplantae
CHP04602	向日葵		xiang ri kui	Helianthus annuus	Viridiplantae
CHP04603	向日葵根		xiang ri kui gen	Helianthus annuus	Viridiplantae
CHP04604	向日葵花		xiang ri kui hua	Sunflower Flower	Viridiplantae
CHP04605	向日葵花盘		xiang ri kui hua pan	Helianthus annuus	Viridiplantae
CHP04606	向日葵茎髓		xiang ri kui jing sui	Sunflower Stem Pith	Viridiplantae
CHP04607	向日葵壳		xiang ri kui ke	Helianthus annuus	Viridiplantae
CHP04608	向日葵叶		xiang ri kui ye	Sunflower Leaf	Viridiplantae
CHP04609	向日葵子		xiang ri kui zi	Sunflower Seed	Viridiplantae
CHP04610	向天蜈蚣		xiang tian wu gong	Sesbania cannabina	Viridiplantae
CHP04611	向阳花		xiang yang hua	Galinsoga parviflora	Viridiplantae
CHP04612	象皮木		xiang pi mu	Common Alstonia	Viridiplantae
CHP04613	象头花		xiang tou hua	Arisaema franchetianum	Viridiplantae
CHP04614	象牙参		xiang ya can	Roscoea tibetica	Viridiplantae
CHP04615	橡木皮		xiang mu pi	Quercus wutaishanica	Viridiplantae
CHP04616	橡实	栾树|麻栎|杠木|辽东栎	xiang shi	Quercus wutaishanica	Viridiplantae
CHP04617	橡实壳		xiang shi ke	Quercus wutaishanica	Viridiplantae
CHP04618	小白蒿		xiao bai hao	Artemisia frigida	Viridiplantae
CHP04619	小白绵参		xiao bai mian can	Cerastium fontanum	Viridiplantae
CHP04620	小白棉		xiao bai mian	Cyananthus incanus	Viridiplantae
CHP04621	小白薇	金线包	xiao bai wei	Vincetoxicum yunnanense	Viridiplantae
CHP04622	小百部		xiao bai bu	Officinal Asparagus	Viridiplantae
CHP04623	小败火草	多枝婆婆纳	xiao bai huo cao	Veronica javanica	Viridiplantae
CHP04624	小报春		xiao bao chun	Primula forbesii	Viridiplantae
CHP04625	小报春花		xiao bao chun hua	Primula forbesii	Viridiplantae
CHP04626	小萹蓄		xiao bian xu	Polygonum plebeium	Viridiplantae
CHP04627	小扁草		xiao bian cao	Iris decora	Viridiplantae
CHP04628	小扁豆根		xiao bian dou gen	Polygala tatarinowii	Viridiplantae
CHP04629	小檗		xiao bo	Amur Barberry	Viridiplantae
CHP04630	小巢菜	漂摇豆	xiao chao cai	Pigeon Vetch	Viridiplantae
CHP04631	小齿锥花	木锥花	xiao chi zhui hua	Gomphostemma microdon	Viridiplantae
CHP04632	小赤麻		xiao chi ma	Boehmeria spicata	Viridiplantae
CHP04633	小赤麻根		xiao chi ma gen	Boehmeria spicata	Viridiplantae
CHP04634	小垂头菊	矮垂头菊	xiao chui tou ju	Cremanthodium humile	Viridiplantae
CHP04635	小寸金黄	小茄	xiao cun jin huang	Lysimachia deltoidea	Viridiplantae
CHP04636	小大黄		xiao dai huang	Rheum pumilum	Viridiplantae
CHP04637	小地柏		xiao di bai	Selaginella nipponica	Viridiplantae
CHP04638	小地松		xiao di song	Leontopodium wilsonii	Viridiplantae
CHP04639	小冬青		xiao dong qing	Ilex triflora	Viridiplantae
CHP04640	小毒芋		xiao du yu	Steudnera colocasiifolia	Viridiplantae
CHP04641	小儿腹痛草		xiao er fu tong cao	Swertia patens	Viridiplantae
CHP04642	小发散		xiao fa san	Sabia fasciculata	Viridiplantae
CHP04643	小飞蓬	祁州一枝蒿	xiao fei peng	Horseweed Fleabane	Viridiplantae
CHP04644	小飞扬草		xiao fei yang cao	Euphorbia thymifolia	Viridiplantae
CHP04645	小肺筋草		xiao fei jin cao	Aletris scopulorum	Viridiplantae
CHP04646	小狗脊		xiao gou ji	Arachniodes speciosa	Viridiplantae
CHP04647	小构树		xiao gou shu	Kazinoki Effects : To dispel wind and eliminate damp, dissipate stasis and disperse swelling	Viridiplantae
CHP04648	小构树叶		xiao gou shu ye	Broussonetia kaempferi	Viridiplantae
CHP04649	小构树汁		xiao gou shu zhi	Broussonetia kaempferi	Viridiplantae
CHP04650	小贯众		xiao guan zhong	Cyrtomium fortunei	Viridiplantae
CHP04651	小广藤		xiao guang teng	Pericampylus glaucus	Viridiplantae
CHP04652	小果白刺	卡密	xiao guo bai ci	Nitraria roborowskii	Viridiplantae
CHP04653	小果金花茶叶		xiao guo jin hua cha ye	Camellia nitidissima	Viridiplantae
CHP04654	小果排草		xiao guo pai cao	Lysimachia microcarpa	Viridiplantae
CHP04655	小果卫矛		xiao guo wei mao	Euonymus microcarpus	Viridiplantae
CHP04656	小果皂角		xiao guo zao jiao	Gleditsia australis	Viridiplantae
CHP04657	小果栀子		xiao guo zhi zi	Gardenia stenophylla	Viridiplantae
CHP04658	小过路黄		xiao guo lu huang	Lysimachia congestiflora	Viridiplantae
CHP04659	小黑牛		xiao hei niu	Aconitum austroyunnanense	Viridiplantae
CHP04660	小黑药	草本三角枫	xiao hei yao	Sanicula astrantiifolia	Viridiplantae
CHP04661	小红花		xiao hong hua	Salvia coccinea	Viridiplantae
CHP04662	小红袍		xiao hong pao	Hydrocotyle hookeri	Viridiplantae
CHP04663	小红苏		xiao hong su	Elsholtzia feddei	Viridiplantae
CHP04664	小红藤		xiao hong teng	Rubia schumanniana	Viridiplantae
CHP04665	小花吊兰		xiao hua diao lan	Chlorophytum laxum	Viridiplantae
CHP04666	小花盾叶薯蓣		xiao hua dun ye shu yu	Smallflower Yam	Viridiplantae
CHP04667	小花鬼针草	细叶刺针草|小鬼钗	xiao hua gui zhen cao	Smallflower Beggarticks	Viridiplantae
CHP04668	小花花椒		xiao hua hua jiao	Zanthoxylum micranthum	Viridiplantae
CHP04669	小花老鼠簕果		xiao hua lao shu le guo	Acanthus ebracteatus	Viridiplantae
CHP04670	小花琉璃草	牙痈草	xiao hua liu li cao	Cynoglossum lanceolatum	Viridiplantae
CHP04671	小花青藤		xiao hua qing teng	Illigera parviflora	Viridiplantae
CHP04672	小花清风藤		xiao hua qing feng teng	Sabia parviflora	Viridiplantae
CHP04673	小花清风藤根		xiao hua qing feng teng gen	Sabia parviflora	Viridiplantae
CHP04674	小花鸢尾		xiao hua yuan wei	Iris speculatrix	Viridiplantae
CHP04675	小花鸢尾根		xiao hua yuan wei gen	Iris speculatrix	Viridiplantae
CHP04676	小画眉草		xiao hua mei cao	Eragrostis minor	Viridiplantae
CHP04677	小黄断肠草		xiao huang duan chang cao	Corydalis gracillima	Viridiplantae
CHP04678	小黄连刺		xiao huang lian ci	Berberis aggregata	Viridiplantae
CHP04679	小黄泡		xiao huang pao	Rubus pectinellus	Viridiplantae
CHP04680	小黄皮		xiao huang pi	Clausena emarginata	Viridiplantae
CHP04681	小火草		xiao huo cao	Leontopodium forrestianum	Viridiplantae
CHP04682	小蓟	刺菜蓟	xiao ji	Field Thistle Herb	Viridiplantae
CHP04683	小接筋草		xiao jie jin cao	Selago-like Climbing Fern	Viridiplantae
CHP04684	小金发藓	东亚小金发藓	xiao jin fa xian	Pogonatum inflexum	Viridiplantae
CHP04685	小金牛草		xiao jin niu cao	Polygala arvensis	Viridiplantae
CHP04686	小金挖耳		xiao jin wa er	Carpesium minus	Viridiplantae
CHP04687	小金樱	小果蔷薇	xiao jin ying	Rosa cymosa	Viridiplantae
CHP04688	小金樱子		xiao jin ying zi	Rosa cymosa	Viridiplantae
CHP04689	小筋骨藤		xiao jin gu teng	Tripterospermum volubile	Viridiplantae
CHP04690	小口小金发藓		xiao kou xiao jin fa xian	Pogonatum microstomum	Viridiplantae
CHP04691	小苦参		xiao ku shen	Indigofera sensitiva	Viridiplantae
CHP04692	小礼花种子		xiao li hua zhong zi	Biophytum sensitivum	Viridiplantae
CHP04693	小连翘	小对叶草	xiao lian qiao	Erect StJohn’swort	Viridiplantae
CHP04694	小柳拐		xiao liu guai	Chrysojasminum floridum	Viridiplantae
CHP04695	小六月寒	西北莸	xiao liu yue han	Caryopteris tangutica	Viridiplantae
CHP04696	小马齿苋		xiao ma chi xian	Portulaca quadrifida	Viridiplantae
CHP04697	小麦	蒸饼	xiao mai	Wheat	Viridiplantae
CHP04698	小米草	短腺小米草|芒叶小米草	xiao mi cao	Meadow Eyebright	Viridiplantae
CHP04699	小木通		xiao mu tong	Clematis lasiandra	Viridiplantae
CHP04700	小牛肋巴		xiao niu le ba	Plagiogyria stenoptera	Viridiplantae
CHP04701	小牛力		xiao niu li	Millettia pulchra	Viridiplantae
CHP04702	小盘木		xiao pan mu	Microdesmis caseariifolia	Viridiplantae
CHP04703	小婆婆纳	地涩涩	xiao po po na	Thymeleaf Speedwell	Viridiplantae
CHP04704	小青藤香		xiao qing teng xiang	Cyclea racemosa	Viridiplantae
CHP04705	小三颗针		xiao san ke zhen	Radix Berberides wilsoneae	Viridiplantae
CHP04706	小三叶耳蕨		xiao san ye er jue	Polystichum hancockii	Viridiplantae
CHP04707	小石蝴蝶		xiao shi hu die	Petrocosmea minor	Viridiplantae
CHP04708	小石松		xiao shi song	Diphasiastrum veitchii	Viridiplantae
CHP04709	小石韦		xiao shi wei	Pyrrosia assimilis	Viridiplantae
CHP04710	小石仙桃		xiao shi xian tao	Coelogyne cantonensis	Viridiplantae
CHP04711	小柿子		xiao shi zi	Breynia retusa	Viridiplantae
CHP04712	小柿子叶		xiao shi zi ye	Breynia retusa	Viridiplantae
CHP04713	小蒜		xiao suan	Allium scorodoprasum	Viridiplantae
CHP04714	小蓑衣藤		xiao suo yi teng	Clematis gouriana	Viridiplantae
CHP04715	小天冬		xiao tian dong	Asparagus meioclados	Viridiplantae
CHP04716	小天蒜	小棕包	xiao tian suan	Veratrum mengtzeanum	Viridiplantae
CHP04717	小通草		xiao tong cao	Medulla Stachyuri	Viridiplantae
CHP04718	小团叶根		xiao tuan ye gen	Ipomoea staplesii	Viridiplantae
CHP04719	小乌泡		xiao wu pao	Rubus parkeri	Viridiplantae
CHP04720	小乌泡根		xiao wu pao gen	Rubus parkeri	Viridiplantae
CHP04721	小无心菜		xiao wu xin cai	Arenaria serpyllifolia	Viridiplantae
CHP04722	小五彩苏		xiao wu cai su	Coleus scutellarioides	Viridiplantae
CHP04723	小悬钩子		xiao xuan gou zi	Rubus saxatilis	Viridiplantae
CHP04724	小旋鸡尾		xiao xuan ji wei	Athyrium delavayi	Viridiplantae
CHP04725	小血光藤	狭叶蓬莱葛	xiao xue guang teng	Gardneria angustifolia	Viridiplantae
CHP04726	小血藤		xiao xue teng	Schisandra propinqua	Viridiplantae
CHP04727	小血藤叶	黄龙藤叶	xiao xue teng ye	Schisandra propinqua	Viridiplantae
CHP04728	小鸦葱		xiao ya cong	Takhtajaniantha subacaulis	Viridiplantae
CHP04729	小岩白菜		xiao yan bai cai	Oreocharis flavida	Viridiplantae
CHP04730	小洋紫苏		xiao yang zi su	Coleus carnosifolius	Viridiplantae
CHP04731	小药木		xiao yao mu	Symplocos stellaris	Viridiplantae
CHP04732	小叶爱楠		xiao ye ai nan	Agapetes mannii	Viridiplantae
CHP04733	小叶薄荷		xiao ye bo he	Mentha spicata	Viridiplantae
CHP04734	小叶梣		xiao ye cen	Bunga Ash Bark	Viridiplantae
CHP04735	小叶地不容		xiao ye di bu rong	Littleleaf Stephania	Viridiplantae
CHP04736	小叶贯众	荚果蕨贯众	xiao ye guan zhong	Matteuccia Frond	Viridiplantae
CHP04737	小叶黑柴胡		xiao ye hei chai hu	Smallleaf Black Thorowax	Viridiplantae
CHP04738	小叶黄杨	多乳头黄杨	xiao ye huang yang	Small-leaved Box	Viridiplantae
CHP04739	小叶寄树兰		xiao ye ji shu lan	Robiquetia succisa	Viridiplantae
CHP04740	小叶假耧斗菜		xiao ye jia lou dou cai	Paraquilegia microphylla	Viridiplantae
CHP04741	小叶金鸡尾巴草	延羽卵果蕨	xiao ye jin ji wei ba cao	Phegopteris decursive-pinnata	Viridiplantae
CHP04742	小叶柳		xiao ye liu	Salix hypoleuca	Viridiplantae
CHP04743	小叶爬岩香		xiao ye pa yan xiang	Piper arboricola	Viridiplantae
CHP04744	小叶榕		xiao ye rong	Ficus concinna	Viridiplantae
CHP04745	小叶三点金草	碎米柴	xiao ye san dian jin cao	Leptodesmia microphylla	Viridiplantae
CHP04746	小叶石楠		xiao ye shi nan	Small-leaf Photinia	Viridiplantae
CHP04747	小叶鼠李		xiao ye shu li	Rhamnus parvifolia	Viridiplantae
CHP04748	小叶双眼龙		xiao ye shuang yan long	Croton lachnocarpus	Viridiplantae
CHP04749	小叶杨		xiao ye yang	Simon Poplar	Viridiplantae
CHP04750	小叶野决明		xiao ye ye jue ming	Chinese Thermopsis	Viridiplantae
CHP04751	小叶云实		xiao ye yun shi	Biancaea millettii	Viridiplantae
CHP04752	小一把抓		xiao yi ba zhua	Aleuritopteris squamosa	Viridiplantae
CHP04753	小芸木		xiao yun mu	Entire Micromelum	Viridiplantae
CHP04754	小粘药		xiao zhan yao	Clematis fasciculiflora	Viridiplantae
CHP04755	小獐毛		xiao zhang mao	Aeluropus pungens	Viridiplantae
CHP04756	小紫含笑	兰竹参	xiao zi han xiao	Epipactis mairei	Viridiplantae
CHP04757	小紫金牛		xiao zi jin niu	Ardisia chinensis	Viridiplantae
CHP04758	小棕皮头		xiao zong pi tou	Iris collettii	Viridiplantae
CHP04759	笑靥花		xiao ye hua	BridaIwreath Spiraea	Viridiplantae
CHP04760	蝎子草		xie zi cao	Girardinia suborbiculata	Viridiplantae
CHP04761	斜基粗叶木		xie ji cu ye mu	Wallich Lasianthus	Viridiplantae
CHP04762	斜叶榕		xie ye rong	Ficus tinctoria	Viridiplantae
CHP04763	斜叶榕叶		xie ye rong ye	Ficus tinctoria	Viridiplantae
CHP04764	缬草	宽叶缬草	xie cao	Common Valeriana Equivalent plant: Valeriana officinalis var latifolia, Valeriana amurensis	Viridiplantae
CHP04765	薤白		xie bai	Bulbus Allii Macrostemi	Viridiplantae
CHP04766	薤叶		xie ye	Allium chinense	Viridiplantae
CHP04767	心胆草	针筒线	xin dan cao	Epilobium pyrricholophum	Viridiplantae
CHP04768	心叶党参	小人参	xin ye dang shen	Codonopsis cardiophylla	Viridiplantae
CHP04769	心叶风毛菊		xin ye feng mao ju	Saussurea cordifolia	Viridiplantae
CHP04770	心叶黄花仔		xin ye huang hua zai	Sida cordifolia	Viridiplantae
CHP04771	心叶荚蒾根		xin ye jia mi gen	Viburnum nervosum	Viridiplantae
CHP04772	心叶荆芥	假荆芥	xin ye jing jie	Nepeta cataria	Viridiplantae
CHP04773	心叶秋海棠		xin ye qiu hai tang	Begonia labordei	Viridiplantae
CHP04774	心叶野海棠		xin ye ye hai tang	Bredia esquirolii	Viridiplantae
CHP04775	辛参	雪山甘草	xin can	Phlomoides betonicoides	Viridiplantae
CHP04776	辛夷花	辛夷花挥发油|玉兰花	xin yi hua	Magnolia biondii	Viridiplantae
CHP04777	新疆藁本		xin jiang gao ben	Vaginate Hemlockparsley	Viridiplantae
CHP04778	新疆藜芦		xin jiang li lu	Veratrum album	Viridiplantae
CHP04779	新疆木通		xin jiang mu tong	Clematis sibirica	Viridiplantae
CHP04780	新疆羌活		xin jiang qiang huo	Angelica glauca	Viridiplantae
CHP04781	新疆卫矛		xin jiang wei mao	Euonymus semenovii	Viridiplantae
CHP04782	新疆延胡索		xin jiang yan hu suo	Corydalis glaucescens	Viridiplantae
CHP04783	新裂耳蕨		xin lie er jue	Polystichum neolobatum	Viridiplantae
CHP04784	新木姜子	新木橿子|斩木橿子	xin mu jiang zi	Neolitsea aurata	Viridiplantae
CHP04785	新塔花		xin ta hua	Ziziphora clinopodioides	Viridiplantae
CHP04786	新香草		xin xiang cao	Didymocarpus yunnanensis	Viridiplantae
CHP04787	星毛蕨		xing mao jue	Ampelopteris prolifera	Viridiplantae
CHP04788	星毛羊奶子		xing mao yang nai zi	Elaeagnus stellipila	Viridiplantae
CHP04789	星宿菜	大田基黄	xing xiu cai	Lysimachia fortunei	Viridiplantae
CHP04790	星状风毛菊	匐地风毛菊	xing zhuang feng mao ju	Saussurea stella	Viridiplantae
CHP04791	猩猩花		xing xing hua	Callianthe striata	Viridiplantae
CHP04792	腥藤		xing teng	Erythropalum scandens	Viridiplantae
CHP04793	兴安独活		xing an du huo	Heracleum dissectum	Viridiplantae
CHP04794	兴安毛连菜花	毛连菜花	xing an mao lian cai hua	Picris hieracioides	Viridiplantae
CHP04795	杏仁	山杏仁|苦杏仁|甜杏仁	xing ren	Semen Armeniacae Amarum	Viridiplantae
CHP04796	杏树根		xing shu gen	Apricot Root	Viridiplantae
CHP04797	杏叶防风	杏仁防风	xing ye fang feng	Pimpinella candolleana	Viridiplantae
CHP04798	杏子		xing zi	Apricot	Viridiplantae
CHP04799	熊蕨根		xiong jue gen	Dryopteris lacera	Viridiplantae
CHP04800	秀丽槭		xiu li qi	Acer elegantulum	Viridiplantae
CHP04801	秀丽野海棠		xiu li ye hai tang	Tashiroea amoena	Viridiplantae
CHP04802	绣球防风		xiu qiu fang feng	Leucas ciliata	Viridiplantae
CHP04803	绣球防风根		xiu qiu fang feng gen	Leucas ciliata	Viridiplantae
CHP04804	绣球防风果		xiu qiu fang feng guo	Leucas ciliata	Viridiplantae
CHP04805	绣球花	绣球花对	xiu qiu hua	Hydrangea macrophylla	Viridiplantae
CHP04806	绣球藤		xiu qiu teng	Clematis ranunculoides	Viridiplantae
CHP04807	绣线菊		xiu xian ju	Japanese Spiraea	Viridiplantae
CHP04808	绣线菊根		xiu xian ju gen	Spiraea japonica	Viridiplantae
CHP04809	绣线菊叶		xiu xian ju ye	Japanese Spiraea Leaf	Viridiplantae
CHP04810	绣线菊子		xiu xian ju zi	Spiraea japonica	Viridiplantae
CHP04811	锈钉子		xiu ding zi	Campylotropis hirtella	Viridiplantae
CHP04812	锈毛钝果寄生		xiu mao dun guo ji sheng	Rustyhair Taxillus	Viridiplantae
CHP04813	锈叶野牡丹		xiu ye ye mu dan	Astronia ferruginea	Viridiplantae
CHP04814	须花参		xu hua can	Odontostemma barbata	Viridiplantae
CHP04815	须叶藤		xu ye teng	Flagellaria indica	Viridiplantae
CHP04816	徐长卿	寮刁竹	xu zhang qing	Paniculate Swallowwort Root	Viridiplantae
CHP04817	许树		xu shu	Volkameria inermis	Viridiplantae
CHP04818	续断	川断|川续断目|盐续断|继断|酒续断|川续断	xu duan	Himalayan Teasel Root	Viridiplantae
CHP04819	续随子茎中白汁		xu sui zi jing zhong bai zhi	Caper Euphorbia Latex	Viridiplantae
CHP04820	续随子叶		xu sui zi ye	Euphorbia lathyris	Viridiplantae
CHP04821	萱草		xuan cao	Hemerocallis fulva	Viridiplantae
CHP04822	萱草根		xuan cao gen	Hemerocallis Radix	Viridiplantae
CHP04823	萱草嫩苗		xuan cao nen miao	Plantula Hemerocalis fulvae	Viridiplantae
CHP04824	玄参	元参	xuan can	Figwort Root	Viridiplantae
CHP04825	玄台		xuan tai	Scrophularia henryi	Viridiplantae
CHP04826	悬钩子	山莓|大麦泡	xuan gou zi	Avrons	Viridiplantae
CHP04827	旋柄茄		xuan bing jia	Solanum spirale	Viridiplantae
CHP04828	旋覆花	中国旋覆花|旋复花|欧亚旋覆花|金沸草	xuan fu hua	Flos Inulae	Viridiplantae
CHP04829	旋覆花根	旋复花根	xuan fu hua gen	Radix Inulae japoniae	Viridiplantae
CHP04830	旋花		xuan hua	Calystegia sepium	Viridiplantae
CHP04831	旋花根		xuan hua gen	Calystegia sepium	Viridiplantae
CHP04832	旋花苗		xuan hua miao	Calystegia sepium	Viridiplantae
CHP04833	旋鸡尾		xuan ji wei	Asplenium griffithianum	Viridiplantae
CHP04834	雪胆		xue dan	Hemsleya amabilis	Viridiplantae
CHP04835	雪见草	荔枝草|蟾蜍草	xue jian cao	Salvia plebeia	Viridiplantae
CHP04836	雪见草根		xue jian cao gen	Salvia plebeia	Viridiplantae
CHP04837	雪里见		xue li jian	Arisaema rhizomatum	Viridiplantae
CHP04838	雪莲	新疆雪莲|水母雪莲|天山雪莲	xue lian	Snow Lotus	Viridiplantae
CHP04839	雪莲花	甘青雪莲花|天山雪莲花	xue lian hua	Snowdrop	Viridiplantae
CHP04840	雪人参		xue ren shen	Indigofera stachyodes	Viridiplantae
CHP04841	雪三七		xue san qi	Rheum likiangense	Viridiplantae
CHP04842	雪山林		xue shan lin	Japanese Pachysandra	Viridiplantae
CHP04843	雪山芪		xue shan qi	Phyllolobium tribulifolium	Viridiplantae
CHP04844	雪山鼠尾草		xue shan shu wei cao	Salvia evansiana	Viridiplantae
CHP04845	雪乌	唐古特乌头	xue wu	Aconitum tanguticum	Viridiplantae
CHP04846	雪下红	矮脚罗伞	xue xia hong	Ardisia villosa	Viridiplantae
CHP04847	血当归		xue dang gui	Rumex chalepensis	Viridiplantae
CHP04848	血风藤	翼核果	xue feng teng	Ventilago leiocarpa	Viridiplantae
CHP04849	血见愁	山藿香	xue jian chou	Teucrium viscidum	Viridiplantae
CHP04850	血见愁老鹳草		xue jian chou lao guan cao	Geranium henryi	Viridiplantae
CHP04851	血竭	草血竭	xue jie	Sanguis Draconis	Viridiplantae
CHP04852	血经草		xue jing cao	Bredia longiloba	Viridiplantae
CHP04853	血满草		xue man cao	Sambucus adnata	Viridiplantae
CHP04854	血盘草	单叶血盆草	xue pan cao	Salvia cavaleriei	Viridiplantae
CHP04855	血散薯		xue san shu	Diels Stephania	Viridiplantae
CHP04856	血水草		xue shui cao	Eomecon chionantha	Viridiplantae
CHP04857	血水草根		xue shui cao gen	Eomecon chionantha	Viridiplantae
CHP04858	血桐	莲叶桐	xue tong	Common Macaranga	Viridiplantae
CHP04859	血苋	红木耳	xue xian	Iresine herbstii	Viridiplantae
CHP04860	血叶兰		xue ye lan	Ludisia discolor	Viridiplantae
CHP04861	薰衣草	薰衣草油	xun yi cao	Lavandula angustifolia	Viridiplantae
CHP04862	寻骨风	绵毛马兜铃	xun gu feng	Rhizoma Seu Herba Aristolochiae Mollissimae	Viridiplantae
CHP04863	荨麻	狭叶荨麻|麻叶荨麻|宽叶荨麻|荨麻草	xun ma	Hempleaf Nettle Equivalent plant: Urtica dioica;HempIeaf NettIe	Viridiplantae
CHP04864	荨麻根		xun ma gen	Urtica angustifolia	Viridiplantae
CHP04865	鸦椿卫矛		ya chun wei mao	Euonymus euscaphis	Viridiplantae
CHP04866	鸦胆子	苦鸦胆子|精制鸦胆子油|鸦胆子油	ya dan zi	Java Brucea Fruit	Viridiplantae
CHP04867	鸦片		ya pian	Opium	Viridiplantae
CHP04868	鸦跖花		ya zhi hua	Oxygraphis glacialis	Viridiplantae
CHP04869	鸭儿芹		ya er qin	Japanese Cryptotaenia	Viridiplantae
CHP04870	鸭儿芹根		ya er qin gen	Cryptotaenia japonica	Viridiplantae
CHP04871	鸭儿芹果		ya er qin guo	Cryptotaenia japonica	Viridiplantae
CHP04872	鸭脚艾		ya jiao ai	Ghostplant Wormwood	Viridiplantae
CHP04873	鸭脚板草		ya jiao ban cao	Ranunculus sieboldii	Viridiplantae
CHP04874	鸭脚茶	高脚落山箕根	ya jiao cha	Tashiroea sinensis	Viridiplantae
CHP04875	鸭脚黄连	鸭脚黄边	ya jiao huang lian	Asteropyrum cavaleriei	Viridiplantae
CHP04876	鸭脚罗伞		ya jiao luo san	Brassaiopsis glomerulata	Viridiplantae
CHP04877	鸭舌头		ya she tou	Sagittaria pygmaea	Viridiplantae
CHP04878	鸭皂树根		ya zao shu gen	Vachellia farnesiana	Viridiplantae
CHP04879	鸭皂树皮		ya zao shu pi	Vachellia farnesiana	Viridiplantae
CHP04880	鸭跖草		ya zhi cao	all-grass of Common Dayflower	Viridiplantae
CHP04881	牙疳药	长节耳草	ya gan yao	Hedyotis uncinella	Viridiplantae
CHP04882	牙新渊		ya xin yuan	Helicteres viscida	Viridiplantae
CHP04883	崖松		ya song	Sedum elatinoides	Viridiplantae
CHP04884	崖棕根		ya zong gen	Carex siderosticta	Viridiplantae
CHP04885	雅丽千金藤		ya li qian jin teng	Elegant Stephania	Viridiplantae
CHP04886	亚罗椿		ya luo chun	Bacciform Cipadessa; Sacciform Cipadessa	Viridiplantae
CHP04887	亚麻		ya ma	Common Flax	Viridiplantae
CHP04888	亚麻子		ya ma zi	Linseed	Viridiplantae
CHP04889	亚婆潮		ya po chao	Dimetia ampliflora	Viridiplantae
CHP04890	胭木		yan mu	Tomentose Wrightia	Viridiplantae
CHP04891	胭脂花		yan zhi hua	Primula maximowiczii	Viridiplantae
CHP04892	胭脂木		yan zhi mu	Bixa orellana	Viridiplantae
CHP04893	烟草	野烟叶	yan cao	Common Tobacco	Viridiplantae
CHP04894	烟管蓟		yan guan ji	Cirsium pendulum	Viridiplantae
CHP04895	烟梦花		yan meng hua	Pontederia hastata	Viridiplantae
CHP04896	烟窝草	秋唐松草|烟锅草	yan wo cao	Thalictrum minus	Viridiplantae
CHP04897	延胡索	元胡|醋延胡索	yan hu suo	Rhizoma Corydalis	Viridiplantae
CHP04898	延龄草	头顶一颗珠|芋儿七|吉林延龄草	yan ling cao	Tschonosk Trillium Equivalent plant: Trillium kamtschaticum;Tschonosk Trillium	Viridiplantae
CHP04899	芫花	醋芫花|芫花条	yuan hua	Flos Genkwa	Viridiplantae
CHP04900	芫花根		yuan hua gen	Lilac Daphne Root	Viridiplantae
CHP04901	芫荽	胡荽	yan sui	Coriandri Sativi Herba	Viridiplantae
CHP04902	芫荽子	胡荽子	yan sui zi	Coriandrum sativum	Viridiplantae
CHP04903	岩白菜	岩菖蒲|岩白菜素	yan bai cai	Purple Bergenia	Viridiplantae
CHP04904	岩败酱	墓头回	yan bai jiang	Patrinia heterophylla	Viridiplantae
CHP04905	岩春草	万年柏	yan chun cao	Asplenium incisum	Viridiplantae
CHP04906	岩葱		yan cong	Oberonia myosurus	Viridiplantae
CHP04907	岩豆		yan dou	Flemingia fluminalis	Viridiplantae
CHP04908	岩豆藤根	雀梅藤根	yan dou teng gen	Callerya cinerea	Viridiplantae
CHP04909	岩豆藤花		yan dou teng hua	Callerya cinerea	Viridiplantae
CHP04910	岩风子		yan feng zi	Adiantum malesianum	Viridiplantae
CHP04911	岩凤尾蕨		yan feng wei jue	Pteris deltodon	Viridiplantae
CHP04912	岩蒿		yan hao	Artemisia brachyloba	Viridiplantae
CHP04913	岩胡椒		yan hu jiao	Neocinnamomum fargesii	Viridiplantae
CHP04914	岩黄连	菊花黄连	yan huang lian	Rockliving Corydalis	Viridiplantae
CHP04915	岩茴香		yan hui xiang	Rupiphila tachiroei	Viridiplantae
CHP04916	岩藿香		yan huo xiang	Scutellaria franchetiana	Viridiplantae
CHP04917	岩椒		yan jiao	Zanthoxylum acanthopodium	Viridiplantae
CHP04918	岩椒草	臭节草	yan jiao cao	White Chinaure	Viridiplantae
CHP04919	岩节连		yan jie lian	Dichocarpum dalzielii	Viridiplantae
CHP04920	岩筋菜		yan jin cai	Tibet Berneuxine	Viridiplantae
CHP04921	岩景天		yan jing tian	Phedimus middendorffianus	Viridiplantae
CHP04922	岩萝卜		yan luo bo	Urophysa henryi	Viridiplantae
CHP04923	岩青兰	白花岩青兰	yan qing lan	Rupestrine Dragonhead	Viridiplantae
CHP04924	岩人参		yan ren shen	Pankycodon purpureus	Viridiplantae
CHP04925	岩石松		yan shi song	Huperzia chinensis	Viridiplantae
CHP04926	岩石羊		yan shi yang	Damnacanthus giganteus	Viridiplantae
CHP04927	岩笋		yan sun	Thunia alba	Viridiplantae
CHP04928	岩梭		yan suo	Erioscirpus comosus	Viridiplantae
CHP04929	岩梭花		yan suo hua	Erioscirpus comosus	Viridiplantae
CHP04930	岩檀香		yan tan xiang	Vaccinium delavayi	Viridiplantae
CHP04931	岩陀		yan tuo	Rodgersia sambucifolia	Viridiplantae
CHP04932	岩丸子	岩酸	yan wan zi	Begonia henryi	Viridiplantae
CHP04933	岩乌头	雪上一枝蒿	yan wu tou	Aconitum kongboense	Viridiplantae
CHP04934	岩指甲花	牯岭凤仙花	yan zhi jia hua	Impatiens davidii	Viridiplantae
CHP04935	盐肤木	盐麸树|盐酸树	yan fu mu	Rhus chinensis	Viridiplantae
CHP04936	盐肤木根		yan fu mu gen	Rhus chinensis	Viridiplantae
CHP04937	盐肤木根皮		yan fu mu gen pi	Rhus chinensis	Viridiplantae
CHP04938	盐肤木皮	盐麸根白皮|盐麸树白皮	yan fu mu pi	Rhus chinensis	Viridiplantae
CHP04939	盐肤子		yan fu zi	Chinese Sumac Fruit	Viridiplantae
CHP04940	盐麸叶	盐肤叶	yan fu ye	Chinese Sumac Leaf	Viridiplantae
CHP04941	盐麸子		yan fu zi	Rhus chinensis	Viridiplantae
CHP04942	盐麸子根		yan fu zi gen	Rhus chinensis	Viridiplantae
CHP04943	盐蒿	沙漠嘎	yan hao	Artemisia halodendron	Viridiplantae
CHP04944	盐匏藤		yan pao teng	Elaeagnus lanceolata	Viridiplantae
CHP04945	盐匏藤果		yan pao teng guo	Elaeagnus lanceolata	Viridiplantae
CHP04946	兖州卷柏		yan zhou juan bai	Involute Spikemoss	Viridiplantae
CHP04947	眼睛草		yan jing cao	Procris wightiana	Viridiplantae
CHP04948	眼子菜	钉耙七	yan zi cai	Potamogeton cristatus	Viridiplantae
CHP04949	眼子菜根		yan zi cai gen	Potamogeton cristatus	Viridiplantae
CHP04950	艳山姜		yan shan jiang	Alpinia zerumbet	Viridiplantae
CHP04951	燕麦		yan mai	Oat	Viridiplantae
CHP04952	燕麦草		yan mai cao	Avena fatua	Viridiplantae
CHP04953	燕麦灵		yan mai ling	Ainsliaea yunnanensis	Viridiplantae
CHP04954	燕子尾		yan zi wei	Cheniella didyma	Viridiplantae
CHP04955	秧青		yang qing	Dalbergia yunnanensis	Viridiplantae
CHP04956	羊耳蒜		yang er suan	Liparis japonica	Viridiplantae
CHP04957	羊胡髭草	披叶苔	yang hu zi cao	Carex lanceolata	Viridiplantae
CHP04958	羊角拗	羊角扭	yang jiao ao	Strophanthus divaricatus	Viridiplantae
CHP04959	羊角拗子		yang jiao ao zi	Divaricate Strophanthus Seed	Viridiplantae
CHP04960	羊角棉		yang jiao mian	Alstonia Maire	Viridiplantae
CHP04961	羊角纽花		yang jiao niu hua	Strophanthus divaricatus	Viridiplantae
CHP04962	羊角藤		yang jiao teng	Common Indianmulberry	Viridiplantae
CHP04963	羊角藤叶		yang jiao teng ye	Gynochthodes umbellata	Viridiplantae
CHP04964	羊奶果		yang nai guo	Elaeagnus sarmentosa	Viridiplantae
CHP04965	羊山刺		yang shan ci	Zanthoxylum ovalifolium	Viridiplantae
CHP04966	羊屎果树皮		yang shi guo shu pi	Syzygium cumini	Viridiplantae
CHP04967	羊屎木		yang shi mu	Chengiodendron matsumuranum	Viridiplantae
CHP04968	羊屎条根		yang shi tiao gen	Viburnum utile	Viridiplantae
CHP04969	羊屎条花		yang shi tiao hua	Viburnum utile	Viridiplantae
CHP04970	羊屎条叶		yang shi tiao ye	Viburnum utile	Viridiplantae
CHP04971	羊蹄	尼泊尔酸模	yang ti	Radix Rumicis Japonici	Viridiplantae
CHP04972	羊蹄草	一点红	yang ti cao	Emilia sonchifolia	Viridiplantae
CHP04973	羊蹄实		yang ti shi	Fructus Rumex japonici	Viridiplantae
CHP04974	羊蹄叶		yang ti ye	Folium Rumex japonici	Viridiplantae
CHP04975	羊踯躅	石椒草|六轴子|闹羊花	yang zhi zhu	Rhododendron molle	Viridiplantae
CHP04976	羊踯躅根		yang zhi zhu gen	Rhododendron molle	Viridiplantae
CHP04977	阳雀花		yang que hua	Caragana franchetiana	Viridiplantae
CHP04978	阳雀花根		yang que hua gen	Caragana franchetiana	Viridiplantae
CHP04979	阳桃		yang tao	Country Gooseberry	Viridiplantae
CHP04980	阳桃根		yang tao gen	Averrhoa carambola	Viridiplantae
CHP04981	阳桃花		yang tao hua	Averrhoa carambola	Viridiplantae
CHP04982	阳桃叶		yang tao ye	Averrhoa carambola	Viridiplantae
CHP04983	杨翠木		yang cui mu	Pittosporum kerrii	Viridiplantae
CHP04984	杨梅	多花杨梅	yang mei	Chinese Waxmyrtle;Bog-myrtle	Viridiplantae
CHP04985	杨梅根		yang mei gen	Myrica rubra Sieb. Et Zucc	Viridiplantae
CHP04986	杨梅核仁		yang mei he ren	Myrica rubra	Viridiplantae
CHP04987	杨梅树皮		yang mei shu pi	Chinese Waxmyrtle Bark	Viridiplantae
CHP04988	杨梅叶蚊母树根		yang mei ye wen mu shu gen	Distylium myricoides	Viridiplantae
CHP04989	杨树花	杨枸花	yang shu hua	Populus tomentosa	Viridiplantae
CHP04990	洋白蜡树		yang bai la shu	Fraxinus pennsylvanica	Viridiplantae
CHP04991	洋草果		yang cao guo	Eucalyptus camaldulensis	Viridiplantae
CHP04992	洋葱		yang cong	Common Onion	Viridiplantae
CHP04993	洋地黄		yang di huang	Digitalis purpurea	Viridiplantae
CHP04994	洋蒲桃叶		yang pu tao ye	Samalanga Syzygium	Viridiplantae
CHP04995	洋蓍草		yang shi cao	Common Yarrow	Viridiplantae
CHP04996	腰骨藤		yao gu teng	Ichnocarpus frutescens	Viridiplantae
CHP04997	腰子草		yao zi cao	Herminium lanceum	Viridiplantae
CHP04998	摇钱树		yao qian shu	Koelreuteria bipinnata	Viridiplantae
CHP04999	摇钱树根		yao qian shu gen	Koelreuteria bipinnata	Viridiplantae
CHP05000	咬人狗		yao ren gou	Dendrocnide meyeniana	Viridiplantae
CHP05001	药茴香		yao hui xiang	Hymenidium giraldii	Viridiplantae
CHP05002	药芹菜根		yao qin cai gen	Pternopetalum nudicaule	Viridiplantae
CHP05003	药鼠李实		yao shu li shi	Rhamnus cathartica	Viridiplantae
CHP05004	药西瓜		yao xi gua	Wild Gourd	Viridiplantae
CHP05005	药用倒提壶		yao yong dao ti hu	Common Houndstongue	Viridiplantae
CHP05006	椰根		ye gen	Cocos nucifera	Viridiplantae
CHP05007	椰子		ye zi	Coconut	Viridiplantae
CHP05008	椰子浆		ye zi jiang	Cocos nucifera	Viridiplantae
CHP05009	椰子皮		ye zi pi	Coconut Root-bark	Viridiplantae
CHP05010	椰子瓤		ye zi rang	Coconut Albumen	Viridiplantae
CHP05011	野拔子	香苏草|小苏苏棵花	ye ba zi	Elsholtzia rugulosa	Viridiplantae
CHP05012	野百合	野白合	ye bai he	Purpleflower Crotalaria	Viridiplantae
CHP05013	野扁豆		ye bian dou	Dunbaria podocarpa	Viridiplantae
CHP05014	野菠菜		ye bo cai	Rumex trisetifer	Viridiplantae
CHP05015	野草莓		ye cao mei	European Strawberry	Viridiplantae
CHP05016	野茶辣		ye cha la	Cipadessa cinerascens	Viridiplantae
CHP05017	野茶子		ye cha zi	Eurya obtusifolia	Viridiplantae
CHP05018	野慈姑		ye ci gu	Sagittaria trifolia	Viridiplantae
CHP05019	野大豆		ye da dou	Glycine soja	Viridiplantae
CHP05020	野大豆藤		ye da dou teng	Glycine soja	Viridiplantae
CHP05021	野灯草		ye deng cao	Juncus bufonius	Viridiplantae
CHP05022	野丁香		ye ding xiang	Syringa persica	Viridiplantae
CHP05023	野丁香根		ye ding xiang gen	Luculia pinceana	Viridiplantae
CHP05024	野冬菊		ye dong ju	Aster oreophilus	Viridiplantae
CHP05025	野杜仲	大花卫矛	ye du zhong	Largeflower Euonymus	Viridiplantae
CHP05026	野杜仲果		ye du zhong guo	Euonymus grandiflorus	Viridiplantae
CHP05027	野鹅脚板		ye e jiao ban	Sanicula orthacantha	Viridiplantae
CHP05028	野饭豆		ye fan dou	Indigofera caudata	Viridiplantae
CHP05029	野凤仙花		ye feng xian hua	Impatiens textorii	Viridiplantae
CHP05030	野甘草		ye gan cao	Sweet Broomwort	Viridiplantae
CHP05031	野高粱		ye gao liang	Astilbe rivularis	Viridiplantae
CHP05032	野菰		ye gu	Indian Aeginetia	Viridiplantae
CHP05033	野桂花		ye gui hua	Pittosporum crispulum	Viridiplantae
CHP05034	野桂皮		ye gui pi	Cinnamomum austrosinense	Viridiplantae
CHP05035	野核桃仁		ye he tao ren	Semen Juglandis cathayensis	Viridiplantae
CHP05036	野核桃油		ye he tao you	Juglans cathayensis	Viridiplantae
CHP05037	野厚朴花	山玉兰花	ye hou po hua	Magnolia delavayi	Viridiplantae
CHP05038	野胡萝卜根	胡萝卜根	ye hu luo bo gen	Daucus carota	Viridiplantae
CHP05039	野花椒		ye hua jiao	Zanthoxylum simulans	Viridiplantae
CHP05040	野花椒根		ye hua jiao gen	Flatspine Pricklyash Root	Viridiplantae
CHP05041	野花椒皮		ye hua jiao pi	Flatspine Pricklyash Bark	Viridiplantae
CHP05042	野花椒叶		ye hua jiao ye	Flatspine Pricklyash Leaf	Viridiplantae
CHP05043	野黄瓜	扇叶人字果	ye huang gua	Dichocarpum fargesii	Viridiplantae
CHP05044	野黄麻		ye huang ma	Corchorus aestuans	Viridiplantae
CHP05045	野黄皮		ye huang pi	Henry Wampee	Viridiplantae
CHP05046	野火球		ye huo qiu	Trifolium lupinaster	Viridiplantae
CHP05047	野火绳		ye huo sheng	Grewia eriocarpa	Viridiplantae
CHP05048	野鸡草		ye ji cao	Hypoxis aurea	Viridiplantae
CHP05049	野豇豆	山土瓜	ye jiang dou	Vigna vexillata	Viridiplantae
CHP05050	野京豆		ye jing dou	Fordia microphylla	Viridiplantae
CHP05051	野菊花	野菊	ye ju hua	Flos Chrysanthemi Indici	Viridiplantae
CHP05052	野决明		ye jue ming	Wild Thermopsis	Viridiplantae
CHP05053	野苦梨		ye ku li	Cotoneaster coriaceus	Viridiplantae
CHP05054	野苦梨根		ye ku li gen	Pyrus pashia	Viridiplantae
CHP05055	野梨枝叶		ye li zhi ye	Callery Pear Branch-leaf	Viridiplantae
CHP05056	野菱		ye ling	Trapa incisa	Viridiplantae
CHP05057	野菱根		ye ling gen	Trapa incisa	Viridiplantae
CHP05058	野绿麻		ye lv ma	Laportea bulbifera	Viridiplantae
CHP05059	野绿麻根		ye lv ma gen	Laportea bulbifera	Viridiplantae
CHP05060	野马蹄草		ye ma ti cao	Schoenoplectiella juncoides	Viridiplantae
CHP05061	野马追	秤杆升麻	ye ma zhui	Eupatorium lindleyanum	Viridiplantae
CHP05062	野麦子		ye mai zi	Avena fatua	Viridiplantae
CHP05063	野玫瑰果		ye mei gui guo	Rosa canina	Viridiplantae
CHP05064	野棉花		ye mian hua	Anemone vitifolia	Viridiplantae
CHP05065	野棉花根		ye mian hua gen	Anemone vitifolia	Viridiplantae
CHP05066	野茉莉	候风藤	ye mo li	Japanese Snowbell Stem-Bark	Viridiplantae
CHP05067	野牡丹		ye mu dan	Melastoma candidum	Viridiplantae
CHP05068	野牡丹根		ye mu dan gen	Melastoma candidum	Viridiplantae
CHP05069	野牡丹子		ye mu dan zi	Melastoma candidum	Viridiplantae
CHP05070	野木瓜		ye mu gua	Chinese Stauntonvine	Viridiplantae
CHP05071	野木瓜果		ye mu gua guo	Stauntonia chinensis	Viridiplantae
CHP05072	野葡萄根		ye pu tao gen	root of Romanet grape	Viridiplantae
CHP05073	野漆树	野漆树叶|林背子	ye qi shu	Toxicodendron sylvestre	Viridiplantae
CHP05074	野漆树根		ye qi shu gen	Toxicodendron succedaneum	Viridiplantae
CHP05075	野三七		ye san qi	Panax stipuleanatus	Viridiplantae
CHP05076	野山蚂蟥		ye shan ma huang	Bothriospermum secundum	Viridiplantae
CHP05077	野升麻		ye sheng ma	Kamchatka Bugbane	Viridiplantae
CHP05078	野柿花		ye shi hua	Diospyros morrisiana	Viridiplantae
CHP05079	野素馨	素兴花	ye su xin	Jasminum polyanthum	Viridiplantae
CHP05080	野塘蒿		ye tang hao	Conyza bonariensis	Viridiplantae
CHP05081	野西瓜苗		ye xi gua miao	Hibiscus trionum	Viridiplantae
CHP05082	野西瓜苗子		ye xi gua miao zi	Hibiscus trionum	Viridiplantae
CHP05083	野苋菜	凹头苋	ye xian cai	Amaranthus blitum	Viridiplantae
CHP05084	野苋子		ye xian zi	Amaranthus blitum	Viridiplantae
CHP05085	野香茅		ye xiang mao	Goering Lemongrass	Viridiplantae
CHP05086	野香橼花		ye xiang yuan hua	Capparis bodinieri	Viridiplantae
CHP05087	野鸦椿		ye ya chun	Common Euscaphis	Viridiplantae
CHP05088	野鸦椿根		ye ya chun gen	Euscaphis japonica	Viridiplantae
CHP05089	野鸦椿花		ye ya chun hua	Euscaphis japonica	Viridiplantae
CHP05090	野鸦椿皮		ye ya chun pi	Euscaphis japonica	Viridiplantae
CHP05091	野鸦椿叶		ye ya chun ye	Euscaphis japonica	Viridiplantae
CHP05092	野鸦椿子		ye ya chun zi	Euscaphis japonica	Viridiplantae
CHP05093	野亚麻		ye ya ma	Linum stelleroides	Viridiplantae
CHP05094	野芫荽		ye yan sui	Eryngium foetidum	Viridiplantae
CHP05095	野洋参		ye yang can	Primula denticulata	Viridiplantae
CHP05096	野罂粟	华罂粟|黑水野罂粟	ye ying su	Iceland Poppy Equivalent plant: Papaver nudicaule ssp amurense	Viridiplantae
CHP05097	野樱花		ye ying hua	Prunus serrulata	Viridiplantae
CHP05098	野樱桃	西藏野樱桃	ye ying tao	Prunus szechuanica	Viridiplantae
CHP05099	野樱桃根		ye ying tao gen	Prunus szechuanica	Viridiplantae
CHP05100	野油麻		ye you ma	Stachys oblongifolia	Viridiplantae
CHP05101	野芋		ye yu	Taro	Viridiplantae
CHP05102	野芋实		ye yu shi	Alocasia macrorrhizos	Viridiplantae
CHP05103	野芋叶		ye yu ye	Colocasia antiquorum	Viridiplantae
CHP05104	野芝麻	白芝麻|芝麻|芝麻油|黑芝麻	ye zhi ma	Barbate Deadnettle	Viridiplantae
CHP05105	野芝麻根	芝麻根|胡麻根	ye zhi ma gen	Lamium barbatum	Viridiplantae
CHP05106	野芝麻花	胡麻花|芝麻花	ye zhi ma hua	Lamium barbatum	Viridiplantae
CHP05107	野猪胆草		ye zhu dan cao	Liparis nervosa	Viridiplantae
CHP05108	野竹兰		ye zhu lan	Epipactis helleborine	Viridiplantae
CHP05109	野苎麻		ye zhu ma	Boehmeria siamensis	Viridiplantae
CHP05110	野棕		ye zong	Arenga caudata	Viridiplantae
CHP05111	叶底红		ye di hong	Bredia fordii	Viridiplantae
CHP05112	叶底珠	一叶萩	ye di zhu	Securinega suffruticosa	Viridiplantae
CHP05113	叶上珠	钝齿青荚叶|白背青荚叶	ye shang zhu	Helwingia himalaica	Viridiplantae
CHP05114	叶上珠根	叶上果根	ye shang zhu gen	Helwingia himalaica	Viridiplantae
CHP05115	叶天天花		ye tian tian hua	Mussaenda hossei	Viridiplantae
CHP05116	叶下花		ye xia hua	Ainsliaea pertyoides	Viridiplantae
CHP05117	叶下珠		ye xia zhu	Common Leafflower	Viridiplantae
CHP05118	叶象花		ye xiang hua	Euphorbia heterophylla	Viridiplantae
CHP05119	叶子花	紫三角	ye zi hua	Bougainvillea glabra	Viridiplantae
CHP05120	夜关门		ye guan men	Cuneate Lespedeza	Viridiplantae
CHP05121	夜合花		ye he hua	Flos Magnoliae Coconis	Viridiplantae
CHP05122	夜花藤		ye hua teng	Hypserpa nitida	Viridiplantae
CHP05123	夜交藤		ye jiao teng	Caulis Polygoni Multiflori	Viridiplantae
CHP05124	夜来香		ye lai xiang	Telosma cordata	Viridiplantae
CHP05125	夜香牛	伤寒草	ye xiang niu	Cyanthillium cinereum	Viridiplantae
CHP05126	一把篾		yi ba mie	Radix seu Caulis Tetrastigmatis Delavayi	Viridiplantae
CHP05127	一把伞		yi ba san	Rhodobryum giganteum	Viridiplantae
CHP05128	一把香	土箭芪	yi ba xiang	Wikstroemia dolichantha	Viridiplantae
CHP05129	一点血		yi dian xue	Begonia wilsonii	Viridiplantae
CHP05130	一颗针		yi ke zhen	Berberis thunbergii	Viridiplantae
CHP05131	一口红		yi kou hong	Ilex pedunculosa	Viridiplantae
CHP05132	一年蓬		yi nian peng	Herba Erigerontis Annui	Viridiplantae
CHP05133	一皮草		yi pi cao	Lepisorus contortus	Viridiplantae
CHP05134	一匹草		yi pi cao	Bulbophyllum andersonii	Viridiplantae
CHP05135	一品红		yi pin hong	Common Poinsettia	Viridiplantae
CHP05136	一文钱		yi wen qian	Stephania delavayi	Viridiplantae
CHP05137	一窝鸡		yi wo ji	Asparagus lycopodineus Wall. ex Baker	Viridiplantae
CHP05138	一支箭		yi zhi jian	Herba Ophioglossi	Viridiplantae
CHP05139	一枝蒿	一支蒿|新疆一支蒿	yi zhi hao	Alpine Yarrow	Viridiplantae
CHP05140	一枝黄花	高一枝黄花	yi zhi huang hua	Solidaginis Herba	Viridiplantae
CHP05141	一枝香		yi zhi xiang	Herba Veronicae Spuriae	Viridiplantae
CHP05142	伊贝母	西贝母|甘肃贝母	yi bei mu	Sinkiang Fritillary Bulb	Viridiplantae
CHP05143	宜昌荚蒾	对叶散花	yi chang jia mi	Viburnum erosum	Viridiplantae
CHP05144	宜昌荚蒾叶		yi chang jia mi ye	Viburnum erosum	Viridiplantae
CHP05145	宜昌楼梯草		yi chang lou ti cao	Elatostema ichangense	Viridiplantae
CHP05146	宜梧	椬梧	yi wu	Elaeagnus oldhamii	Viridiplantae
CHP05147	宜梧叶		yi wu ye	Elaeagnus oldhamii	Viridiplantae
CHP05148	苡芭菊	老鼠脚迹	yi ba ju	Epaltes australis	Viridiplantae
CHP05149	异被赤车		yi bei chi che	Elatostema heterolobum	Viridiplantae
CHP05150	异木患		yi mu huan	Allophylus viridis	Viridiplantae
CHP05151	异穗卷柏		yi sui juan bai	Selaginella heterostachys	Viridiplantae
CHP05152	异型莎草	王母钗	yi xing suo cao	Cyperus difformis	Viridiplantae
CHP05153	异野芝麻		yi ye zhi ma	Heterolamium debile	Viridiplantae
CHP05154	异叶梁王茶		yi ye liang wang cha	David Falsepanax	Viridiplantae
CHP05155	异叶鳞始蕨		yi ye lin shi jue	Lindsaea heterophylla	Viridiplantae
CHP05156	异株百里香		yi zhu bai li xiang	Thymus marschallianus	Viridiplantae
CHP05157	益母草	茺蔚子|鲜益母草|细叶益母草|兴安益母草	yi mu cao	Herba Leonuri	Viridiplantae
CHP05158	益母草花		yi mu cao hua	Flos Leonuri japonici	Viridiplantae
CHP05159	益智		yi zhi	Alpiniae Oxyphyliae Fructus	Viridiplantae
CHP05160	益智仁	盐益智仁	yi zhi ren	Fructus Alpiniae Oxyphyllae	Viridiplantae
CHP05161	薏苡根		yi yi gen	Coix lacryma-jobi	Viridiplantae
CHP05162	薏苡仁	注射用薏苡仁油|薏米	yi yi ren	Semen Coicis	Viridiplantae
CHP05163	翼首草	石上柏	yi shou cao	Selaginella doederleinii	Viridiplantae
CHP05164	翼枝榆		yi zhi yu	Ulmus davidiana	Viridiplantae
CHP05165	阴地蕨		yin di jue	Botrychium ternatum	Viridiplantae
CHP05166	阴香根		yin xiang gen	Cinnamomum burmanni	Viridiplantae
CHP05167	阴香皮		yin xiang pi	Cinnamomum burmanni	Viridiplantae
CHP05168	阴香叶		yin xiang ye	Cinnamomum burmanni	Viridiplantae
CHP05169	茵陈	菌陈|茵陈蒿|藏茵陈	yin chen	Virgate Wormwood Herb	Viridiplantae
CHP05170	茵芋		yin yu	Reeves Skimmia	Viridiplantae
CHP05171	银背藤		yin bei teng	Soft Argyreia	Viridiplantae
CHP05172	银边翠		yin bian cui	Euphorbia marginata	Viridiplantae
CHP05173	银不换		yin bu huan	Barbate Cyclea	Viridiplantae
CHP05174	银柴胡	叉歧繁缕	yin chai hu	Starwort Root	Viridiplantae
CHP05175	银粉背蕨	通经草	yin fen bei jue	Cheilanthes argentea	Viridiplantae
CHP05176	银花子		yin hua zi	Fructus Lonicerae	Viridiplantae
CHP05177	银灰旋花	小旋花	yin hui xuan hua	Convolvulus ammannii	Viridiplantae
CHP05178	银兰		yin lan	Cephalanthera erecta	Viridiplantae
CHP05179	银毛委陵菜		yin mao wei ling cai	Potentilla lineata	Viridiplantae
CHP05180	银木荷皮		yin mu he pi	Schima argentea	Viridiplantae
CHP05181	银丝杜仲		yin si du zhong	Euonymus vagans	Viridiplantae
CHP05182	银锁匙		yin suo chi	Cyclea tonkinensis	Viridiplantae
CHP05183	银线草		yin xian cao	Japanise Chloranthus;Chinese Siphonostegia	Viridiplantae
CHP05184	银线草根		yin xian cao gen	Chloranthus serratus	Viridiplantae
CHP05185	银杏	白果|白果仁	yin xing	Ginkgo	Viridiplantae
CHP05186	银杏叶	白果叶	yin xing ye	Ginkgo Folium	Viridiplantae
CHP05187	银叶柳		yin ye liu	Salix chienii	Viridiplantae
CHP05188	银叶树		yin ye shu	Silverleaf Morningglory	Viridiplantae
CHP05189	银紫丹参		yin zi dan shen	Salvia digitaloides	Viridiplantae
CHP05190	淫羊藿	炙淫羊藿|柔毛淫羊藿|淫羊蜜|淫洋藿|淫羊蕾|朝鲜淫羊藿|万山淫羊藿|淫草藿|淫山藿|箭叶淫羊藿|淫羊霍	yin yang huo	Herba Epimedii	Viridiplantae
CHP05191	淫羊藿根		yin yang huo gen	Shorthorned Epimedium Root	Viridiplantae
CHP05192	印度九里香		yin du jiu li xiang	Indian Common Jasminorange	Viridiplantae
CHP05193	印度菩提树皮		yin du pu ti shu pi	Ficus religiosa	Viridiplantae
CHP05194	罂粟	罂粟子	ying su	Opium Poppy	Viridiplantae
CHP05195	罂粟壳	蜜罂粟壳	ying su ke	poppy capsule	Viridiplantae
CHP05196	樱草根		ying cao gen	Primula sieboldii	Viridiplantae
CHP05197	樱桃		ying tao	Falsesour Cherry	Viridiplantae
CHP05198	鹰不泊	簕欓	ying bu po	Avicenna’s Pricklyash	Viridiplantae
CHP05199	鹰不泊薳		ying bu po wei	Zanthoxylum avicennae	Viridiplantae
CHP05200	鹰不扑		ying bu pu	Aralia armata	Viridiplantae
CHP05201	鹰爪枫		ying zhao feng	Holboellia coriacea	Viridiplantae
CHP05202	鹰爪花根		ying zhao hua gen	Artabotrys hexapetalus	Viridiplantae
CHP05203	鹰爪花果		ying zhao hua guo	Artabotrys hexapetalus	Viridiplantae
CHP05204	鹰爪莲		ying zhao lian	Jurinea peguensis	Viridiplantae
CHP05205	迎春花		ying chun hua	Winter Jasmine	Viridiplantae
CHP05206	迎春花根		ying chun hua gen	Jasminum nudiflorum	Viridiplantae
CHP05207	迎春花叶		ying chun hua ye	Jasminum nudiflorum	Viridiplantae
CHP05208	迎山红	映山红|迎红杜鹃	ying shan hong	Korean Rhododendron	Viridiplantae
CHP05209	营实		ying shi	Rosa multiflora	Viridiplantae
CHP05210	蝇子草		ying zi cao	Catch-fly	Viridiplantae
CHP05211	瘿花香茶菜		ying hua xiang cha cai	Rosthorn Rabdosia	Viridiplantae
CHP05212	硬骨凌霄		ying gu ling xiao	Tecomaria capensis	Viridiplantae
CHP05213	硬骨藤		ying gu teng	Wisteriopsis championii	Viridiplantae
CHP05214	硬九子连环草		ying jiu zi lian huan cao	Calanthe discolor	Viridiplantae
CHP05215	硬叶吊兰	树茭瓜	ying ye diao lan	Cymbidium pendulum	Viridiplantae
CHP05216	硬叶女娄菜		ying ye nv lou cai	Silene firma	Viridiplantae
CHP05217	硬枝黑琐梅	紫泡	ying zhi hei suo mei	Rubus niveus	Viridiplantae
CHP05218	永宁独活		yong ning du huo	Yungning Cowparsnip	Viridiplantae
CHP05219	油草		you cao	Dinebra chinensis	Viridiplantae
CHP05220	油茶根		you cha gen	Camellia oleifera	Viridiplantae
CHP05221	油茶根皮		you cha gen pi	Camellia oleifera	Viridiplantae
CHP05222	油茶花		you cha hua	Camellia oleifera	Viridiplantae
CHP05223	油茶叶		you cha ye	Camellia oleifera	Viridiplantae
CHP05224	油茶子	茶子心	you cha zi	Camellia oleifera	Viridiplantae
CHP05225	油柑虫节		you gan chong jie	Emblica officinalis	Viridiplantae
CHP05226	油柑根		you gan gen	Emblic Leafflower Root	Viridiplantae
CHP05227	油柑木皮		you gan mu pi	Emblic Leafflower Bark	Viridiplantae
CHP05228	油柑皮		you gan pi	Emblica officinalis	Viridiplantae
CHP05229	油柑叶		you gan ye	Emblic Leafflower Leaf	Viridiplantae
CHP05230	油胡桃		you hu tao	Semen Juglandis regiae	Viridiplantae
CHP05231	油散木		you san mu	Macropanax dispermus	Viridiplantae
CHP05232	油杉		you shan	Keteleeria fortunei	Viridiplantae
CHP05233	油桐		you tong	Vernicia fordii	Viridiplantae
CHP05234	油桐根		you tong gen	Vernicia fordii	Viridiplantae
CHP05235	油桐叶		you tong ye	Vernicia fordii	Viridiplantae
CHP05236	油桐子	气桐子	you tong zi	Vernicia fordii	Viridiplantae
CHP05237	油头草		you tou cao	Myriactis nepalensis	Viridiplantae
CHP05238	油渣果		you zha guo	Hodgsonia macrocarpa	Viridiplantae
CHP05239	油渣果根		you zha guo gen	Hodgsonia macrocarpa	Viridiplantae
CHP05240	油棕根		you zong gen	Elaeis guineensis	Viridiplantae
CHP05241	疣果冷水花		you guo leng shui hua	Pilea verrucosa	Viridiplantae
CHP05242	游草	水游草	you cao	Leersia japonica	Viridiplantae
CHP05243	友水龙骨		you shui long gu	Polypodium amoenum	Viridiplantae
CHP05244	有瓜石斛		you gua shi hu	Dendrobium plicatile	Viridiplantae
CHP05245	莠狗尾草	野粟	you gou wei cao	Setaria parviflora	Viridiplantae
CHP05246	柚根		you gen	Radix Citri grandis	Viridiplantae
CHP05247	柚核		you he	Pummelo Seed	Viridiplantae
CHP05248	柚花		you hua	Flos Citri grandis	Viridiplantae
CHP05249	柚皮		you pi	Pericarpium Citri grandis	Viridiplantae
CHP05250	柚树寄生		you shu ji sheng	Viscum ovalifolium	Viridiplantae
CHP05251	柚叶		you ye	Citrus maxima	Viridiplantae
CHP05252	柚子	柚	you zi	Citrus maxima	Viridiplantae
CHP05253	鼬瓣花		you ban hua	Galeopsis bifida	Viridiplantae
CHP05254	鼬瓣花根		you ban hua gen	Galeopsis bifida	Viridiplantae
CHP05255	余甘子	油柑|庵摩勒	yu gan zi	Emblic Leafflower Fruit	Viridiplantae
CHP05256	鱼鳖金星		yu bie jin xing	Lepidogrammitis drymoglossoides	Viridiplantae
CHP05257	鱼肠草		yu chang cao	Primula beesiana	Viridiplantae
CHP05258	鱼胆草		yu dan cao	Swertia davidii	Viridiplantae
CHP05259	鱼鳞菜		yu lin cai	Broadleaf Blainvillea	Viridiplantae
CHP05260	鱼鳞甲		yu lin jia	Titanotrichum oldhamii	Viridiplantae
CHP05261	鱼藤		yu teng	Trifoliate Jewelvine	Viridiplantae
CHP05262	鱼尾葵		yu wei kui	Caryota maxima	Viridiplantae
CHP05263	鱼尾葵根		yu wei kui gen	Caryota maxima	Viridiplantae
CHP05264	鱼尾葵叶		yu wei kui ye	Caryota maxima	Viridiplantae
CHP05265	鱼香草		yu xiang cao	Apple Mint	Viridiplantae
CHP05266	鱼香根		yu xiang gen	Mentha suaveolens	Viridiplantae
CHP05267	鱼腥草	鲜鱼腥草	yu xing cao	all-grass of Heartleaf Houttuynia	Viridiplantae
CHP05268	鱼眼草		yu yan cao	Dichrocephala chrysanthemifolia	Viridiplantae
CHP05269	鱼眼草根		yu yan cao gen	Dichrocephala benthamii	Viridiplantae
CHP05270	榆白皮		yu bai pi	Cortex ulmi pumilae	Viridiplantae
CHP05271	榆花		yu hua	Flos Ulmus pumilae	Viridiplantae
CHP05272	榆荚仁		yu jia ren	Ulmus pumila	Viridiplantae
CHP05273	榆仁酱		yu ren jiang	Ulmus pumila	Viridiplantae
CHP05274	榆树		yu shu	Siberian Elm	Viridiplantae
CHP05275	榆叶		yu ye	Ulmus pumila	Viridiplantae
CHP05276	榆枝	鲜榆枝	yu zhi	Ulmus pumila	Viridiplantae
CHP05277	羽萼		yu e	Colebrookea oppositifolia	Viridiplantae
CHP05278	羽叶三七		yu ye san qi	Bipinnatifid Ginseng	Viridiplantae
CHP05279	雨韭		yu jiu	Pontederia korsakowii	Viridiplantae
CHP05280	禹州漏芦	华东蓝刺头	yu zhou lou lu	Globethistle Root	Viridiplantae
CHP05281	玉蝉花		yu chan hua	Iris ensata	Viridiplantae
CHP05282	玉芙蓉		yu fu rong	Opuntia dillenii	Viridiplantae
CHP05283	玉兰	辛夷|辛荑|辛夷油	yu lan	Yulan Magnolia	Viridiplantae
CHP05284	玉铃花		yu ling hua	Fragrant Snowbell	Viridiplantae
CHP05285	玉龙鞭		yu long bian	Stachytarpheta jamaicensis	Viridiplantae
CHP05286	玉米须		yu mi xu	Corn stigma	Viridiplantae
CHP05287	玉蜀黍		yu shu shu	Maize	Viridiplantae
CHP05288	玉溪天仙藤		yu xi tian xian teng	Piper puberulilimbum	Viridiplantae
CHP05289	玉叶金花	白常山|山甘草	yu ye jin hua	Mussaenda	Viridiplantae
CHP05290	玉簪		yu zan	Hosta plantaginea	Viridiplantae
CHP05291	玉簪根		yu zan gen	Hosta plantaginea	Viridiplantae
CHP05292	玉簪花		yu zan hua	Hosta plantaginea	Viridiplantae
CHP05293	玉簪叶		yu zan ye	Hosta plantaginea	Viridiplantae
CHP05294	玉竹		yu zhu	Rhizoma Polygonati Odorati	Viridiplantae
CHP05295	芋头	芋	yu tou	Colocasia esculenta	Viridiplantae
CHP05296	郁金香		yu jin xiang	Common Tulip	Viridiplantae
CHP05297	郁金香根		yu jin xiang gen	Common Tulip Root	Viridiplantae
CHP05298	郁李根		yu li gen	Prunus japonica	Viridiplantae
CHP05299	郁李仁	欧李	yu li ren	Chinese Dwarf Cherry Seed	Viridiplantae
CHP05300	鸢根		yuan gen	Iris tectorum	Viridiplantae
CHP05301	鸢尾	德国鸢尾|川射干	yuan wei	Roof Iris	Viridiplantae
CHP05302	元宝草		yuan bao cao	Sampson StJohn’swort	Viridiplantae
CHP05303	元宝槭		yuan bao qi	Acer truncatum	Viridiplantae
CHP05304	圆柏	叉子圆柏|圆柏枝|圆柏叶|圆柏枝膏|圆柏膏	yuan bai	Chinese Juniper	Viridiplantae
CHP05305	圆瓣冷水花		yuan ban leng shui hua	Pilea angulata	Viridiplantae
CHP05306	圆萼刺参		yuan e ci can	Chinese Morina	Viridiplantae
CHP05307	圆果冷清草		yuan guo leng qing cao	Pilea rotundinucula	Viridiplantae
CHP05308	圆果罗伞		yuan guo luo san	Ardisia depressa	Viridiplantae
CHP05309	圆滑番荔枝		yuan hua fan li zhi	Glabrous Custardapple	Viridiplantae
CHP05310	圆节山蚂蝗		yuan jie shan ma huang	Huangtcia renifolia	Viridiplantae
CHP05311	圆薯蓣		yuan shu yu	Guinea Yam	Viridiplantae
CHP05312	圆叶碱毛茛		yuan ye jian mao gen	Halerpestes cymbalaria	Viridiplantae
CHP05313	圆叶茅膏菜		yuan ye mao gao cai	Roundleaf Sundew	Viridiplantae
CHP05314	圆叶南蛇藤根		yuan ye nan she teng gen	Celastrus kusanoi	Viridiplantae
CHP05315	圆叶千金藤		yuan ye qian jin teng	Stephania rotunda	Viridiplantae
CHP05316	圆叶乌头		yuan ye wu tou	Aconitum rotundifolium	Viridiplantae
CHP05317	圆叶野扁豆		yuan ye ye bian dou	Dunbaria rotundifolia	Viridiplantae
CHP05318	圆锥花南蛇藤根		yuan zhui hua nan she teng gen	Celastrus paniculatus	Viridiplantae
CHP05319	远志	甜远志|西伯利亚远志|小蓝花地丁|小草|苦远志|制远志	yuan zhi	Thinleaf milkwort	Viridiplantae
CHP05320	月桂叶		yue gui ye	Grecian Laurel Leaf	Viridiplantae
CHP05321	月桂子		yue gui zi	Grecian Laurel Fruit	Viridiplantae
CHP05322	月季花		yue ji hua	Flos Rosae Chinensis	Viridiplantae
CHP05323	月季花根		yue ji hua gen	Radix Rosae Chinensis	Viridiplantae
CHP05324	月季花叶		yue ji hua ye	Rosa chinensis	Viridiplantae
CHP05325	月见草		yue jian cao	Radix oenotherae erythrosepalae	Viridiplantae
CHP05326	月见草油		yue jian cao you	Oenothera glazioviana	Viridiplantae
CHP05327	越橘		yue ju	Vaccinium vitis-idaea	Viridiplantae
CHP05328	越橘果		yue ju guo	Vaccinium vitis-idaea	Viridiplantae
CHP05329	越橘叶		yue ju ye	Cowberry Leaf	Viridiplantae
CHP05330	越南樟皮		yue nan zhang pi	Cinnamomum tonkinense	Viridiplantae
CHP05331	越西木香	越西川木香	yue xi mu xiang	Denticulate Vladimiria	Viridiplantae
CHP05332	粤瓦韦		yue wa wei	Lepisorus obscurevenolusus	Viridiplantae
CHP05333	云防风	竹叶防风	yun fang feng	Seseli delavayi	Viridiplantae
CHP05334	云锦杜鹃		yun jin du juan	Rhododendron fortunei	Viridiplantae
CHP05335	云南柴桂		yun nan chai gui	Neocinnamomum delavayi	Viridiplantae
CHP05336	云南丹参	滇丹参	yun nan dan shen	Salvia yunnanensis	Viridiplantae
CHP05337	云南榧树		yun nan fei shu	Yunnan Torreya	Viridiplantae
CHP05338	云南甘草		yun nan gan cao	Yunnan Licorice	Viridiplantae
CHP05339	云南红豆蔻		yun nan hong dou kou	Alpinia conchigera	Viridiplantae
CHP05340	云南红豆蔻果		yun nan hong dou kou guo	Alpinia conchigera	Viridiplantae
CHP05341	云南鸡矢藤	毛叶黄药	yun nan ji shi teng	Paederia yunnanensis	Viridiplantae
CHP05342	云南金莲花		yun nan jin lian hua	Trollius yunnanensis	Viridiplantae
CHP05343	云南莲座蕨		yun nan lian zuo jue	Angiopteris yunnanensis	Viridiplantae
CHP05344	云南山梅花		yun nan shan mei hua	Philadelphus delavayi	Viridiplantae
CHP05345	云南菟丝子		yun nan tu si zi	Yunnan Dodder	Viridiplantae
CHP05346	云南小草蔻		yun nan xiao cao kou	Globba racemosa	Viridiplantae
CHP05347	云南小膜盖蕨		yun nan xiao mo gai jue	Davallia yunnanensis	Viridiplantae
CHP05348	云南野砂仁		yun nan ye sha ren	Alpinia blepharocalyx	Viridiplantae
CHP05349	云南油杉		yun nan you shan	Keteleeria evelyniana	Viridiplantae
CHP05350	云南紫珠		yun nan zi zhu	Callicarpa yunnanensis	Viridiplantae
CHP05351	云朴		yun pu	Magnolia rostrata	Viridiplantae
CHP05352	云杉球果		yun shan qiu guo	Picea neoveitchii	Viridiplantae
CHP05353	云实	四时青|倒挂牛	yun shi	Digyna Caesa Ipinia*	Viridiplantae
CHP05354	云实根		yun shi gen	Biancaea decapetala	Viridiplantae
CHP05355	云实叶		yun shi ye	Caesalpinia*	Viridiplantae
CHP05356	云实蛀虫		yun shi zhu chong	Biancaea decapetala	Viridiplantae
CHP05357	芸薹	芜菁花|菘菜|芸薹花|芜菁	yun tai	Caulis et Folium Brassicae campestris	Viridiplantae
CHP05358	芸薹子	芸苔子|菘菜子|芜菁子	yun tai zi	Brassica rapa	Viridiplantae
CHP05359	芸薹子油		yun tai zi you	Brassica rapa	Viridiplantae
CHP05360	芸香	臭草|三叉苦|三桠苦|白芸香	yun xiang	Melicope pteleifolia	Viridiplantae
CHP05361	芸香草	韭叶芸香草|芸香草油|云香草	yun xiang cao	Remote Lemongrass	Viridiplantae
CHP05362	杂交景天		za jiao jing tian	Phedimus hybridus	Viridiplantae
CHP05363	哉果		zai guo	Hymenidium hookeri	Viridiplantae
CHP05364	仔榄树		zai lan shu	Ceylon Hunteria	Viridiplantae
CHP05365	錾菜		zan cai	Leonurus macranthus	Viridiplantae
CHP05366	早禾树		zao he shu	Viburnum odoratissimum	Viridiplantae
CHP05367	枣树根		zao shu gen	Radix Ziziphi jujubae	Viridiplantae
CHP05368	枣树皮		zao shu pi	Cortex Ziziphi jujubae	Viridiplantae
CHP05369	枣叶	棘叶	zao ye	Folium Ziziphi Jujubae	Viridiplantae
CHP05370	皂荚	大皂荚|大皂角|皂角|皂角子	zao jia	Chinese HoneyIocust	Viridiplantae
CHP05371	皂荚叶		zao jia ye	Chinese Honeylocust Leaf	Viridiplantae
CHP05372	皂荚子		zao jia zi	Gleditsiae Sinensis Semen	Viridiplantae
CHP05373	皂角刺		zao jiao ci	Spina Gleditsiae	Viridiplantae
CHP05374	皂柳		zao liu	Salix wallichiana	Viridiplantae
CHP05375	皂柳根		zao liu gen	Radix Salicis Wallichianae	Viridiplantae
CHP05376	泽兰	地笋|半锯齿状泽兰	ze lan	Hirsute Shiny Bugleweed Herb	Viridiplantae
CHP05377	泽漆		ze qi	Euphorbiae Helioscopiae Herba	Viridiplantae
CHP05378	泽芹		ze qin	Sium suave	Viridiplantae
CHP05379	泽藓		ze xian	Philonotis fontana	Viridiplantae
CHP05380	泽泻	盐泽泻	ze xie	rhizome of Oriental Waterplantain	Viridiplantae
CHP05381	泽泻实		ze xie shi	Alisma plantago-aquatica	Viridiplantae
CHP05382	泽泻叶		ze xie ye	Alisma plantago-aquatica	Viridiplantae
CHP05383	泽珍珠菜	单条草	ze zhen zhu cai	Lysimachia candida	Viridiplantae
CHP05384	樝子		zha zi	Chaenomeles cathayensis	Viridiplantae
CHP05385	柞树皮		zha shu pi	Quercus mongolica	Viridiplantae
CHP05386	柞树叶		zha shu ye	Quercus mongolica	Viridiplantae
CHP05387	痄腮树		zha sai shu	Heliciopsis terminalis	Viridiplantae
CHP05388	窄叶南蛇藤		zhai ye nan she teng	Celastrus oblanceifolius	Viridiplantae
CHP05389	窄叶飘带草		zhai ye piao dai cao	Bupleurum candollei	Viridiplantae
CHP05390	窄叶鼠李		zhai ye shu li	Rhamnus erythroxylon	Viridiplantae
CHP05391	粘毛黄花稔		zhan mao huang hua ren	Sida mysorensis	Viridiplantae
CHP05392	粘毛鼠尾草		zhan mao shu wei cao	Roborowsk Sage	Viridiplantae
CHP05393	粘毛鼠尾草果		zhan mao shu wei cao guo	Salvia roborowskii	Viridiplantae
CHP05394	粘人草		zhan ren cao	Desmodium gangeticum	Viridiplantae
CHP05395	粘人花		zhan ren hua	Puhuaea sequax	Viridiplantae
CHP05396	粘人花根		zhan ren hua gen	Puhuaea sequax	Viridiplantae
CHP05397	粘山药		zhan shan yao	Dioscorea subcalva	Viridiplantae
CHP05398	斩龙草		zhan long cao	Jacobaea argunensis	Viridiplantae
CHP05399	展花乌头		zhan hua wu tou	Patentflower Monkshood	Viridiplantae
CHP05400	展枝唐松草	猫爪子	zhan zhi tang song cao	Spreading Meadowrue;Spreading Meadowrue*	Viridiplantae
CHP05401	獐耳细辛		zhang er xi xin	Hepatica nobilis	Viridiplantae
CHP05402	獐牙菜		zhang ya cai	False Chinese Swertia	Viridiplantae
CHP05403	樟梨	鳄梨	zhang li	Persea americana	Viridiplantae
CHP05404	樟梨子	樟树子	zhang li zi	Cinnamomum camphora	Viridiplantae
CHP05405	樟柳头		zhang liu tou	Canereed Spiralflag	Viridiplantae
CHP05406	樟木子		zhang mu zi	Cinnamomum camphora	Viridiplantae
CHP05407	樟木钻		zhang mu zuan	Illicium dunnianum	Viridiplantae
CHP05408	樟脑	樟脑油|白樟油|樟脑子	zhang nao	Camphorar	Viridiplantae
CHP05409	樟树皮		zhang shu pi	Camphortree Bark	Viridiplantae
CHP05410	长白楤木		zhang bai song mu	Aralia continentalis	Viridiplantae
CHP05411	长白假水晶兰		zhang bai jia shui jing lan	Monotropastrum humile	Viridiplantae
CHP05412	长瓣金莲花		zhang ban jin lian hua	Langpetal Globeflower	Viridiplantae
CHP05413	长瓣马铃苣苔		zhang ban ma ling ju tai	Oreocharis auricula	Viridiplantae
CHP05414	长柄车前蕨		zhang bing che qian jue	Antrophyum obovatum	Viridiplantae
CHP05415	长柄赤车		zhang bing chi che	Pellionia tsoongii	Viridiplantae
CHP05416	长柄秋海棠		zhang bing qiu hai tang	Begonia smithiana	Viridiplantae
CHP05417	长春花		chang chun hua	Madagascar Periwinkle	Viridiplantae
CHP05418	长春七		chang chun qi	Libanotis lancifolia	Viridiplantae
CHP05419	长刺卫矛		zhang ci wei mao	Euonymus wilsonii	Viridiplantae
CHP05420	长萼猪屎豆		zhang e zhu shi dou	Crotalaria calycina	Viridiplantae
CHP05421	长盖铁线蕨		zhang gai tie xian jue	Adiantum fimbriatum	Viridiplantae
CHP05422	长杆兰	山荸荠	zhang gan lan	Arundina graminifolia	Viridiplantae
CHP05423	长梗排草		zhang geng pai cao	Lysimachia longipes	Viridiplantae
CHP05424	长梗玄参		zhang geng xuan can	Scrophularia fargesii	Viridiplantae
CHP05425	长管蝙蝠草		zhang guan bian fu cao	Christia constricta	Viridiplantae
CHP05426	长管假茉莉		zhang guan jia mo li	Indian Glorybower	Viridiplantae
CHP05427	长管香茶菜		zhang guan xiang cha cai	Longtube Rabdosia	Viridiplantae
CHP05428	长果荜茇		zhang guo bi ba	Petrofracted Pepper	Viridiplantae
CHP05429	长果山橙		zhang guo shan cheng	Melodinus henryi Craib	Viridiplantae
CHP05430	长毛风毛菊		chang mao feng mao ju	Hawkweed-like Saussurea	Viridiplantae
CHP05431	长毛柃叶		chang mao ling ye	Eurya ciliata	Viridiplantae
CHP05432	长前胡		zhang qian hu	Radix Peucedani turgeniifolii	Viridiplantae
CHP05433	长筒马先蒿		zhang tong ma xian hao	Pedicularis longiflora	Viridiplantae
CHP05434	长瓦韦		zhang wa wei	Lepisorus pseudonudus	Viridiplantae
CHP05435	长尾复叶耳蕨		zhang wei fu ye er jue	Simple Arachniodes	Viridiplantae
CHP05436	长叶柄野扇花		zhang ye bing ye shan hua	Sarcococca longipetiolata	Viridiplantae
CHP05437	长叶丹参		zhang ye dan shen	Salvia liguliloba	Viridiplantae
CHP05438	长叶实蕨		zhang ye shi jue	Bolbitis heteroclita	Viridiplantae
CHP05439	长叶水麻		zhang ye shui ma	Longleaf Debregeasia	Viridiplantae
CHP05440	长叶竹根七		zhang ye zhu gen qi	Disporopsis longifolia	Viridiplantae
CHP05441	长圆叶艾纳香	大黄草	chang yuan ye ai na xiang	Blumea oblongifolia	Viridiplantae
CHP05442	掌裂秋海棠		zhang lie qiu hai tang	Begonia pedatifida	Viridiplantae
CHP05443	掌裂蟹甲草		zhang lie xie jia cao	Parasenecio palmatisectus	Viridiplantae
CHP05444	掌叶蓼		zhang ye liao	Polygonum palmatum	Viridiplantae
CHP05445	掌叶榕	五指毛桃果|五龙根|五指毛桃	zhang ye rong	Ficus simplicissima	Viridiplantae
CHP05446	掌羽凤尾蕨		zhang yu feng wei jue	Pteris dactylina	Viridiplantae
CHP05447	瘴气藤		zhang qi teng	Mucuna bracteata	Viridiplantae
CHP05448	沼生柳叶菜	水湿柳叶菜	zhao sheng liu ye cai	Epilobium palustre	Viridiplantae
CHP05449	沼生水马齿		zhao sheng shui ma chi	Callitriche palustris	Viridiplantae
CHP05450	照山白		zhao shan bai	Manchurian Rhododendron	Viridiplantae
CHP05451	柘耳		zhe er	Maclura tricuspidata	Viridiplantae
CHP05452	柘木		zhe mu	Maclura tricuspidata	Viridiplantae
CHP05453	柘木白皮		zhe mu bai pi	Maclura tricuspidata	Viridiplantae
CHP05454	柘树果实		zhe shu guo shi	Maclura tricuspidata	Viridiplantae
CHP05455	柘树茎叶		zhe shu jing ye	Maclura tricuspidata	Viridiplantae
CHP05456	浙贝母		zhe bei mu	bulb of Thunberg Fritillary	Viridiplantae
CHP05457	浙地黄		zhe di huang	Rehmannia chingii	Viridiplantae
CHP05458	浙江过路黄		zhe jiang guo lu huang	Lysimachia chekiangensis	Viridiplantae
CHP05459	浙江铃子香		zhe jiang ling zi xiang	Chelonopsis chekiangensis	Viridiplantae
CHP05460	浙雁皮		zhe yan pi	Wikstroemia pilosa	Viridiplantae
CHP05461	鹧鸪菜		zhe gu cai	Leprieur Caloglossa Frond	Algae
CHP05462	针叶火绒草		zhen ye huo rong cao	Leontopodium subulatum	Viridiplantae
CHP05463	珍珠菜		zhen zhu cai	Clethra Loosestrife	Viridiplantae
CHP05464	珍珠风		zhen zhu feng	Callicarpa bodinieri	Viridiplantae
CHP05465	珍珠梅		zhen zhu mei	Ural Falsespiraea Equivalent plant: Sorbaria arborea	Viridiplantae
CHP05466	珍珠伞	多斑紫金牛	zhen zhu san	Ardisia maculosa	Viridiplantae
CHP05467	真藓		zhen xian	Bryum argenteum	Viridiplantae
CHP05468	砧草		zhen cao	Galium boreale	Viridiplantae
CHP05469	榛子	川榛子	zhen zi	Corylus mandshurica	Viridiplantae
CHP05470	枕材		zhen cai	Pungent Litse	Viridiplantae
CHP05471	震天雷		zhen tian lei	Euphorbia hylonoma	Viridiplantae
CHP05472	支柱蓼	红三七	zhi zhu liao	Polygonum suffultum	Viridiplantae
CHP05473	芝麻菜	金堂葶苈	zhi ma cai	Roquette	Viridiplantae
CHP05474	芝麻壳		zhi ma ke	Agrimonia pilosa baicalein	Viridiplantae
CHP05475	枝儿条		zhi er tiao	Lespedeza davurica	Viridiplantae
CHP05476	知风草		zhi feng cao	Eragrostis ferruginea	Viridiplantae
CHP05477	知母	盐知母	zhi mu	Rhizoma Anemarrhenae	Viridiplantae
CHP05478	栀子	黄栀子|水栀|建栀|桅子|生栀子	zhi zi	fruit of Cape Jasmine	Viridiplantae
CHP05479	栀子根	栀子花根|水栀根	zhi zi gen	Gardenia jasminoides	Viridiplantae
CHP05480	栀子花		zhi zi hua	Flos Gardeniae var.	Viridiplantae
CHP05481	栀子叶	水栀叶	zhi zi ye	Cape Jasmine Leaf	Viridiplantae
CHP05482	蜘蛛抱蛋		zhi zhu bao dan	Common Aspidistra	Viridiplantae
CHP05483	蜘蛛草		zhi zhu cao	Peliosanthes macrophylla	Viridiplantae
CHP05484	蜘蛛果		zhi zhu guo	Campanumoea lancifolia	Viridiplantae
CHP05485	蜘蛛七		zhi zhu qi	Valeriana fauriei	Viridiplantae
CHP05486	蜘蛛香		zhi zhu xiang	Jatamans valeriana	Viridiplantae
CHP05487	直立婆婆纳		zhi li po po na	Common Speedwell	Viridiplantae
CHP05488	止痢蒿		zhi li hao	Ajuga campylantha	Viridiplantae
CHP05489	止泻木皮		zhi xie mu pi	Droughtdysentery Holarrhena Bark	Viridiplantae
CHP05490	止血丹		zhi xue dan	Emilia coccinea	Viridiplantae
CHP05491	指甲花叶		zhi jia hua ye	Henna Leaf	Viridiplantae
CHP05492	指天蕉		zhi tian jiao	Musa coccinea	Viridiplantae
CHP05493	枳根皮		zhi gen pi	Trifoliate-orange Root-bark	Viridiplantae
CHP05494	枳椇		zhi ju	Hovenia acerba	Viridiplantae
CHP05495	枳椇根		zhi ju gen	Japanese Raisin Tree Root	Viridiplantae
CHP05496	枳椇木皮		zhi ju mu pi	Hovenia trichocarpa	Viridiplantae
CHP05497	枳椇木汁		zhi ju mu zhi	Hovenia trichocarpa	Viridiplantae
CHP05498	枳椇叶		zhi ju ye	Hovenia trichocarpa	Viridiplantae
CHP05499	枳椇子		zhi ju zi	Semen Hoveniae	Viridiplantae
CHP05500	枳壳	麸炒枳壳	zhi ke	fruit of Seville orange	Viridiplantae
CHP05501	枳实	绿衣枳实	zhi shi	immature fruit of Seville orange	Viridiplantae
CHP05502	制川乌	黑顺片|制附片|附片|淡附片	zhi chuan wu	Prepared Monkshood Mother Root	Viridiplantae
CHP05503	栉叶蒿	篦齿蒿	zhi ye hao	Neopallasia pectinata	Viridiplantae
CHP05504	雉子筵		zhi zi yan	Potentilla fragarioides	Viridiplantae
CHP05505	雉子筵根		zhi zi yan gen	Potentilla fragarioides	Viridiplantae
CHP05506	中国繁缕		zhong guo fan lv	Stellaria chinensis Regel, 1862	Viridiplantae
CHP05507	中华剑蕨		zhong hua jian jue	Loxogramme chinensis	Viridiplantae
CHP05508	中华石楠		zhong hua shi nan	Photinia beauverdiana	Viridiplantae
CHP05509	中华蹄盖蕨		zhong hua ti gai jue	Athyrium sinense	Viridiplantae
CHP05510	钟萼木		zhong e mu	Bretschneidera sinensis	Viridiplantae
CHP05511	钟花草		zhong hua cao	Codonacanthus pauciflorus	Viridiplantae
CHP05512	肿柄菊		zhong bing ju	Yucatan Tithonia	Viridiplantae
CHP05513	肿柄菊叶		zhong bing ju ye	Tithonia diversifolia	Viridiplantae
CHP05514	肿足蕨	小金狗	zhong zu jue	Hypodematium crenatum	Viridiplantae
CHP05515	重楼	蚤休|七叶一枝花	zhong lou	Paris Root	Viridiplantae
CHP05516	重叶莲		zhong ye lian	Callianthemum taipaicum	Viridiplantae
CHP05517	周裂秋海棠		zhou lie qiu hai tang	Begonia circumlobata	Viridiplantae
CHP05518	周毛悬钩子		zhou mao xuan gou zi	Rubus amphidasys	Viridiplantae
CHP05519	皱杓兰		zhou biao lan	Cypripedium corrugatum	Viridiplantae
CHP05520	皱叶变豆菜		zhou ye bian dou cai	Sanicula rugulosa	Viridiplantae
CHP05521	皱叶狗尾草		zhou ye gou wei cao	Setaria plicata	Viridiplantae
CHP05522	皱叶南蛇藤		zhou ye nan she teng	Celastrus rugosus	Viridiplantae
CHP05523	皱叶鼠李		zhou ye shu li	Rhamnus rugulosa	Viridiplantae
CHP05524	皱叶香薷		zhou ye xiang ru	Elsholtzia splendens	Viridiplantae
CHP05525	皱叶子		zhou ye zi	Ainsliaea spicata	Viridiplantae
CHP05526	朱唇		zhu chun	Salvia coccinea	Viridiplantae
CHP05527	朱顶红		zhu ding hong	Hippeastrum vittatum	Viridiplantae
CHP05528	朱蕉		zhu jiao	Cordyline fruticosa	Viridiplantae
CHP05529	朱蕉花		zhu jiao hua	Cordyline fruticosa	Viridiplantae
CHP05530	朱兰		zhu lan	Pogonia japonica	Viridiplantae
CHP05531	朱砂根		zhu sha gen	Radix Ardisiae Crenatae	Viridiplantae
CHP05532	朱砂莲	水棉花|打破碗花花|秋牡丹根	zhu sha lian	Kaempfer Dutchmanspipe	Viridiplantae
CHP05533	朱砂藤	托腰散	zhu sha teng	Cynanchum officinale	Viridiplantae
CHP05534	茱卷皮		zhu juan pi	Machilus leptophylla	Viridiplantae
CHP05535	茱苓草		zhu ling cao	Gentiana apiata	Viridiplantae
CHP05536	珠果黄紫堇		zhu guo huang zi jin	Corydalis speciosa	Viridiplantae
CHP05537	珠兰		zhu lan	Chloranthus spicatus	Viridiplantae
CHP05538	珠兰根		zhu lan gen	Chloranthus spicatus	Viridiplantae
CHP05539	珠芽半支	珠芽半枝|小箭草	zhu ya ban zhi	Sedum bulbiferum	Viridiplantae
CHP05540	珠芽蓼	蝎子七	zhu ya liao	Bistorta macrophylla	Viridiplantae
CHP05541	珠子参		zhu zi can	Largeleaf japanese ginseng rhizome	Viridiplantae
CHP05542	珠子草		zhu zi cao	Nirur Leafflower	Viridiplantae
CHP05543	猪肚木		zhu du mu	Canthium horridum	Viridiplantae
CHP05544	猪獠参		zhu liao can	Platanthera minor	Viridiplantae
CHP05545	猪蓼子草		zhu liao zi cao	Persicaria nodosa	Viridiplantae
CHP05546	猪笼草		zhu long cao	Nepenthes mirabilis	Viridiplantae
CHP05547	猪毛菜		zhu mao cai	Common Russianthistle	Viridiplantae
CHP05548	猪毛蒿		zhu mao hao	Artemisia scoparia	Viridiplantae
CHP05549	猪毛蕨		zhu mao jue	Microsorum cuspidatum	Viridiplantae
CHP05550	猪毛七		zhu mao qi	Adiantum edentulum	Viridiplantae
CHP05551	猪毛针		zhu mao zhen	Adiantum capillus-junonis	Viridiplantae
CHP05552	猪母柴根		zhu mu chai gen	Viburnum lancifolium	Viridiplantae
CHP05553	猪屎豆		zhu shi dou	Striped Crotalaria	Viridiplantae
CHP05554	猪牙皂		zhu ya zao	Chinese Honeylocust Abnormal Fruit	Viridiplantae
CHP05555	猪殃殃	八仙草	zhu yang yang	Galium aparine	Viridiplantae
CHP05556	猪仔笠		zhu zai li	Eriosema chinense	Viridiplantae
CHP05557	猪鬃草	铁线蕨	zhu zong cao	Southern Maidenhair	Viridiplantae
CHP05558	猪鬃凤尾蕨		zhu zong feng wei jue	Pteris actiniopteroides	Viridiplantae
CHP05559	猪鬃刚		zhu zong gang	Adiantum davidii	Viridiplantae
CHP05560	槠子		zhu zi	Castanopsis sclerophylla	Viridiplantae
CHP05561	槠子皮叶		zhu zi pi ye	Castanopsis sclerophylla	Viridiplantae
CHP05562	竹柏		zhu bai	Nagai Podocarpus	Viridiplantae
CHP05563	竹柏根		zhu bai gen	Nagai Podocarpus Root	Viridiplantae
CHP05564	竹根七		zhu gen qi	Disporopsis fuscopicta	Viridiplantae
CHP05565	竹节参	珠儿参|狭叶竹节参	zhu jie can	Pacis Japonici Rhizoma	Viridiplantae
CHP05566	竹节草	竹节菜|鸭拓草	zhu jie cao	Commelina diffusa	Viridiplantae
CHP05567	竹节海棠		zhu jie hai tang	Begonia maculata	Viridiplantae
CHP05568	竹节人参叶	珠儿参叶	zhu jie ren shen ye	Panax japonicus	Viridiplantae
CHP05569	竹节树		zhu jie shu	Carallia brachiata	Viridiplantae
CHP05570	竹卷心		zhu juan xin	Phyllostachys nigra	Viridiplantae
CHP05571	竹兰草		zhu lan cao	Herminium coiloglossum	Viridiplantae
CHP05572	竹沥	竹沥油|鲜竹沥	zhu li	Bamboo juice	Viridiplantae
CHP05573	竹林霄	竹凌霄	zhu lin xiao	Disporum bodinieri	Viridiplantae
CHP05574	竹茹		zhu ru	Caulis Bambusae in Taenia	Viridiplantae
CHP05575	竹头草	棕叶狗尾草	zhu tou cao	Setaria palmifolia	Viridiplantae
CHP05576	竹叶		zhu ye	Phyllostachys nigra	Viridiplantae
CHP05577	竹叶艾		zhu ye ai	Conyza sumatrensis	Viridiplantae
CHP05578	竹叶菜		zhu ye cai	Cyanotis cristata	Viridiplantae
CHP05579	竹叶参		zhu ye can	Disporum cantoniense	Viridiplantae
CHP05580	竹叶草		zhu ye cao	Oplismenus compositus	Viridiplantae
CHP05581	竹叶柴胡		zhu ye chai hu	Bambooleaf Thorowax	Viridiplantae
CHP05582	竹叶椒		zhu ye jiao	Bambooleaf Pricklyash	Viridiplantae
CHP05583	竹叶椒根		zhu ye jiao gen	Bambooleaf Pricklyash Root	Viridiplantae
CHP05584	竹叶椒叶		zhu ye jiao ye	Zanthoxylum armatum	Viridiplantae
CHP05585	竹叶蕉		zhu ye jiao	Donax canniformis	Viridiplantae
CHP05586	竹叶莲		zhu ye lian	Pollia japonica	Viridiplantae
CHP05587	竹叶马豆	五脉山黧豆	zhu ye ma dou	Lathyrus quinquenervius	Viridiplantae
CHP05588	竹叶子		zhu ye zi	Streptolirion volubile	Viridiplantae
CHP05589	竹衣		zhu yi	Phyllostachys sulphurea	Viridiplantae
CHP05590	竹芋		zhu yu	Maranta arundinacea	Viridiplantae
CHP05591	苎麻	伏毛苎麻	zhu ma	Boehmeria nivea	Viridiplantae
CHP05592	苎麻根	青叶苎麻根	zhu ma gen	Ramine root	Viridiplantae
CHP05593	苎麻梗		zhu ma geng	Boehmeria nivea	Viridiplantae
CHP05594	苎麻花	苎花	zhu ma hua	Boehmeria nivea	Viridiplantae
CHP05595	苎麻叶		zhu ma ye	Boehmeria nivea	Viridiplantae
CHP05596	柱果木榄果		zhu guo mu lan guo	Bruguiera cylindrica	Viridiplantae
CHP05597	柱果木榄叶		zhu guo mu lan ye	Bruguiera cylindrica	Viridiplantae
CHP05598	柱果铁线莲		zhu guo tie xian lian	Clematis uncinata	Viridiplantae
CHP05599	抓地虎		zhua di hu	Botrychium strictum	Viridiplantae
CHP05600	抓地龙		zhua di long	Asparagus brachyphyllus	Viridiplantae
CHP05601	装饰卷柏		zhuang shi juan bai	Selaginella compta	Viridiplantae
CHP05602	壮筋草		zhuang jin cao	Campylotropis macrocarpa	Viridiplantae
CHP05603	追风伞	四块瓦	zhui feng san	Lysimachia paridiformis	Viridiplantae
CHP05604	锥连栎	椎连栎	zhui lian li	Quercus franchetii	Viridiplantae
CHP05605	坠桃草		zhui tao cao	Microtis unifolia	Viridiplantae
CHP05606	准噶尔鸢尾		zhun ga er yuan wei	Iris songarica	Viridiplantae
CHP05607	孜然		zi ran	Cuminum cyminum	Viridiplantae
CHP05608	子楝树根		zi lian shu gen	Decaspermum gracilentum	Viridiplantae
CHP05609	子楝树叶		zi lian shu ye	Decaspermum gracilentum	Viridiplantae
CHP05610	姊妹树		zi mei shu	Garden Millingtonia	Viridiplantae
CHP05611	梓白皮		zi bai pi	Cortex Catalpae	Viridiplantae
CHP05612	梓木		zi mu	Ovate Catalpa	Viridiplantae
CHP05613	梓实		zi shi	Ovate Catalpa Fruit	Viridiplantae
CHP05614	梓树		zi shu	Catalpa ovata	Viridiplantae
CHP05615	梓叶		zi ye	Ovate Catalpa Leaf	Viridiplantae
CHP05616	紫背草	裸茎千里光	zi bei cao	Senecio nudicaulis	Viridiplantae
CHP05617	紫背草根		zi bei cao gen	Senecio nudicaulis	Viridiplantae
CHP05618	紫背黄芩	挖耳草	zi bei huang qin	Discolored Skullcap	Viridiplantae
CHP05619	紫背金盘草	破血丹	zi bei jin pan cao	Ajuga nipponensis	Viridiplantae
CHP05620	紫背天葵草根		zi bei tian kui cao gen	Senecio nudicaulis	Viridiplantae
CHP05621	紫菜		zi cai	Laver	Algae
CHP05622	紫参		zi can	Salvia chinensis	Viridiplantae
CHP05623	紫草	藏紫草|紫草茸|新疆紫草|滇紫草	zi cao	Radix Arnebiae	Viridiplantae
CHP05624	紫弹树		zi dan shu	Celtis biondii	Viridiplantae
CHP05625	紫弹树根皮		zi dan shu gen pi	Celtis biondii	Viridiplantae
CHP05626	紫弹树叶		zi dan shu ye	Celtis biondii	Viridiplantae
CHP05627	紫弹树枝		zi dan shu zhi	Celtis biondii	Viridiplantae
CHP05628	紫地榆	赤地榆	zi di yu	Geranium delavayi	Viridiplantae
CHP05629	紫靛		zi dian	Barleria cristata	Viridiplantae
CHP05630	紫丁香		zi ding xiang	Early Lilac	Viridiplantae
CHP05631	紫杜鹃	岭南杜鹃	zi du juan	Rhododendron mariae	Viridiplantae
CHP05632	紫椴		zi duan	Tilia amurensis	Viridiplantae
CHP05633	紫红鞭		zi hong bian	Pseudocaryopteris paniculata	Viridiplantae
CHP05634	紫红獐牙菜	淡黄獐牙菜	zi hong zhang ya cai	Scarlet Swertia	Viridiplantae
CHP05635	紫花地丁	瓮菜癀|地草果	zi hua di ding	Herba Violae	Viridiplantae
CHP05636	紫花芥子		zi hua jie zi	Malcolmia africana	Viridiplantae
CHP05637	紫花堇菜	地黄瓜	zi hua jin cai	Viola grypoceras	Viridiplantae
CHP05638	紫花景天	石蝴蝶	zi hua jing tian	Purpleflower Stonecrop	Viridiplantae
CHP05639	紫花苣苔		zi hua ju tai	Loxostigma griffithii	Viridiplantae
CHP05640	紫花络石		zi hua luo shi	Trachelospermum axillare	Viridiplantae
CHP05641	紫花卫矛		zi hua wei mao	Euonymus porphyreus	Viridiplantae
CHP05642	紫花一炷香		zi hua yi zhu xiang	Pogostemon nigrescens	Viridiplantae
CHP05643	紫藿香	毛叶柿叶	zi huo xiang	Diospyros dumetorum	Viridiplantae
CHP05644	紫金标		zi jin biao	Ceratostigma minus	Viridiplantae
CHP05645	紫金莲		zi jin lian	Willmott Ceratostigma Equivalent plant; Ceratostigma plumbaginoides; Willmott Ceratostigma	Viridiplantae
CHP05646	紫金牛	紫背绿|矮地茶	zi jin niu	Herba Ardisiae japonicae	Viridiplantae
CHP05647	紫金牛根		zi jin niu gen	Japanese Ardisia Root	Viridiplantae
CHP05648	紫金沙		zi jin sha	Pternopetalum vulgare	Viridiplantae
CHP05649	紫金血藤	黄皮血藤	zi jin xue teng	Schisandra henryi	Viridiplantae
CHP05650	紫堇	凹陷紫堇	zi jin	Corydalis edulis	Viridiplantae
CHP05651	紫堇花		zi jin hua	Corydalis edulis	Viridiplantae
CHP05652	紫茎	帽兰	zi jing	Stewartia rostrata	Viridiplantae
CHP05653	紫茎牙痛草		zi jing ya tong cao	Pterygiella duclouxii	Viridiplantae
CHP05654	紫荆根		zi jing gen	Cercis chinensis	Viridiplantae
CHP05655	紫荆果		zi jing guo	Cercis chinensis	Viridiplantae
CHP05656	紫荆花		zi jing hua	Cercis chinensis	Viridiplantae
CHP05657	紫荆木		zi jing mu	Cercis chinensis	Viridiplantae
CHP05658	紫荆皮		zi jing pi	Cercis chinensis	Viridiplantae
CHP05659	紫桔梗	白升麻	zi jie geng	Delphinium delavayi	Viridiplantae
CHP05660	紫绿草		zi lv cao	Pilea sinofasciata	Viridiplantae
CHP05661	紫麻		zi ma	Oreocnide frutescens	Viridiplantae
CHP05662	紫茉莉	喜玛拉雅紫茉莉|喜马拉雅紫茉莉|牛大力	zi mo li	Mirabilis himalaica	Viridiplantae
CHP05663	紫茉莉根		zi mo li gen	Common Four-o’clock Root	Viridiplantae
CHP05664	紫茉莉叶		zi mo li ye	Common Four-o’clock Leaf	Viridiplantae
CHP05665	紫茉莉子		zi mo li zi	Mirabilis jalapa	Viridiplantae
CHP05666	紫木通		zi mu tong	Clematis loureiroana	Viridiplantae
CHP05667	紫楠		zi nan	Phoebe sheareri	Viridiplantae
CHP05668	紫楠根		zi nan gen	Phoebe sheareri	Viridiplantae
CHP05669	紫楠叶		zi nan ye	Phoebe sheareri	Viridiplantae
CHP05670	紫萁	紫萁贯众	zi qi	Japanese Osmunda Frond	Viridiplantae
CHP05671	紫萁苗		zi qi miao	Osmunda japonica	Viridiplantae
CHP05672	紫青藤		zi qing teng	Berchemia kulingensis	Viridiplantae
CHP05673	紫青藤根		zi qing teng gen	Berchemia kulingensis	Viridiplantae
CHP05674	紫色翼萼		zi se yi e	Torenia violacea	Viridiplantae
CHP05675	紫杉	东北红豆杉	zi shan	Japanese Yew	Viridiplantae
CHP05676	紫苏	白苏|回回苏|尖紫苏|紫苏油	zi su	Perilla Frutescens;Acute Common PeriIIa;Common PeriIIa	Viridiplantae
CHP05677	紫苏苞		zi su bao	Calyx Perillae frutescentis	Viridiplantae
CHP05678	紫苏梗	白苏梗	zi su geng	Common Perilla Stem Equivalent plant: Perilla frutescens var crispa	Viridiplantae
CHP05679	紫苏叶	白苏叶|紫苏叶油	zi su ye	Common Perilla Leaf Equivalent plant: Perilla frutescens var acuta;Common Perilla Leaf;Acute Common PeriIIa Leaf	Viridiplantae
CHP05680	紫苏子	白苏子|紫苏子油	zi su zi	Perilia Fruit	Viridiplantae
CHP05681	紫穗槐		zi sui huai	Indigobush Amorpha	Viridiplantae
CHP05682	紫檀	紫檀香	zi tan	Burmacoast Padauk;Osun Padauk	Viridiplantae
CHP05683	紫藤		zi teng	Chinese Wisteria	Viridiplantae
CHP05684	紫藤根		zi teng gen	Radix Wisteriae sinensis	Viridiplantae
CHP05685	紫藤子		zi teng zi	Chinese Wisteria Seed	Viridiplantae
CHP05686	紫筒草		zi tong cao	Stenosolenium saxatile	Viridiplantae
CHP05687	紫菀	蜜紫菀|紫菀花|紫苑	zi wan	Radix et Rhizoma Asteris	Viridiplantae
CHP05688	紫葳根		zi wei gen	Common Crapemyrtle Root	Viridiplantae
CHP05689	紫葳茎叶		zi wei jing ye	Chinese Trumpetcreeper Stem-leaf	Viridiplantae
CHP05690	紫薇		zi wei	Lagerstroemia indica	Viridiplantae
CHP05691	紫薇根		zi wei gen	Common CrapemyrtIe Root	Viridiplantae
CHP05692	紫薇花		zi wei hua	Common Crapemyrtle Flower	Viridiplantae
CHP05693	紫薇皮		zi wei pi	Lagerstroemia indica	Viridiplantae
CHP05694	紫薇叶		zi wei ye	Common Crapemyrtle Leaf	Viridiplantae
CHP05695	紫雪花		zi xue hua	Indian Leadword	Viridiplantae
CHP05696	紫鸭跖草		zi ya zhi cao	Tradescantia virginiana	Viridiplantae
CHP05697	紫燕草		zi yan cao	Lobelia taliensis	Viridiplantae
CHP05698	紫阳花		zi yang hua	Hydrangea moellendorffii	Viridiplantae
CHP05699	紫叶秋海棠		zi ye qiu hai tang	Begonia rex	Viridiplantae
CHP05700	紫油木		zi you mu	Pistacia weinmaniifolia	Viridiplantae
CHP05701	紫油木皮		zi you mu pi	Pistacia weinmaniifolia	Viridiplantae
CHP05702	紫油木叶		zi you mu ye	Pistacia weinmaniifolia	Viridiplantae
CHP05703	紫柚木		zi you mu	Tectona grandis	Viridiplantae
CHP05704	紫玉盘	暗紫玉盘	zi yu pan	Uvaria macrophylla	Viridiplantae
CHP05705	紫玉簪		zi yu zan	Hosta ventricosa	Viridiplantae
CHP05706	紫玉簪根		zi yu zan gen	Hosta ventricosa	Viridiplantae
CHP05707	紫玉簪叶		zi yu zan ye	Hosta ventricosa	Viridiplantae
CHP05708	紫芋		zi yu	Colocasia tonoimo	Viridiplantae
CHP05709	紫云菜	紫云英马蓝	zi yun cai	Strobilanthes oligantha	Viridiplantae
CHP05710	紫云英	红花菜	zi yun ying	Chinese MiIkvetch	Viridiplantae
CHP05711	紫云英子		zi yun ying zi	Chinese Milkvetch Seed	Viridiplantae
CHP05712	紫珠	紫珠草	zi zhu	leaf of taiwan beautyberry	Viridiplantae
CHP05713	紫珠叶	紫珠草叶	zi zhu ye	Callicarpa formosana	Viridiplantae
CHP05714	自扣草		zi kou cao	Canton Buttercup	Viridiplantae
CHP05715	自来血		zi lai xue	Ophiorrhiza umbricola	Viridiplantae
CHP05716	自消容		zi xiao rong	Caulis et Folium Crotalaria assamicae	Viridiplantae
CHP05717	自消容根	马铃根	zi xiao rong gen	Radix Crotalaria assamicae	Viridiplantae
CHP05718	棕榈	棕榈炭	zong lv	Fortune Windmillpalm Petiole	Viridiplantae
CHP05719	棕榈根		zong lv gen	Trachycarpus fortunei	Viridiplantae
CHP05720	棕榈花		zong lv hua	Trachycarpus fortunei	Viridiplantae
CHP05721	棕榈皮	棕板	zong lv pi	Fortune Windmillpalm	Viridiplantae
CHP05722	棕榈叶		zong lv ye	Trachycarpus fortunei	Viridiplantae
CHP05723	棕榈子		zong lv zi	Trachycarpus fortunei	Viridiplantae
CHP05724	棕树心		zong shu xin	Trachycarpus fortunei	Viridiplantae
CHP05725	棕叶芦		zong ye lu	Thysanolaena latifolia	Viridiplantae
CHP05726	棕叶七		zong ye qi	Calanthe alismifolia	Viridiplantae
CHP05727	棕竹		zong zhu	Rhapis excelsa	Viridiplantae
CHP05728	棕竹根		zong zhu gen	Rhapis excelsa	Viridiplantae
CHP05729	总状绿绒蒿	雪参|总序绿绒蒿|多刺绿绒蒿	zong zhuang lv rong hao	Meconopsis horridula	Viridiplantae
CHP05730	总状升麻		zong zhuang sheng ma	Racemose Bugbane	Viridiplantae
CHP05731	总状土木香		zong zhuang tu mu xiang	Racemose Inula	Viridiplantae
CHP05732	走茎丹参		zou jing dan shen	Salvia substolonifera	Viridiplantae
CHP05733	走马风		zou ma feng	Blumea laciniata	Viridiplantae
CHP05734	走马芹		zou ma qin	Paucivitat Cowparsnip	Viridiplantae
CHP05735	走马胎		zou ma tai	Ardisia gigantifolia	Viridiplantae
CHP05736	走马胎叶		zou ma tai ye	Ardisia gigantifolia	Viridiplantae
CHP05737	祖师麻	祖司麻	zu shi ma	Daphne retusa	Viridiplantae
CHP05738	钻地风		zuan di feng	Hydrangea ampla	Viridiplantae
CHP05739	醉魂藤		zui hun teng	Heterostemma alatum	Viridiplantae
CHP05740	醉马草		zui ma cao	Oxytropis glabra	Viridiplantae
CHP05741	醉鱼草		zui yu cao	Buddleja lindleyana	Viridiplantae
CHP05742	醉鱼草花		zui yu cao hua	Buddleja lindleyana	Viridiplantae
CHP05743	醉针茅		zui zhen mao	Achnatherum inebrians	Viridiplantae
CHP05744	醉针茅根	药老	zui zhen mao gen	Achnatherum inebrians	Viridiplantae
CHP05745	酢浆草	酢酱草	cu jiang cao	Creeping Oxalis	Viridiplantae
CHP05746	阿胶	阿胶珠|阿胶液|驴皮	e jiao	Donkey hide gelatin	Metazoa
CHP05747	白丁香		bai ding xiang	Passer montanus	Metazoa
CHP05748	白粉蝶		bai fen die	Pieris rapae	Metazoa
CHP05749	白螺蛳壳		bai luo si ke	Bellamya quadrata	Metazoa
CHP05750	白鹇		bai xian	Lophura nycthemera	Metazoa
CHP05751	白鱼		bai yu	Erythroculter ilishaeformis	Metazoa
CHP05752	百花锦蛇		bai hua jin she	Elaphe moellendorffi	Metazoa
CHP05753	斑鸠		ban jiu	Rufous Turtle Dove	Metazoa
CHP05754	斑蝥	斑蟊|斑螫	ban mao	Mylabris	Metazoa
CHP05755	蚌粉		bang fen	Cristaria plicata	Metazoa
CHP05756	蚌泪		bang lei	Cristaria plicata	Metazoa
CHP05757	蚌肉	蚌	bang rou	Cristaria plicata	Metazoa
CHP05758	豹骨	豹骨汁	bao gu	Os Pardi	Metazoa
CHP05759	贝齿		bei chi	Monetaria moneta	Metazoa
CHP05760	贝子		bei zi	Monetaria moneta	Metazoa
CHP05761	壁虎		bi hu	Gekko japonicus	Metazoa
CHP05762	壁钱		bi qian	Uroctea compactilis	Metazoa
CHP05763	鷩雉		bi zhi	Chrysolophus pictus	Metazoa
CHP05764	蝙蝠		bian fu	Murina leucogaster	Metazoa
CHP05765	鳖胆		bie dan	Trionyx sinensis	Metazoa
CHP05766	鳖甲	醋鳖甲|鳖甲胶|鳖	bie jia	Turtle Shell	Metazoa
CHP05767	鳖卵		bie luan	Trionyx sinensis	Metazoa
CHP05768	鳖肉		bie rou	Trionyx sinensis	Metazoa
CHP05769	鳖头		bie tou	Trionyx sinensis	Metazoa
CHP05770	鳖血		bie xue	Trionyx sinensis	Metazoa
CHP05771	鳖脂		bie zhi	Trionyx sinensis	Metazoa
CHP05772	蚕蛾	蚕蛾油|原蚕蛾|蚕蛾渣	can e	Silkworm	Metazoa
CHP05773	蚕蜕	蚕退纸	can tui	Bombyx mori	Metazoa
CHP05774	蚕蛹	蚕茧	can yong	Bombyx mori	Metazoa
CHP05775	草蜘蛛		cao zhi zhu	Agelena labyrinthica	Metazoa
CHP05776	豺皮		chai pi	Cuon alpinus	Metazoa
CHP05777	豺肉		chai rou	Cuon alpinus	Metazoa
CHP05778	蝉蜕	蝉脱	chan tui	Cicada Slough	Metazoa
CHP05779	蟾蜍		chan chu	Toad	Metazoa
CHP05780	蟾皮	蟾干皮|干蟾皮	chan pi	Toad Skin	Metazoa
CHP05781	蟾舌		chan she	Bufo bufo gargarizans	Metazoa
CHP05782	蟾酥	制蟾酥	chan su	Venenum Bufonis	Metazoa
CHP05783	蟾头		chan tou	Bufo bufo gargarizans	Metazoa
CHP05784	车螯		che ao	Hippopus hippopus	Metazoa
CHP05785	砗磲		che qu	Tridacna squamosa	Metazoa
CHP05786	陈火腿骨		chen huo tui gu	Sus scrofa domestica	Metazoa
CHP05787	鸱骨		chi gu	Circus cyaneus	Metazoa
CHP05788	鸱肉		chi rou	Circus cyaneus	Metazoa
CHP05789	鸱头		chi tou	Circus cyaneus	Metazoa
CHP05790	虫白蜡		chong bai la	Cera Chinensis Wax	Metazoa
CHP05791	穿山甲	炮山甲|醋山甲	chuan shan jia	Squama Manitis	Metazoa
CHP05792	刺猬皮		ci wei pi	Hedgedog Skin	Metazoa
CHP05793	玳瑁		dai mao	Carapax Eretmochelydis	Metazoa
CHP05794	淡菜		dan cai	Mytilus edulis	Metazoa
CHP05795	地龙	鲜地龙|广地龙|蚯蚓	di long	Earthworm	Metazoa
CHP05796	灯心柳珊瑚	越王余筭	deng xin liu shan hu	Junceella juncea	Metazoa
CHP05797	鸐雉		di zhi	Syrmaticus reevesii	Metazoa
CHP05798	东北鼢鼠		dong bei fen shu	Myospalax psilurus	Metazoa
CHP05799	鹅		e	Anser cygnoides orientalis	Metazoa
CHP05800	鹅臎		e cui	Anser cygnoides orientalis	Metazoa
CHP05801	鹅胆		e dan	Anser cygnoides orientalis	Metazoa
CHP05802	鹅毛		e mao	Anser cygnoides orientalis	Metazoa
CHP05803	蜂毒		feng du	Apisin	Metazoa
CHP05804	蜂房		feng fang	Nidus Vespae	Metazoa
CHP05805	蜂胶		feng jiao	Propolis	Metazoa
CHP05806	蜂蜡		feng la	Beeswax	Metazoa
CHP05807	蜂蜜	蜂乳	feng mi	Mel	Metazoa
CHP05808	凤凰衣		feng huang yi	Gallus gallus domesticus	Metazoa
CHP05809	凫羽		fu yu	Anas platyrhynchos	Metazoa
CHP05810	蝮蛇		fu she	Agkistrodon halys	Metazoa
CHP05811	蝮蛇胆		fu she dan	Agkistrodon halys	Metazoa
CHP05812	蝮蛇骨		fu she gu	Agkistrodon halys	Metazoa
CHP05813	蝮蛇蜕皮		fu she tui pi	Agkistrodon halys	Metazoa
CHP05814	蝮蛇脂		fu she zhi	Agkistrodon halys	Metazoa
CHP05815	干蟾		gan chan	Bufo bufo gargarizans	Metazoa
CHP05816	葛上亭长		ge shang ting zhang	Epicauta gorhami	Metazoa
CHP05817	公鱼		gong yu	Schizothorax yunnanensis	Metazoa
CHP05818	狗宝		gou bao	Canis familiaris	Metazoa
CHP05819	狗胆		gou dan	Canis familiaris	Metazoa
CHP05820	狗肝		gou gan	Canis familiaris	Metazoa
CHP05821	狗骨		gou gu	Canis lupus	Metazoa
CHP05822	狗母鱼		gou mu yu	Trachinocephalus myops	Metazoa
CHP05823	狗脑		gou nao	Canis familiaris	Metazoa
CHP05824	狗肉		gou rou	Canis familiaris	Metazoa
CHP05825	狗乳汁		gou ru zhi	Canis familiaris	Metazoa
CHP05826	狗蹄		gou ti	Canis familiaris	Metazoa
CHP05827	狗头骨		gou tou gu	Canis familiaris	Metazoa
CHP05828	鹳骨		guan gu	Ciconia ciconia boyciana	Metazoa
CHP05829	鹳肉		guan rou	Ciconia ciconia	Metazoa
CHP05830	龟版胶		gui ban jiao	Chinemys reevesii	Metazoa
CHP05831	龟甲	龟板|龟版|醋龟甲	gui jia	Tortoise Shell	Metazoa
CHP05832	龟甲胶	龟板胶	gui jia jiao	Mauremys reevesii	Metazoa
CHP05833	龟肉		gui rou	Chinemys reevesii	Metazoa
CHP05834	蛤蚧		ge jie	Gecko	Metazoa
CHP05835	蛤壳		ha ke	Meretrix meretrix	Metazoa
CHP05836	蛤蟆油		ha ma you	Forest Frog's Oviduct	Metazoa
CHP05837	海参	岩参	hai shen	Sea Cucumber	Metazoa
CHP05838	海狗肾		hai gou shen	Phoca vitulina	Metazoa
CHP05839	海龙		hai long	Pipe Fish	Metazoa
CHP05840	海马		hai ma	Hippocampus kuda	Metazoa
CHP05841	海螵蛸		hai piao shao	Endoconcha Sepiae	Metazoa
CHP05842	海星		hai xing	Craspidaster hesperus	Metazoa
CHP05843	海燕		hai yan	Patiria pectinifera	Metazoa
CHP05844	豪猪肉		hao zhu rou	Hystrix brachyura	Metazoa
CHP05845	鹤骨		he gu	Grus japonensis	Metazoa
CHP05846	鹤脑		he nao	Grus japonensis	Metazoa
CHP05847	鹤肉		he rou	Grus japonensis	Metazoa
CHP05848	黑蚂蚁		hei ma yi	Silky Ant	Metazoa
CHP05849	黑水鸡		hei shui ji	Gallinula chloropus	Metazoa
CHP05850	红毛鸡		hong mao ji	Centropus sinensis	Metazoa
CHP05851	红娘子		hong niang zi	Red Lady-bug	Metazoa
CHP05852	猴骨		hou gu	Macaca mulatta	Metazoa
CHP05853	猴枣		hou zao	Macacae Calcalus Gasteris	Metazoa
CHP05854	鲎尾		hou wei	Tachypleus tridentatus	Metazoa
CHP05855	狐肠		hu chang	Vulpes vulpes	Metazoa
CHP05856	狐胆		hu dan	Vulpes vulpes	Metazoa
CHP05857	狐肝		hu gan	Vulpes vulpes	Metazoa
CHP05858	狐肉		hu rou	Vulpes vulpes	Metazoa
CHP05859	狐头		hu tou	Vulpes vulpes	Metazoa
CHP05860	狐心		hu xin	Vulpes vulpes	Metazoa
CHP05861	虎骨	虎骨胶	hu gu	Os Tigridis	Metazoa
CHP05862	虎肉		hu rou	Panthera tigris	Metazoa
CHP05863	花姬蛙		hua ji wa	Microhyla pulchra	Metazoa
CHP05864	獾肉		huan rou	Meles meles	Metazoa
CHP05865	獾油		huan you	Meles meles	Metazoa
CHP05866	鲩鱼		huan yu	Ctenopharyngodon idllus	Metazoa
CHP05867	鲩鱼胆		huan yu dan	Ctenopharyngodon idella	Metazoa
CHP05868	黄明胶		huang ming jiao	Bos taurus	Metazoa
CHP05869	黄颡鱼		huang sang yu	Tachysurus fulvidraco	Metazoa
CHP05870	黄鳝	鳝鱼	huang shan	Monopterus albus	Metazoa
CHP05871	黄梢蛇		huang shao she	Ptyas korros	Metazoa
CHP05872	黄羊角		huang yang jiao	Procapra gutturosa	Metazoa
CHP05873	黄鼬		huang you	Mustela sibirica	Metazoa
CHP05874	蝗虫		huang chong	Grasshopper	Metazoa
CHP05875	火腿		huo tui	Sus scrofa domestica	Metazoa
CHP05876	鸡肠		ji chang	Gallus gallus domesticus	Metazoa
CHP05877	鸡胆		ji dan	Chicken Bile	Metazoa
CHP05878	鸡蛋壳		ji dan ke	Gallus gallus domesticus	Metazoa
CHP05879	鸡肝		ji gan	Gallus gallus domesticus	Metazoa
CHP05880	鸡脑		ji nao	Gallus gallus domesticus	Metazoa
CHP05881	鸡内金	醋鸡内金|内金	ji na jin	Chicken’s Gizzard Endothelium	Metazoa
CHP05882	鸡肉		ji rou	Gallus gallus domesticus	Metazoa
CHP05883	鸡屎白		ji shi bai	Gallus gallus domesticus	Metazoa
CHP05884	鸡头		ji tou	Gallus gallus domesticus	Metazoa
CHP05885	鸡血		ji xue	Gallus gallus domesticus	Metazoa
CHP05886	鸡子		ji zi	Gallus gallus	Metazoa
CHP05887	鸡子白		ji zi bai	Hen’s Egg-albumen	Metazoa
CHP05888	鸡子黄		ji zi huang	Hen's Egg YoIk	Metazoa
CHP05889	鸡子壳		ji zi ke	Hen’s Egg Shell	Metazoa
CHP05890	棘胸蛙		ji xiong wa	Quasipaa spinosa	Metazoa
CHP05891	鲫鱼		ji yu	Carassius auratus	Metazoa
CHP05892	鲫鱼胆		ji yu dan	Carassius auratus	Metazoa
CHP05893	鲫鱼脑		ji yu nao	Carassius auratus	Metazoa
CHP05894	夹蛇龟肉		jia she gui rou	Cuora trifasciata	Metazoa
CHP05895	甲香		jia xiang	Turbo cornutus	Metazoa
CHP05896	僵蚕	僵蛹|白僵蚕	jiang can	Stiff Silkworm	Metazoa
CHP05897	鲛鱼皮		jiao yu pi	Mustelus manazo	Metazoa
CHP05898	角螺厣		jiao luo yan	Hemifusus tuba	Metazoa
CHP05899	金环蛇		jin huan she	Bungarus fasciatus	Metazoa
CHP05900	金钱白花蛇	白花蛇	jin qian bai hua she	Bungarus multicinctus	Metazoa
CHP05901	九香虫		jiu xiang chong	Stink-bug	Metazoa
CHP05902	蝌蚪		ke dou	Rana nigromaculata	Metazoa
CHP05903	狼膏		lang gao	Canis lupus	Metazoa
CHP05904	狼喉靥		lang hou ye	Canis lupus	Metazoa
CHP05905	狼肉		lang rou	Canis lupus	Metazoa
CHP05906	狼油		lang you	Canis lupus	Metazoa
CHP05907	鼺鼠		lei shu	Petaurista petaurista	Metazoa
CHP05908	狸骨		li gu	Felis bengalensis	Metazoa
CHP05909	狸肉		li rou	Felis bengalensis	Metazoa
CHP05910	鲢鱼		lian yu	Hypophthalmichthys molitrix	Metazoa
CHP05911	灵猫肉		ling mao rou	Viverra zibetha	Metazoa
CHP05912	灵猫香		ling mao xiang	Civet	Metazoa
CHP05913	羚羊角		ling yang jiao	Cornu Saigae Tataricae	Metazoa
CHP05914	龙涎香		long xian xiang	Ammbergris	Metazoa
CHP05915	蝼蛄		lou gu	mole cricket	Metazoa
CHP05916	蝼蛄虾		lou gu xia	Upogebia major	Metazoa
CHP05917	鸬鹚肉		lu ci rou	Phalacrocorax carbo	Metazoa
CHP05918	鹿骨		lu gu	Cervus elaphus	Metazoa
CHP05919	鹿角	鹿角霜|鹿角胶	lu jiao	Cornu Cervi	Metazoa
CHP05920	鹿筋		lu jin	Cervus elaphus	Metazoa
CHP05921	鹿皮		lu pi	Cervus elaphus	Metazoa
CHP05922	鹿茸		lu rong	Cornu Cervi Pantotrichum	Metazoa
CHP05923	鹿肉		lu rou	Cervus elaphus	Metazoa
CHP05924	鹿肾		lu shen	Cervus elaphus	Metazoa
CHP05925	鹿髓		lu sui	Cervus elaphus	Metazoa
CHP05926	鹿胎		lu tai	Cervus elaphus	Metazoa
CHP05927	鹿蹄肉		lu ti rou	Cervus elaphus	Metazoa
CHP05928	鹿头肉		lu tou rou	Cervus elaphus	Metazoa
CHP05929	鹿血		lu xue	Cervus elaphus	Metazoa
CHP05930	鹿靥		lu ye	Cervus elaphus	Metazoa
CHP05931	螺蛳		luo si	Sinotaia quadrata	Metazoa
CHP05932	驴阴茎	驴鞭	lv yin jing	Equus asinus	Metazoa
CHP05933	驴脂		lv zhi	Equus asinus	Metazoa
CHP05934	马宝		ma bao	Horse Bezoar	Metazoa
CHP05935	马齿		ma chi	Equus caballus	Metazoa
CHP05936	马骨		ma gu	Equus caballus	Metazoa
CHP05937	马鬃		ma zong	Equus caballus	Metazoa
CHP05938	马鬃蛇		ma zong she	Calotes versicolor	Metazoa
CHP05939	馒头蟹		man tou xie	Calappa philargius	Metazoa
CHP05940	鳗鲡		man li	Anguilla japonica	Metazoa
CHP05941	鳗鲡鱼		man li yu	Anguilla japonica	Metazoa
CHP05942	鳗鲡鱼膏		man li yu gao	Anguilla japonica	Metazoa
CHP05943	鳗鲡鱼骨		man li yu gu	Anguilla japonica	Metazoa
CHP05944	鳗鲡鱼血		man li yu xue	Anguilla japonica	Metazoa
CHP05945	猫肉		mao rou	Felis catus	Metazoa
CHP05946	猫头		mao tou	Felis catus	Metazoa
CHP05947	猫头鹰		mao tou ying	Bubo bubo	Metazoa
CHP05948	牦牛角		mao niu jiao	Bos grunniens	Metazoa
CHP05949	虻虫		meng chong	Gadfly	Metazoa
CHP05950	麋骨		mi gu	Elaphurus davidianus	Metazoa
CHP05951	麋角		mi jiao	Elaphurus davidianus	Metazoa
CHP05952	麋茸		mi rong	Elaphurus davidianus	Metazoa
CHP05953	麋肉		mi rou	Elaphurus davidianus	Metazoa
CHP05954	麋脂		mi zhi	Elaphurus davidianus	Metazoa
CHP05955	蜜蜡		mi la	Apis cerana	Metazoa
CHP05956	牡狗阴茎	狗鞭	mu gou yin jing	Canis lupus	Metazoa
CHP05957	牡蛎	牡砺	mu li	Oyster	Metazoa
CHP05958	牡鼠粪		mu shu fen	Rattus norvegicus	Metazoa
CHP05959	泥鳅		ni qiu	Misgurnus anguillicaudatus	Metazoa
CHP05960	泥鳅滑液		ni qiu hua ye	Misgurnus anguillicaudatus	Metazoa
CHP05961	牛胆汁		niu dan zhi	Bubalus bubalis	Metazoa
CHP05962	牛黄	天然牛黄	niu huang	Cow-bezoar	Metazoa
CHP05963	牛角腮		niu jiao sai	Bos taurus	Metazoa
CHP05964	牛肾		niu shen	Ox Kidney	Metazoa
CHP05965	牛蹄		niu ti	Bos taurus	Metazoa
CHP05966	牛蹄甲		niu ti jia	Bos taurus	Metazoa
CHP05967	牛靥		niu ye	Bos taurus	Metazoa
CHP05968	盘羊角	山羊角	pan yang jiao	Ovis ammon	Metazoa
CHP05969	狍茸		pao rong	Capreolus capreolus	Metazoa
CHP05970	脐带		qi dai	Homo sapiens	Metazoa
CHP05971	蛴螬		qi cao	Grub	Metazoa
CHP05972	蕲蛇	酒蕲蛇	qi she	Long-noded Pit Viper	Metazoa
CHP05973	蜣螂		qiang lang	dung beetle	Metazoa
CHP05974	青娘子		qing niang zi	Lytta caraganae	Metazoa
CHP05975	青蛙		qing wa	Rana nigromaculata	Metazoa
CHP05976	青蛙胆		qing wa dan	Rana nigromaculata	Metazoa
CHP05977	青蟹		qing xie	Scylla serrata	Metazoa
CHP05978	青鱼		qing yu	Mylopharyngodon piceus	Metazoa
CHP05979	青鱼胆		qing yu dan	Mylopharyngodon piceus	Metazoa
CHP05980	蜻蜓		qing ting	Anax parthenope	Metazoa
CHP05981	鸲鹆		qu yu	Acridotheres cristatellus	Metazoa
CHP05982	鸜雉		qu zhi	Syrmaticus reevesii	Metazoa
CHP05983	全蝎		quan xie	Scorpion	Metazoa
CHP05984	雀		que	Passer montanus	Metazoa
CHP05985	雀卵		que luan	Passer montanus	Metazoa
CHP05986	雀脑		que nao	Passer montanus	Metazoa
CHP05987	雀瓮		que weng	Cnidocampa flavescens	Metazoa
CHP05988	蚺蛇肉		ran she rou	Python molurus bivittatus	Metazoa
CHP05989	人工牛黄		ren gong niu huang	Artificial Bezoar	Metazoa
CHP05990	人乳汁		ren ru zhi	Homo sapiens	Metazoa
CHP05991	人指甲		ren zhi jia	Homo sapiens	Metazoa
CHP05992	人中白		ren zhong bai	Human urine sediment	Metazoa
CHP05993	桑螵蛸		sang piao shao	Ootheca Mantidis	Metazoa
CHP05994	山鸡		shan ji	Gallus gallus	Metazoa
CHP05995	山羊血		shan yang xue	Blood of sheep	Metazoa
CHP05996	珊瑚		shan hu	Corallium rubrum	Metazoa
CHP05997	鳝鱼皮		shan yu pi	Monopterus albus	Metazoa
CHP05998	鳝鱼血		shan yu xue	Monopterus albus	Metazoa
CHP05999	蛇胆	蛇胆汁|干蛇胆	she dan	Ptyas korros	Metazoa
CHP06000	蛇蜕		she tui	Snake Slough	Metazoa
CHP06001	麝香	毛麝香|人工麝香	she xiang	Moschus	Metazoa
CHP06002	石笔海胆		shi bi hai dan	Heterocentrotus mammillatus	Metazoa
CHP06003	石蚕		shi can	Phryganea japonica	Metazoa
CHP06004	石决明		shi jue ming	Sea-ear Shell	Metazoa
CHP06005	石蛇		shi she	Reishia clavigera	Metazoa
CHP06006	石首鱼		shi shou yu	Pseudosciaena crocea	Metazoa
CHP06007	石首鱼鲞		shi shou yu xiang	Pseudosciaena crocea	Metazoa
CHP06008	石燕		shi yan	Spriferida Fossil	Metazoa
CHP06009	鼠		shu	Rattus norvegicus	Metazoa
CHP06010	鼠胆		shu dan	Rattus norvegicus	Metazoa
CHP06011	鼠妇		shu fu	Porcellio scaber	Metazoa
CHP06012	鼠皮		shu pi	Rattus norvegicus	Metazoa
CHP06013	水牛角		shui niu jiao	Cornu Bubali	Metazoa
CHP06014	水牛皮		shui niu pi	Bubalus bubalis	Metazoa
CHP06015	水蛭	制水蛭	shui zhi	Hirudo	Metazoa
CHP06016	酥油		su you	Bos taurus	Metazoa
CHP06017	獭胆		ta dan	Lutra lutra	Metazoa
CHP06018	獭肝		ta gan	Lutra lutra	Metazoa
CHP06019	獭骨		ta gu	Lutra lutra	Metazoa
CHP06020	獭皮毛		ta pi mao	Lutra lutra	Metazoa
CHP06021	獭肉		ta rou	Lutra lutra	Metazoa
CHP06022	獭四足		ta si zu	Lutra lutra	Metazoa
CHP06023	太阳海星		tai yang hai xing	Solaster dawsoni	Metazoa
CHP06024	体外培育牛黄		ti wai pei yu niu huang	Bos taurus	Metazoa
CHP06025	天鹅毛		tian e mao	Cygnus cygnus	Metazoa
CHP06026	田螺壳		tian luo ke	Cipangopaludina chinensis	Metazoa
CHP06027	田螺厣		tian luo yan	Cipangopaludina chinensis	Metazoa
CHP06028	突厥雀		tu jue que	Syrrhaptes paradoxus	Metazoa
CHP06029	土鳖虫	士鳖虫|土鳖|䗪虫	tu bie chong	Cockroach;Eupolyphaga sinensis	Metazoa
CHP06030	瓦楞子		wa leng zi	Concha Arcae	Metazoa
CHP06031	乌龟		wu gui	Mauremys reevesii	Metazoa
CHP06032	乌鸡	乌骨鸡	wu ji	Black Chicken	Metazoa
CHP06033	乌梢蛇	酒乌梢蛇	wu shao she	Black-tail Snake	Metazoa
CHP06034	乌蛇胆		wu she dan	Zaocys dhumnades	Metazoa
CHP06035	蜈蚣	地蜈蚣	wu gong	Scolopendra	Metazoa
CHP06036	五倍子		wu bei zi	Galla Chinensis	Metazoa
CHP06037	五灵脂	醋五灵脂	wu ling zhi	Trogopterus dung	Metazoa
CHP06038	犀角		xi jiao	Cornu Rhinocerotis	Metazoa
CHP06039	象胆		xiang dan	Elephant Gall	Metazoa
CHP06040	象骨		xiang gu	Elephant Bone	Metazoa
CHP06041	象皮		xiang pi	Elephas maximus	Metazoa
CHP06042	象肉		xiang rou	Elephant Meat	Metazoa
CHP06043	小白鱼		xiao bai yu	Culter alburnus	Metazoa
CHP06044	蟹	方蟹	xie	Eriocheir sinensis	Metazoa
CHP06045	蟹壳		xie ke	Mitten Crab Chelae	Metazoa
CHP06046	蟹爪		xie zhao	Eriocheir sinensis	Metazoa
CHP06047	熊胆	熊胆粉	xiong dan	Bear Gall; Ursus arctos Linnaeus and Selenarctos thibetanus	Metazoa
CHP06048	雪猪骨		xue zhu gu	Marmota caudata	Metazoa
CHP06049	鳕鱼鳔		xue yu biao	Gadus macrocephalus	Metazoa
CHP06050	血余	血余炭|人发	xue yu	Human Hair	Metazoa
CHP06051	眼镜蛇		yan jing she	Naja naja	Metazoa
CHP06052	羊脬		yang pao	Ovis aries	Metazoa
CHP06053	羊乳		yang ru	Goat Milk	Metazoa
CHP06054	羊蹄肉		yang ti rou	Ovis aries	Metazoa
CHP06055	羊外肾		yang wai shen	Sheep testis	Metazoa
CHP06056	夜明砂		ye ming sha	Faeces Vespertilionis	Metazoa
CHP06057	鮧鱼鳔		ti yu biao	Silurus asotus	Metazoa
CHP06058	鳙鱼		yong yu	Hypophthalmichthys nobilis	Metazoa
CHP06059	鱼鳔		yu biao	Pseudosciaena crocea	Metazoa
CHP06060	原蚕沙	蚕砂|蚕沙	yuan can sha	Silkworm Feculae	Metazoa
CHP06061	原羚角		yuan ling jiao	Procapra przewalskii	Metazoa
CHP06062	獐骨		zhang gu	Hydropotes inermis	Metazoa
CHP06063	獐肉		zhang rou	Hydropotes inermis	Metazoa
CHP06064	獐髓		zhang sui	Hydropotes inermis	Metazoa
CHP06065	珍珠母		zhen zhu mu	Concha Margaritiferae Usta	Metazoa
CHP06066	蜘蛛蜕壳		zhi zhu tui ke	Araneus ventricosus	Metazoa
CHP06067	雉	野鸡头|雉肝|野鸡肉	zhi	Phasianus colchicus	Metazoa
CHP06068	雉脑		zhi nao	Phasianus colchicus	Metazoa
CHP06069	猪胆粉		zhu dan fen	Sus scrofa	Metazoa
CHP06070	猪胆汁		zhu dan zhi	Sus scrofa domestica	Metazoa
CHP06071	竹蜂		zhu feng	Xylocopa nasalis	Metazoa
CHP06072	紫贝		zi bei	Mauritia arabica	Metazoa
CHP06073	紫河车		zi he che	Human Placenta	Metazoa
CHP06074	紫梢花		zi shao hua	Spongilla fragilis	Metazoa
CHP06075	阿魏侧耳		a wei ce er	Pleurotus ferulae	Fungi
CHP06076	白鹤菌		bai he jun	Trametes orientalis	Fungi
CHP06077	白蘑		bai mo	Collybia mongolica	Fungi
CHP06078	白乳菇		bai ru gu	Lactifluus piperatus	Fungi
CHP06079	白石花		bai shi hua	Parmotrema tinctorum	Fungi
CHP06080	豹皮菇		bao pi gu	Pardleather-like Mushroom	Fungi
CHP06081	变色红菇		bian se hong gu	Russula integra	Fungi
CHP06082	柄马勃		bing ma bo	Podaxis pistillaris	Fungi
CHP06083	藏红曲		cang hong qu	Monascus purpureus	Fungi
CHP06084	草菇		cao gu	Straw Mushroom	Fungi
CHP06085	侧耳		ce er	Pleurotus ostreatus	Fungi
CHP06086	蝉花		chan hua	Cordyceps cicadae	Fungi
CHP06087	橙耳		cheng er	Tremella cinnabarina	Fungi
CHP06088	赤茯苓		chi fu ling	Poria Rubra	Fungi
CHP06089	冬虫夏草	虫草|人工虫草	dong chong xia cao	Chinese Caterpillar Fungus	Fungi
CHP06090	茯苓	川苓|茯芩	fu ling	Indian Bread	Fungi
CHP06091	茯苓皮		fu ling pi	Cutis Poriae	Fungi
CHP06092	茯神		fu shen	Sclerotium Poriae Pararadicis	Fungi
CHP06093	茯神木		fu shen mu	Poria cocos	Fungi
CHP06094	革耳		ge er	Panus rudis	Fungi
CHP06095	革质红菇		ge zhi hong gu	Russula alutacea	Fungi
CHP06096	鬼盖		gui gai	Coprinus Sporophore	Fungi
CHP06097	黑乳菇		hei ru gu	Lactarius picinus	Fungi
CHP06098	黑穗石蕊		hei sui shi rui	Cladonia amaurocraea	Fungi
CHP06099	红曲		hong qu	Red Yeast Rice	Fungi
CHP06100	猴头菇	猴头菌	hou tou gu	Mushroom	Fungi
CHP06101	花松萝		hua song luo	Usnea florida	Fungi
CHP06102	槐耳		huai er	Vanderbylia robiniophila	Fungi
CHP06103	黄蘑菇		huang mo gu	Pulveroboletus ravenelii	Fungi
CHP06104	黄木耳		huang mu er	Naematelia aurantia	Fungi
CHP06105	灰锤	柄灰包	hui chui	Schizostoma laceratum	Fungi
CHP06106	鸡腿蘑		ji tui mo	Coprinus comatus	Fungi
CHP06107	金顶蘑		jin ding mo	Pleurotus citrinopileatus	Fungi
CHP06108	金腰带		jin yao dai	Lethariella zahlbruckneri	Fungi
CHP06109	空柄假牛肝		kong bing jia niu gan	Boletinus cavipes	Fungi
CHP06110	雷丸		lei wan	Omphalia	Fungi
CHP06111	灵芝	紫芝	ling zhi	Lucid Ganoderma	Fungi
CHP06112	灵芝草		ling zhi cao	Ganoderma lucidum	Fungi
CHP06113	马勃		ma bo	Puff-ball	Fungi
CHP06114	毛木耳		mao mu er	Auricularia polytricha	Fungi
CHP06115	美味牛肝		mei wei niu gan	Boletus edulis	Fungi
CHP06116	蜜环菌	榛蘑|蜜环菌粉|蜜环菌发酵培养物	mi huan jun	Armillary Mushroom	Fungi
CHP06117	蘑菇		mo gu	Mushroom	Fungi
CHP06118	木耳	杨栌耳|黑木耳	mu er	Auricularia	Fungi
CHP06119	木蹄		mu ti	Phellinus igniarius	Fungi
CHP06120	绒白乳菇		rong bai ru gu	Fleecy Milk-cap	Fungi
CHP06121	桑耳	银耳|银耳菌	sang er	Tremella fuciformis	Fungi
CHP06122	桑黄		sang huang	Phellinus igniarius	Fungi
CHP06123	山蟹		shan xie	Geastrum hygrometricum	Fungi
CHP06124	神曲	建曲|白曲|六神曲	shen qu	Massa Medicata Fermentata	Fungi
CHP06125	石花		shi hua	Parmelia Lichen	Fungi
CHP06126	树花		shu hua	Schizophyllum commune	Fungi
CHP06127	树舌		shu she	Tongue-on-tree	Fungi
CHP06128	松萝		song luo	Long Usnea Filament Equivalent plant: Usnea diffracta	Fungi
CHP06129	松蕈		song xun	Pine Mushroom	Fungi
CHP06130	太白花		tai bai hua	Stellate Cladonia	Fungi
CHP06131	香蕈	香菇	xiang xun	Lentinus Edodes	Fungi
CHP06132	野蘑菇		ye mo gu	Agaricus arvensis	Fungi
CHP06133	蛹虫草		yong chong cao	Scarlet Caterpillar Fung us Equivalent plant: REN GONG YONG CHONG CAO	Fungi
CHP06134	云芝		yun zhi	Coriolus versicolor	Fungi
CHP06135	杂蘑		za mo	Marasmius oreades	Fungi
CHP06136	猪苓		zhu ling	Polyporus grifolia, Umbellate pore-fungus	Fungi
CHP06137	竹黄		zhu huang	Shiraia bambusicola	Fungi
CHP06138	白垩		bai e	Chalk	Mineral
CHP06139	白石英		bai shi ying	Quartz	Mineral
CHP06140	白石脂		bai shi zhi	Halloysite	Mineral
CHP06141	百草霜		bai cao shuang	Ash (general term)	Mineral
CHP06142	扁青		bian qing	Azurite	Mineral
CHP06143	不灰木		bu hui mu	Lignum Rhodii (likely)	Mineral
CHP06144	赤石脂	煅赤石脂	chi shi zhi	Kaolinite	Mineral
CHP06145	磁石		ci shi	Magnetite	Mineral
CHP06146	大青盐	青盐	da qing yan	Halite	Mineral
CHP06147	胆矾		dan fan	Chalcanthite	Mineral
CHP06148	淡秋石		dan qiu shi	Actinolite	Mineral
CHP06149	地浆		di jiang	Litharge	Mineral
CHP06150	鹅管石		e guan shi	Aragonite	Mineral
CHP06151	矾石		fan shi	Alum	Mineral
CHP06152	方解石		fang jie shi	Calcite	Mineral
CHP06153	粉霜		fen shuang	Pulvis Talci	Mineral
CHP06154	浮石	海浮石	fu shi	Pumice	Mineral
CHP06155	寒水石		han shui shi	Glauberite	Mineral
CHP06156	红粉		hong fen	Red Lead	Mineral
CHP06157	琥珀		hu po	Amber	Mineral
CHP06158	花蕊石		hua rui shi	Ophicalcitum	Mineral
CHP06159	滑石	滑石粉	hua shi	Talc	Mineral
CHP06160	碱花		jian hua	Wild sweet william	Mineral
CHP06161	金箔		jin bo	Gold	Mineral
CHP06162	金精石		jin jing shi	Marcasite	Mineral
CHP06163	空青		kong qing	Lapis Lazuli	Mineral
CHP06164	枯矾		ku fan	Anhydrous Alum	Mineral
CHP06165	理石		li shi	Marble	Mineral
CHP06166	灵砂		ling sha	Cinnabaris	Mineral
CHP06167	硫磺	硫黄	liu huang	Sulfur	Mineral
CHP06168	龙齿		long chi	Fossilized Teeth	Mineral
CHP06169	龙角		long jiao	Fossilized Horn	Mineral
CHP06170	炉甘石		lu gan shi	Smithsonite	Mineral
CHP06171	绿矾		lv fan	Melanterite	Mineral
CHP06172	绿青		lv qing	Malachite	Mineral
CHP06173	玛瑙		ma nao	Agate	Mineral
CHP06174	芒硝		mang xiao	Natrii Sulfas	Mineral
CHP06175	明矾	黄矾|白矾	ming fan	Aluminum	Mineral
CHP06176	硇砂		nao sha	Sal Ammoniacum	Mineral
CHP06177	硼砂	白硵砂	peng sha	Borax	Mineral
CHP06178	砒石		pi shi	Arsenolite	Mineral
CHP06179	朴消		pu xiao	Natrium Sulfuricum	Mineral
CHP06180	铅丹		qian dan	Red Lead (Minium)	Mineral
CHP06181	铅粉		qian fen	Lead White (Hydrocerussite)	Mineral
CHP06182	铅灰	铅	qian hui	Lead Oxide	Mineral
CHP06183	铅霜		qian shuang	Lead Carbonate	Mineral
CHP06184	青礞石	煅青礞石	qing meng shi	Chlorite	Mineral
CHP06185	轻粉		qing fen	Calomel	Mineral
CHP06186	戎盐		rong yan	Sal Nitrum	Mineral
CHP06187	蛇含石		she han shi	Serpentinite	Mineral
CHP06188	升药		sheng yao	Alumen	Mineral
CHP06189	升药底		sheng yao di	Alumen Base	Mineral
CHP06190	石床		shi chuang	Saxum	Mineral
CHP06191	石膏	煅石膏|生石|甘石膏|石灰|生石膏|生石灰	shi gao	Gypsum	Mineral
CHP06192	石碱		shi jian	Natron	Mineral
CHP06193	食盐		shi yan	Sal	Mineral
CHP06194	铁浆	铁华粉	tie jiang	Ferrum Pulveratum	Mineral
CHP06195	咸秋石		xian qiu shi	Mirabilite	Mineral
CHP06196	硝石		xiao shi	Niter (Potassium Nitrate)	Mineral
CHP06197	雄黄		xiong huang	Realgar	Mineral
CHP06198	玄明粉		xuan ming fen	Epsomite (Epsom Salt)	Mineral
CHP06199	禹粮土	禹粮石|禹余粮	yu liang tu	Limonite	Mineral
CHP06200	皂矾	黑矾	zao fan	Copperas	Mineral
CHP06201	赭石	煅赭石|代赭石	zhe shi	Hematite	Mineral
CHP06202	珍珠		zhen zhu	Pearl	Mineral
CHP06203	钟乳石		zhong ru shi	Stalactite	Mineral
CHP06204	朱砂		zhu sha	Cinnabar	Mineral
CHP06205	紫硇砂	密陀僧|麦饭石	zi nao sha	Lithargyrum	Mineral
CHP06206	紫石英		zi shi ying	Amethyst	Mineral
CHP06207	自然铜	煅自然铜	zi ran tong	Native Copper	Mineral